"","X","group","subject","item","region","measure","sort","condition","skips","rawdata","nozero","ambiguity","continuation"
"1",21121,"Native",1,38,"wrap_up","rp","wrap_up rp",6,0,2394,2394,-0.5,-0.5
"2",21123,"Native",1,39,"wrap_up","rp","wrap_up rp",7,0,3946,3946,0.5,0.5
"3",21125,"Native",1,26,"wrap_up","rp","wrap_up rp",6,0,503,503,-0.5,-0.5
"4",21127,"Native",1,34,"wrap_up","rp","wrap_up rp",6,0,1627,1627,-0.5,-0.5
"5",21129,"Native",1,46,"wrap_up","rp","wrap_up rp",6,0,5696,5696,-0.5,-0.5
"6",21131,"Native",1,29,"wrap_up","rp","wrap_up rp",5,0,424,424,0.5,-0.5
"7",21133,"Native",1,36,"wrap_up","rp","wrap_up rp",8,0,10098,10098,-0.5,0.5
"8",21135,"Native",1,30,"wrap_up","rp","wrap_up rp",6,0,542,542,-0.5,-0.5
"9",21137,"Native",1,40,"wrap_up","rp","wrap_up rp",8,0,2030,2030,-0.5,0.5
"10",21139,"Native",1,33,"wrap_up","rp","wrap_up rp",5,0,2761,2761,0.5,-0.5
"11",21141,"Native",1,43,"wrap_up","rp","wrap_up rp",7,0,897,897,0.5,0.5
"12",21143,"Native",1,28,"wrap_up","rp","wrap_up rp",8,0,2465,2465,-0.5,0.5
"13",21145,"Native",1,31,"wrap_up","rp","wrap_up rp",7,0,403,403,0.5,0.5
"14",21147,"Native",1,45,"wrap_up","rp","wrap_up rp",5,0,644,644,0.5,-0.5
"15",21149,"Native",1,25,"wrap_up","rp","wrap_up rp",5,0,2355,2355,0.5,-0.5
"16",21151,"Native",1,41,"wrap_up","rp","wrap_up rp",5,0,7144,7144,0.5,-0.5
"17",21153,"Native",1,42,"wrap_up","rp","wrap_up rp",6,0,219,219,-0.5,-0.5
"18",21155,"Native",1,37,"wrap_up","rp","wrap_up rp",5,0,3480,3480,0.5,-0.5
"19",21157,"Native",1,32,"wrap_up","rp","wrap_up rp",8,0,323,323,-0.5,0.5
"20",21159,"Native",1,48,"wrap_up","rp","wrap_up rp",8,0,1784,1784,-0.5,0.5
"21",21161,"Native",1,47,"wrap_up","rp","wrap_up rp",7,0,419,419,0.5,0.5
"22",21163,"Native",1,44,"wrap_up","rp","wrap_up rp",8,0,2000,2000,-0.5,0.5
"23",21165,"Native",1,27,"wrap_up","rp","wrap_up rp",7,0,5651,5651,0.5,0.5
"24",21167,"Native",1,35,"wrap_up","rp","wrap_up rp",7,1,0,NA,0.5,0.5
"25",21169,"Native",2,46,"wrap_up","rp","wrap_up rp",7,1,0,NA,0.5,0.5
"26",21171,"Native",2,25,"wrap_up","rp","wrap_up rp",6,0,285,285,-0.5,-0.5
"27",21173,"Native",2,39,"wrap_up","rp","wrap_up rp",8,0,4549,4549,-0.5,0.5
"28",21175,"Native",2,38,"wrap_up","rp","wrap_up rp",7,1,0,NA,0.5,0.5
"29",21177,"Native",2,30,"wrap_up","rp","wrap_up rp",7,0,695,695,0.5,0.5
"30",21179,"Native",2,27,"wrap_up","rp","wrap_up rp",8,0,9085,9085,-0.5,0.5
"31",21181,"Native",2,29,"wrap_up","rp","wrap_up rp",6,0,6373,6373,-0.5,-0.5
"32",21183,"Native",2,33,"wrap_up","rp","wrap_up rp",6,1,0,NA,-0.5,-0.5
"33",21185,"Native",2,32,"wrap_up","rp","wrap_up rp",5,0,128,128,0.5,-0.5
"34",21187,"Native",2,43,"wrap_up","rp","wrap_up rp",8,0,2030,2030,-0.5,0.5
"35",21189,"Native",2,45,"wrap_up","rp","wrap_up rp",6,1,0,NA,-0.5,-0.5
"36",21191,"Native",2,48,"wrap_up","rp","wrap_up rp",5,0,323,323,0.5,-0.5
"37",21193,"Native",2,47,"wrap_up","rp","wrap_up rp",8,0,422,422,-0.5,0.5
"38",21195,"Native",2,31,"wrap_up","rp","wrap_up rp",8,1,0,NA,-0.5,0.5
"39",21197,"Native",2,26,"wrap_up","rp","wrap_up rp",7,0,112,112,0.5,0.5
"40",21199,"Native",2,42,"wrap_up","rp","wrap_up rp",7,0,97,97,0.5,0.5
"41",21201,"Native",2,36,"wrap_up","rp","wrap_up rp",5,0,677,677,0.5,-0.5
"42",21203,"Native",2,35,"wrap_up","rp","wrap_up rp",8,1,0,NA,-0.5,0.5
"43",21205,"Native",2,44,"wrap_up","rp","wrap_up rp",5,0,320,320,0.5,-0.5
"44",21207,"Native",2,41,"wrap_up","rp","wrap_up rp",6,0,1977,1977,-0.5,-0.5
"45",21209,"Native",2,37,"wrap_up","rp","wrap_up rp",6,0,1790,1790,-0.5,-0.5
"46",21211,"Native",2,40,"wrap_up","rp","wrap_up rp",5,0,421,421,0.5,-0.5
"47",21213,"Native",2,28,"wrap_up","rp","wrap_up rp",5,0,414,414,0.5,-0.5
"48",21215,"Native",2,34,"wrap_up","rp","wrap_up rp",7,1,0,NA,0.5,0.5
"49",21218,"Native",3,34,"wrap_up","rp","wrap_up rp",8,0,3847,3847,-0.5,0.5
"50",21220,"Native",3,30,"wrap_up","rp","wrap_up rp",8,0,8973,8973,-0.5,0.5
"51",21222,"Native",3,38,"wrap_up","rp","wrap_up rp",8,0,7568,7568,-0.5,0.5
"52",21224,"Native",3,43,"wrap_up","rp","wrap_up rp",5,0,8277,8277,0.5,-0.5
"53",21226,"Native",3,47,"wrap_up","rp","wrap_up rp",5,0,8565,8565,0.5,-0.5
"54",21228,"Native",3,25,"wrap_up","rp","wrap_up rp",7,0,8299,8299,0.5,0.5
"55",21230,"Native",3,37,"wrap_up","rp","wrap_up rp",7,0,2096,2096,0.5,0.5
"56",21232,"Native",3,40,"wrap_up","rp","wrap_up rp",6,0,6768,6768,-0.5,-0.5
"57",21234,"Native",3,42,"wrap_up","rp","wrap_up rp",8,0,2694,2694,-0.5,0.5
"58",21236,"Native",3,33,"wrap_up","rp","wrap_up rp",7,0,3210,3210,0.5,0.5
"59",21238,"Native",3,39,"wrap_up","rp","wrap_up rp",5,0,2013,2013,0.5,-0.5
"60",21240,"Native",3,41,"wrap_up","rp","wrap_up rp",7,0,2123,2123,0.5,0.5
"61",21242,"Native",3,27,"wrap_up","rp","wrap_up rp",5,0,1005,1005,0.5,-0.5
"62",21244,"Native",3,29,"wrap_up","rp","wrap_up rp",7,0,1985,1985,0.5,0.5
"63",21246,"Native",3,46,"wrap_up","rp","wrap_up rp",8,0,3325,3325,-0.5,0.5
"64",21248,"Native",3,28,"wrap_up","rp","wrap_up rp",6,0,1432,1432,-0.5,-0.5
"65",21250,"Native",3,35,"wrap_up","rp","wrap_up rp",5,0,1131,1131,0.5,-0.5
"66",21252,"Native",3,45,"wrap_up","rp","wrap_up rp",7,0,1832,1832,0.5,0.5
"67",21254,"Native",3,32,"wrap_up","rp","wrap_up rp",6,0,3081,3081,-0.5,-0.5
"68",21256,"Native",3,26,"wrap_up","rp","wrap_up rp",8,0,3236,3236,-0.5,0.5
"69",21258,"Native",3,36,"wrap_up","rp","wrap_up rp",6,0,4013,4013,-0.5,-0.5
"70",21260,"Native",3,31,"wrap_up","rp","wrap_up rp",5,0,1183,1183,0.5,-0.5
"71",21262,"Native",3,48,"wrap_up","rp","wrap_up rp",6,0,3730,3730,-0.5,-0.5
"72",21264,"Native",3,44,"wrap_up","rp","wrap_up rp",6,0,1801,1801,-0.5,-0.5
"73",21266,"Native",4,43,"wrap_up","rp","wrap_up rp",6,0,1007,1007,-0.5,-0.5
"74",21268,"Native",4,33,"wrap_up","rp","wrap_up rp",8,0,334,334,-0.5,0.5
"75",21270,"Native",4,29,"wrap_up","rp","wrap_up rp",8,0,1297,1297,-0.5,0.5
"76",21272,"Native",4,41,"wrap_up","rp","wrap_up rp",8,0,1219,1219,-0.5,0.5
"77",21274,"Native",4,26,"wrap_up","rp","wrap_up rp",5,0,483,483,0.5,-0.5
"78",21276,"Native",4,28,"wrap_up","rp","wrap_up rp",7,0,464,464,0.5,0.5
"79",21278,"Native",4,25,"wrap_up","rp","wrap_up rp",8,0,799,799,-0.5,0.5
"80",21280,"Native",4,34,"wrap_up","rp","wrap_up rp",5,0,649,649,0.5,-0.5
"81",21282,"Native",4,38,"wrap_up","rp","wrap_up rp",5,0,149,149,0.5,-0.5
"82",21284,"Native",4,30,"wrap_up","rp","wrap_up rp",5,0,698,698,0.5,-0.5
"83",21286,"Native",4,48,"wrap_up","rp","wrap_up rp",7,0,324,324,0.5,0.5
"84",21288,"Native",4,27,"wrap_up","rp","wrap_up rp",6,0,796,796,-0.5,-0.5
"85",21290,"Native",4,35,"wrap_up","rp","wrap_up rp",6,0,742,742,-0.5,-0.5
"86",21292,"Native",4,45,"wrap_up","rp","wrap_up rp",8,0,202,202,-0.5,0.5
"87",21294,"Native",4,42,"wrap_up","rp","wrap_up rp",5,0,592,592,0.5,-0.5
"88",21296,"Native",4,47,"wrap_up","rp","wrap_up rp",6,0,253,253,-0.5,-0.5
"89",21298,"Native",4,39,"wrap_up","rp","wrap_up rp",6,0,185,185,-0.5,-0.5
"90",21300,"Native",4,44,"wrap_up","rp","wrap_up rp",7,0,923,923,0.5,0.5
"91",21302,"Native",4,32,"wrap_up","rp","wrap_up rp",7,0,324,324,0.5,0.5
"92",21304,"Native",4,37,"wrap_up","rp","wrap_up rp",8,0,385,385,-0.5,0.5
"93",21306,"Native",4,46,"wrap_up","rp","wrap_up rp",5,1,0,NA,0.5,-0.5
"94",21308,"Native",4,31,"wrap_up","rp","wrap_up rp",6,0,441,441,-0.5,-0.5
"95",21310,"Native",4,40,"wrap_up","rp","wrap_up rp",7,0,1153,1153,0.5,0.5
"96",21312,"Native",4,36,"wrap_up","rp","wrap_up rp",7,0,547,547,0.5,0.5
"97",21313,"Native",5,39,"wrap_up","rp","wrap_up rp",7,0,858,858,0.5,0.5
"98",21315,"Native",5,33,"wrap_up","rp","wrap_up rp",5,0,799,799,0.5,-0.5
"99",21317,"Native",5,30,"wrap_up","rp","wrap_up rp",6,0,213,213,-0.5,-0.5
"100",21319,"Native",5,46,"wrap_up","rp","wrap_up rp",6,0,391,391,-0.5,-0.5
"101",21321,"Native",5,25,"wrap_up","rp","wrap_up rp",5,0,370,370,0.5,-0.5
"102",21323,"Native",5,42,"wrap_up","rp","wrap_up rp",6,0,1662,1662,-0.5,-0.5
"103",21325,"Native",5,41,"wrap_up","rp","wrap_up rp",5,0,379,379,0.5,-0.5
"104",21327,"Native",5,36,"wrap_up","rp","wrap_up rp",8,0,1523,1523,-0.5,0.5
"105",21329,"Native",5,34,"wrap_up","rp","wrap_up rp",6,0,370,370,-0.5,-0.5
"106",21331,"Native",5,35,"wrap_up","rp","wrap_up rp",7,0,218,218,0.5,0.5
"107",21333,"Native",5,43,"wrap_up","rp","wrap_up rp",7,0,227,227,0.5,0.5
"108",21335,"Native",5,47,"wrap_up","rp","wrap_up rp",7,0,426,426,0.5,0.5
"109",21337,"Native",5,38,"wrap_up","rp","wrap_up rp",6,0,268,268,-0.5,-0.5
"110",21339,"Native",5,27,"wrap_up","rp","wrap_up rp",7,0,891,891,0.5,0.5
"111",21341,"Native",5,45,"wrap_up","rp","wrap_up rp",5,0,166,166,0.5,-0.5
"112",21343,"Native",5,37,"wrap_up","rp","wrap_up rp",5,0,209,209,0.5,-0.5
"113",21345,"Native",5,48,"wrap_up","rp","wrap_up rp",8,0,626,626,-0.5,0.5
"114",21347,"Native",5,44,"wrap_up","rp","wrap_up rp",8,0,788,788,-0.5,0.5
"115",21349,"Native",5,26,"wrap_up","rp","wrap_up rp",6,0,395,395,-0.5,-0.5
"116",21351,"Native",5,32,"wrap_up","rp","wrap_up rp",8,0,218,218,-0.5,0.5
"117",21353,"Native",5,28,"wrap_up","rp","wrap_up rp",8,0,133,133,-0.5,0.5
"118",21355,"Native",5,31,"wrap_up","rp","wrap_up rp",7,0,165,165,0.5,0.5
"119",21357,"Native",5,29,"wrap_up","rp","wrap_up rp",5,0,458,458,0.5,-0.5
"120",21359,"Native",5,40,"wrap_up","rp","wrap_up rp",8,0,223,223,-0.5,0.5
"121",21362,"Native",6,30,"wrap_up","rp","wrap_up rp",7,0,1037,1037,0.5,0.5
"122",21364,"Native",6,35,"wrap_up","rp","wrap_up rp",8,0,323,323,-0.5,0.5
"123",21366,"Native",6,43,"wrap_up","rp","wrap_up rp",8,0,489,489,-0.5,0.5
"124",21368,"Native",6,36,"wrap_up","rp","wrap_up rp",5,0,664,664,0.5,-0.5
"125",21370,"Native",6,32,"wrap_up","rp","wrap_up rp",5,1,0,NA,0.5,-0.5
"126",21372,"Native",6,37,"wrap_up","rp","wrap_up rp",6,0,705,705,-0.5,-0.5
"127",21374,"Native",6,47,"wrap_up","rp","wrap_up rp",8,0,676,676,-0.5,0.5
"128",21376,"Native",6,33,"wrap_up","rp","wrap_up rp",6,0,274,274,-0.5,-0.5
"129",21378,"Native",6,41,"wrap_up","rp","wrap_up rp",6,0,762,762,-0.5,-0.5
"130",21380,"Native",6,26,"wrap_up","rp","wrap_up rp",7,0,778,778,0.5,0.5
"131",21382,"Native",6,39,"wrap_up","rp","wrap_up rp",8,0,416,416,-0.5,0.5
"132",21384,"Native",6,38,"wrap_up","rp","wrap_up rp",7,1,0,NA,0.5,0.5
"133",21386,"Native",6,25,"wrap_up","rp","wrap_up rp",6,0,834,834,-0.5,-0.5
"134",21388,"Native",6,34,"wrap_up","rp","wrap_up rp",7,0,928,928,0.5,0.5
"135",21390,"Native",6,27,"wrap_up","rp","wrap_up rp",8,0,527,527,-0.5,0.5
"136",21392,"Native",6,48,"wrap_up","rp","wrap_up rp",5,0,280,280,0.5,-0.5
"137",21394,"Native",6,28,"wrap_up","rp","wrap_up rp",5,0,365,365,0.5,-0.5
"138",21396,"Native",6,31,"wrap_up","rp","wrap_up rp",8,0,381,381,-0.5,0.5
"139",21398,"Native",6,46,"wrap_up","rp","wrap_up rp",7,0,1140,1140,0.5,0.5
"140",21400,"Native",6,40,"wrap_up","rp","wrap_up rp",5,0,1374,1374,0.5,-0.5
"141",21402,"Native",6,42,"wrap_up","rp","wrap_up rp",7,0,245,245,0.5,0.5
"142",21404,"Native",6,45,"wrap_up","rp","wrap_up rp",6,0,325,325,-0.5,-0.5
"143",21406,"Native",6,44,"wrap_up","rp","wrap_up rp",5,0,358,358,0.5,-0.5
"144",21408,"Native",6,29,"wrap_up","rp","wrap_up rp",6,0,239,239,-0.5,-0.5
"145",21409,"Native",7,44,"wrap_up","rp","wrap_up rp",6,0,6869,6869,-0.5,-0.5
"146",21411,"Native",7,35,"wrap_up","rp","wrap_up rp",5,0,19477,19477,0.5,-0.5
"147",21413,"Native",7,26,"wrap_up","rp","wrap_up rp",8,0,19364,19364,-0.5,0.5
"148",21415,"Native",7,38,"wrap_up","rp","wrap_up rp",8,0,9577,9577,-0.5,0.5
"149",21417,"Native",7,28,"wrap_up","rp","wrap_up rp",6,0,1504,1504,-0.5,-0.5
"150",21419,"Native",7,45,"wrap_up","rp","wrap_up rp",7,0,1725,1725,0.5,0.5
"151",21421,"Native",7,41,"wrap_up","rp","wrap_up rp",7,0,375,375,0.5,0.5
"152",21423,"Native",7,43,"wrap_up","rp","wrap_up rp",5,0,10163,10163,0.5,-0.5
"153",21425,"Native",7,27,"wrap_up","rp","wrap_up rp",5,0,2233,2233,0.5,-0.5
"154",21427,"Native",7,32,"wrap_up","rp","wrap_up rp",6,0,16171,16171,-0.5,-0.5
"155",21429,"Native",7,47,"wrap_up","rp","wrap_up rp",5,0,6354,6354,0.5,-0.5
"156",21431,"Native",7,42,"wrap_up","rp","wrap_up rp",8,0,3678,3678,-0.5,0.5
"157",21433,"Native",7,29,"wrap_up","rp","wrap_up rp",7,0,2507,2507,0.5,0.5
"158",21435,"Native",7,46,"wrap_up","rp","wrap_up rp",8,0,334,334,-0.5,0.5
"159",21437,"Native",7,36,"wrap_up","rp","wrap_up rp",6,0,9936,9936,-0.5,-0.5
"160",21439,"Native",7,39,"wrap_up","rp","wrap_up rp",5,0,5617,5617,0.5,-0.5
"161",21441,"Native",7,48,"wrap_up","rp","wrap_up rp",6,0,7998,7998,-0.5,-0.5
"162",21443,"Native",7,33,"wrap_up","rp","wrap_up rp",7,1,0,NA,0.5,0.5
"163",21445,"Native",7,34,"wrap_up","rp","wrap_up rp",8,0,574,574,-0.5,0.5
"164",21447,"Native",7,40,"wrap_up","rp","wrap_up rp",6,0,715,715,-0.5,-0.5
"165",21449,"Native",7,30,"wrap_up","rp","wrap_up rp",8,0,2885,2885,-0.5,0.5
"166",21451,"Native",7,25,"wrap_up","rp","wrap_up rp",7,0,8793,8793,0.5,0.5
"167",21453,"Native",7,31,"wrap_up","rp","wrap_up rp",5,0,523,523,0.5,-0.5
"168",21455,"Native",7,37,"wrap_up","rp","wrap_up rp",7,0,530,530,0.5,0.5
"169",21458,"Native",8,46,"wrap_up","rp","wrap_up rp",5,0,851,851,0.5,-0.5
"170",21460,"Native",8,41,"wrap_up","rp","wrap_up rp",8,0,1610,1610,-0.5,0.5
"171",21462,"Native",8,39,"wrap_up","rp","wrap_up rp",6,0,368,368,-0.5,-0.5
"172",21464,"Native",8,35,"wrap_up","rp","wrap_up rp",6,1,0,NA,-0.5,-0.5
"173",21466,"Native",8,26,"wrap_up","rp","wrap_up rp",5,0,852,852,0.5,-0.5
"174",21468,"Native",8,44,"wrap_up","rp","wrap_up rp",7,0,595,595,0.5,0.5
"175",21470,"Native",8,38,"wrap_up","rp","wrap_up rp",5,0,852,852,0.5,-0.5
"176",21472,"Native",8,28,"wrap_up","rp","wrap_up rp",7,0,448,448,0.5,0.5
"177",21474,"Native",8,34,"wrap_up","rp","wrap_up rp",5,0,634,634,0.5,-0.5
"178",21476,"Native",8,36,"wrap_up","rp","wrap_up rp",7,0,525,525,0.5,0.5
"179",21478,"Native",8,48,"wrap_up","rp","wrap_up rp",7,0,368,368,0.5,0.5
"180",21480,"Native",8,47,"wrap_up","rp","wrap_up rp",6,0,531,531,-0.5,-0.5
"181",21482,"Native",8,25,"wrap_up","rp","wrap_up rp",8,0,313,313,-0.5,0.5
"182",21484,"Native",8,43,"wrap_up","rp","wrap_up rp",6,0,300,300,-0.5,-0.5
"183",21486,"Native",8,42,"wrap_up","rp","wrap_up rp",5,1,0,NA,0.5,-0.5
"184",21488,"Native",8,31,"wrap_up","rp","wrap_up rp",6,0,213,213,-0.5,-0.5
"185",21490,"Native",8,32,"wrap_up","rp","wrap_up rp",7,0,459,459,0.5,0.5
"186",21492,"Native",8,33,"wrap_up","rp","wrap_up rp",8,0,200,200,-0.5,0.5
"187",21494,"Native",8,27,"wrap_up","rp","wrap_up rp",6,0,406,406,-0.5,-0.5
"188",21496,"Native",8,45,"wrap_up","rp","wrap_up rp",8,0,309,309,-0.5,0.5
"189",21498,"Native",8,30,"wrap_up","rp","wrap_up rp",5,0,301,301,0.5,-0.5
"190",21500,"Native",8,37,"wrap_up","rp","wrap_up rp",8,0,508,508,-0.5,0.5
"191",21502,"Native",8,29,"wrap_up","rp","wrap_up rp",8,0,737,737,-0.5,0.5
"192",21504,"Native",8,40,"wrap_up","rp","wrap_up rp",7,0,706,706,0.5,0.5
"193",21505,"Native",9,40,"wrap_up","rp","wrap_up rp",8,0,8672,8672,-0.5,0.5
"194",21507,"Native",9,37,"wrap_up","rp","wrap_up rp",5,0,1009,1009,0.5,-0.5
"195",21509,"Native",9,42,"wrap_up","rp","wrap_up rp",6,0,889,889,-0.5,-0.5
"196",21511,"Native",9,39,"wrap_up","rp","wrap_up rp",7,0,1819,1819,0.5,0.5
"197",21513,"Native",9,35,"wrap_up","rp","wrap_up rp",7,0,900,900,0.5,0.5
"198",21515,"Native",9,38,"wrap_up","rp","wrap_up rp",6,0,409,409,-0.5,-0.5
"199",21517,"Native",9,26,"wrap_up","rp","wrap_up rp",6,0,1246,1246,-0.5,-0.5
"200",21519,"Native",9,32,"wrap_up","rp","wrap_up rp",8,1,0,NA,-0.5,0.5
"201",21521,"Native",9,29,"wrap_up","rp","wrap_up rp",5,0,807,807,0.5,-0.5
"202",21523,"Native",9,47,"wrap_up","rp","wrap_up rp",7,0,5563,5563,0.5,0.5
"203",21525,"Native",9,36,"wrap_up","rp","wrap_up rp",8,0,1499,1499,-0.5,0.5
"204",21527,"Native",9,27,"wrap_up","rp","wrap_up rp",7,0,1392,1392,0.5,0.5
"205",21529,"Native",9,48,"wrap_up","rp","wrap_up rp",8,0,678,678,-0.5,0.5
"206",21531,"Native",9,28,"wrap_up","rp","wrap_up rp",8,0,512,512,-0.5,0.5
"207",21533,"Native",9,33,"wrap_up","rp","wrap_up rp",5,0,652,652,0.5,-0.5
"208",21535,"Native",9,31,"wrap_up","rp","wrap_up rp",7,0,1171,1171,0.5,0.5
"209",21537,"Native",9,43,"wrap_up","rp","wrap_up rp",7,0,721,721,0.5,0.5
"210",21539,"Native",9,44,"wrap_up","rp","wrap_up rp",8,0,961,961,-0.5,0.5
"211",21541,"Native",9,45,"wrap_up","rp","wrap_up rp",5,0,964,964,0.5,-0.5
"212",21543,"Native",9,46,"wrap_up","rp","wrap_up rp",6,0,105,105,-0.5,-0.5
"213",21545,"Native",9,30,"wrap_up","rp","wrap_up rp",6,0,1158,1158,-0.5,-0.5
"214",21547,"Native",9,25,"wrap_up","rp","wrap_up rp",5,0,649,649,0.5,-0.5
"215",21549,"Native",9,41,"wrap_up","rp","wrap_up rp",5,0,291,291,0.5,-0.5
"216",21551,"Native",9,34,"wrap_up","rp","wrap_up rp",6,0,2855,2855,-0.5,-0.5
"217",21553,"Native",10,40,"wrap_up","rp","wrap_up rp",5,0,586,586,0.5,-0.5
"218",21555,"Native",10,25,"wrap_up","rp","wrap_up rp",6,0,1114,1114,-0.5,-0.5
"219",21557,"Native",10,28,"wrap_up","rp","wrap_up rp",5,0,3214,3214,0.5,-0.5
"220",21559,"Native",10,29,"wrap_up","rp","wrap_up rp",6,0,1120,1120,-0.5,-0.5
"221",21561,"Native",10,47,"wrap_up","rp","wrap_up rp",8,0,2743,2743,-0.5,0.5
"222",21563,"Native",10,37,"wrap_up","rp","wrap_up rp",6,0,594,594,-0.5,-0.5
"223",21565,"Native",10,30,"wrap_up","rp","wrap_up rp",7,0,2012,2012,0.5,0.5
"224",21567,"Native",10,45,"wrap_up","rp","wrap_up rp",6,0,3632,3632,-0.5,-0.5
"225",21569,"Native",10,36,"wrap_up","rp","wrap_up rp",5,0,579,579,0.5,-0.5
"226",21571,"Native",10,26,"wrap_up","rp","wrap_up rp",7,1,0,NA,0.5,0.5
"227",21573,"Native",10,32,"wrap_up","rp","wrap_up rp",5,1,0,NA,0.5,-0.5
"228",21575,"Native",10,43,"wrap_up","rp","wrap_up rp",8,0,250,250,-0.5,0.5
"229",21577,"Native",10,33,"wrap_up","rp","wrap_up rp",6,0,720,720,-0.5,-0.5
"230",21579,"Native",10,31,"wrap_up","rp","wrap_up rp",8,0,2086,2086,-0.5,0.5
"231",21581,"Native",10,39,"wrap_up","rp","wrap_up rp",8,0,113,113,-0.5,0.5
"232",21583,"Native",10,42,"wrap_up","rp","wrap_up rp",7,0,2804,2804,0.5,0.5
"233",21585,"Native",10,48,"wrap_up","rp","wrap_up rp",5,0,325,325,0.5,-0.5
"234",21587,"Native",10,27,"wrap_up","rp","wrap_up rp",8,1,0,NA,-0.5,0.5
"235",21589,"Native",10,35,"wrap_up","rp","wrap_up rp",8,0,1878,1878,-0.5,0.5
"236",21591,"Native",10,46,"wrap_up","rp","wrap_up rp",7,0,3382,3382,0.5,0.5
"237",21593,"Native",10,38,"wrap_up","rp","wrap_up rp",7,0,86,86,0.5,0.5
"238",21595,"Native",10,34,"wrap_up","rp","wrap_up rp",7,1,0,NA,0.5,0.5
"239",21597,"Native",10,44,"wrap_up","rp","wrap_up rp",5,0,570,570,0.5,-0.5
"240",21599,"Native",10,41,"wrap_up","rp","wrap_up rp",6,1,0,NA,-0.5,-0.5
"241",21601,"Native",11,37,"wrap_up","rp","wrap_up rp",7,0,612,612,0.5,0.5
"242",21603,"Native",11,43,"wrap_up","rp","wrap_up rp",5,0,918,918,0.5,-0.5
"243",21605,"Native",11,34,"wrap_up","rp","wrap_up rp",8,0,5992,5992,-0.5,0.5
"244",21607,"Native",11,38,"wrap_up","rp","wrap_up rp",8,0,1518,1518,-0.5,0.5
"245",21609,"Native",11,26,"wrap_up","rp","wrap_up rp",8,0,922,922,-0.5,0.5
"246",21611,"Native",11,42,"wrap_up","rp","wrap_up rp",8,0,1128,1128,-0.5,0.5
"247",21613,"Native",11,46,"wrap_up","rp","wrap_up rp",8,0,3672,3672,-0.5,0.5
"248",21615,"Native",11,41,"wrap_up","rp","wrap_up rp",7,0,410,410,0.5,0.5
"249",21617,"Native",11,31,"wrap_up","rp","wrap_up rp",5,0,734,734,0.5,-0.5
"250",21619,"Native",11,45,"wrap_up","rp","wrap_up rp",7,0,418,418,0.5,0.5
"251",21621,"Native",11,35,"wrap_up","rp","wrap_up rp",5,1,0,NA,0.5,-0.5
"252",21623,"Native",11,32,"wrap_up","rp","wrap_up rp",6,1,0,NA,-0.5,-0.5
"253",21625,"Native",11,47,"wrap_up","rp","wrap_up rp",5,0,438,438,0.5,-0.5
"254",21627,"Native",11,36,"wrap_up","rp","wrap_up rp",6,0,1184,1184,-0.5,-0.5
"255",21629,"Native",11,25,"wrap_up","rp","wrap_up rp",7,0,832,832,0.5,0.5
"256",21631,"Native",11,30,"wrap_up","rp","wrap_up rp",8,0,278,278,-0.5,0.5
"257",21633,"Native",11,40,"wrap_up","rp","wrap_up rp",6,0,730,730,-0.5,-0.5
"258",21635,"Native",11,48,"wrap_up","rp","wrap_up rp",6,0,214,214,-0.5,-0.5
"259",21637,"Native",11,29,"wrap_up","rp","wrap_up rp",7,0,646,646,0.5,0.5
"260",21639,"Native",11,27,"wrap_up","rp","wrap_up rp",5,0,512,512,0.5,-0.5
"261",21641,"Native",11,33,"wrap_up","rp","wrap_up rp",7,0,168,168,0.5,0.5
"262",21643,"Native",11,39,"wrap_up","rp","wrap_up rp",5,0,648,648,0.5,-0.5
"263",21645,"Native",11,28,"wrap_up","rp","wrap_up rp",6,0,256,256,-0.5,-0.5
"264",21647,"Native",11,44,"wrap_up","rp","wrap_up rp",6,0,878,878,-0.5,-0.5
"265",21649,"Native",12,37,"wrap_up","rp","wrap_up rp",6,0,888,888,-0.5,-0.5
"266",21651,"Native",12,43,"wrap_up","rp","wrap_up rp",8,0,2487,2487,-0.5,0.5
"267",21653,"Native",12,25,"wrap_up","rp","wrap_up rp",6,0,911,911,-0.5,-0.5
"268",21655,"Native",12,26,"wrap_up","rp","wrap_up rp",7,1,0,NA,0.5,0.5
"269",21657,"Native",12,46,"wrap_up","rp","wrap_up rp",7,0,886,886,0.5,0.5
"270",21659,"Native",12,31,"wrap_up","rp","wrap_up rp",8,0,156,156,-0.5,0.5
"271",21661,"Native",12,39,"wrap_up","rp","wrap_up rp",8,0,759,759,-0.5,0.5
"272",21663,"Native",12,38,"wrap_up","rp","wrap_up rp",7,0,442,442,0.5,0.5
"273",21665,"Native",12,27,"wrap_up","rp","wrap_up rp",8,0,209,209,-0.5,0.5
"274",21667,"Native",12,41,"wrap_up","rp","wrap_up rp",6,0,226,226,-0.5,-0.5
"275",21669,"Native",12,29,"wrap_up","rp","wrap_up rp",6,0,399,399,-0.5,-0.5
"276",21671,"Native",12,35,"wrap_up","rp","wrap_up rp",8,1,0,NA,-0.5,0.5
"277",21673,"Native",12,40,"wrap_up","rp","wrap_up rp",5,0,272,272,0.5,-0.5
"278",21675,"Native",12,33,"wrap_up","rp","wrap_up rp",6,0,1085,1085,-0.5,-0.5
"279",21677,"Native",12,36,"wrap_up","rp","wrap_up rp",5,0,921,921,0.5,-0.5
"280",21679,"Native",12,47,"wrap_up","rp","wrap_up rp",8,0,3633,3633,-0.5,0.5
"281",21681,"Native",12,34,"wrap_up","rp","wrap_up rp",7,0,165,165,0.5,0.5
"282",21683,"Native",12,48,"wrap_up","rp","wrap_up rp",5,0,465,465,0.5,-0.5
"283",21685,"Native",12,32,"wrap_up","rp","wrap_up rp",5,0,257,257,0.5,-0.5
"284",21687,"Native",12,42,"wrap_up","rp","wrap_up rp",7,0,319,319,0.5,0.5
"285",21689,"Native",12,30,"wrap_up","rp","wrap_up rp",7,0,1563,1563,0.5,0.5
"286",21691,"Native",12,28,"wrap_up","rp","wrap_up rp",5,0,233,233,0.5,-0.5
"287",21693,"Native",12,44,"wrap_up","rp","wrap_up rp",5,0,1168,1168,0.5,-0.5
"288",21695,"Native",12,45,"wrap_up","rp","wrap_up rp",6,0,234,234,-0.5,-0.5
"289",21698,"Native",13,34,"wrap_up","rp","wrap_up rp",5,0,723,723,0.5,-0.5
"290",21700,"Native",13,27,"wrap_up","rp","wrap_up rp",6,0,1760,1760,-0.5,-0.5
"291",21702,"Native",13,39,"wrap_up","rp","wrap_up rp",6,1,0,NA,-0.5,-0.5
"292",21704,"Native",13,40,"wrap_up","rp","wrap_up rp",7,0,211,211,0.5,0.5
"293",21706,"Native",13,32,"wrap_up","rp","wrap_up rp",7,1,0,NA,0.5,0.5
"294",21708,"Native",13,46,"wrap_up","rp","wrap_up rp",5,1,0,NA,0.5,-0.5
"295",21710,"Native",13,41,"wrap_up","rp","wrap_up rp",8,0,899,899,-0.5,0.5
"296",21712,"Native",13,33,"wrap_up","rp","wrap_up rp",8,1,0,NA,-0.5,0.5
"297",21714,"Native",13,45,"wrap_up","rp","wrap_up rp",8,0,202,202,-0.5,0.5
"298",21716,"Native",13,36,"wrap_up","rp","wrap_up rp",7,0,544,544,0.5,0.5
"299",21718,"Native",13,43,"wrap_up","rp","wrap_up rp",6,1,0,NA,-0.5,-0.5
"300",21720,"Native",13,42,"wrap_up","rp","wrap_up rp",5,0,775,775,0.5,-0.5
"301",21722,"Native",13,37,"wrap_up","rp","wrap_up rp",8,0,2154,2154,-0.5,0.5
"302",21724,"Native",13,29,"wrap_up","rp","wrap_up rp",8,0,123,123,-0.5,0.5
"303",21726,"Native",13,48,"wrap_up","rp","wrap_up rp",7,0,602,602,0.5,0.5
"304",21728,"Native",13,44,"wrap_up","rp","wrap_up rp",7,0,5607,5607,0.5,0.5
"305",21730,"Native",13,47,"wrap_up","rp","wrap_up rp",6,0,167,167,-0.5,-0.5
"306",21732,"Native",13,35,"wrap_up","rp","wrap_up rp",6,1,0,NA,-0.5,-0.5
"307",21734,"Native",13,30,"wrap_up","rp","wrap_up rp",5,0,316,316,0.5,-0.5
"308",21736,"Native",13,26,"wrap_up","rp","wrap_up rp",5,0,1788,1788,0.5,-0.5
"309",21738,"Native",13,25,"wrap_up","rp","wrap_up rp",8,1,0,NA,-0.5,0.5
"310",21740,"Native",13,38,"wrap_up","rp","wrap_up rp",5,1,0,NA,0.5,-0.5
"311",21742,"Native",13,28,"wrap_up","rp","wrap_up rp",7,1,0,NA,0.5,0.5
"312",21744,"Native",13,31,"wrap_up","rp","wrap_up rp",6,1,0,NA,-0.5,-0.5
"313",21746,"Native",14,30,"wrap_up","rp","wrap_up rp",6,1,0,NA,-0.5,-0.5
"314",21748,"Native",14,35,"wrap_up","rp","wrap_up rp",7,0,4639,4639,0.5,0.5
"315",21750,"Native",14,29,"wrap_up","rp","wrap_up rp",5,0,7125,7125,0.5,-0.5
"316",21752,"Native",14,40,"wrap_up","rp","wrap_up rp",8,0,7771,7771,-0.5,0.5
"317",21754,"Native",14,44,"wrap_up","rp","wrap_up rp",8,0,5846,5846,-0.5,0.5
"318",21756,"Native",14,45,"wrap_up","rp","wrap_up rp",5,0,2575,2575,0.5,-0.5
"319",21758,"Native",14,25,"wrap_up","rp","wrap_up rp",5,0,519,519,0.5,-0.5
"320",21760,"Native",14,48,"wrap_up","rp","wrap_up rp",8,0,3116,3116,-0.5,0.5
"321",21762,"Native",14,46,"wrap_up","rp","wrap_up rp",6,0,1442,1442,-0.5,-0.5
"322",21764,"Native",14,33,"wrap_up","rp","wrap_up rp",5,0,592,592,0.5,-0.5
"323",21766,"Native",14,26,"wrap_up","rp","wrap_up rp",6,0,6192,6192,-0.5,-0.5
"324",21768,"Native",14,37,"wrap_up","rp","wrap_up rp",5,0,968,968,0.5,-0.5
"325",21770,"Native",14,38,"wrap_up","rp","wrap_up rp",6,0,809,809,-0.5,-0.5
"326",21772,"Native",14,34,"wrap_up","rp","wrap_up rp",6,0,2470,2470,-0.5,-0.5
"327",21774,"Native",14,43,"wrap_up","rp","wrap_up rp",7,0,1040,1040,0.5,0.5
"328",21776,"Native",14,32,"wrap_up","rp","wrap_up rp",8,0,3063,3063,-0.5,0.5
"329",21778,"Native",14,27,"wrap_up","rp","wrap_up rp",7,0,17753,17753,0.5,0.5
"330",21780,"Native",14,42,"wrap_up","rp","wrap_up rp",6,0,12161,12161,-0.5,-0.5
"331",21782,"Native",14,47,"wrap_up","rp","wrap_up rp",7,0,3380,3380,0.5,0.5
"332",21784,"Native",14,41,"wrap_up","rp","wrap_up rp",5,0,5741,5741,0.5,-0.5
"333",21786,"Native",14,28,"wrap_up","rp","wrap_up rp",8,0,7808,7808,-0.5,0.5
"334",21788,"Native",14,39,"wrap_up","rp","wrap_up rp",7,0,1920,1920,0.5,0.5
"335",21790,"Native",14,31,"wrap_up","rp","wrap_up rp",7,0,4435,4435,0.5,0.5
"336",21792,"Native",14,36,"wrap_up","rp","wrap_up rp",8,0,924,924,-0.5,0.5
"337",21793,"Native",15,27,"wrap_up","rp","wrap_up rp",8,0,1409,1409,-0.5,0.5
"338",21795,"Native",15,33,"wrap_up","rp","wrap_up rp",6,0,1704,1704,-0.5,-0.5
"339",21797,"Native",15,25,"wrap_up","rp","wrap_up rp",6,0,1140,1140,-0.5,-0.5
"340",21799,"Native",15,28,"wrap_up","rp","wrap_up rp",5,0,5193,5193,0.5,-0.5
"341",21801,"Native",15,31,"wrap_up","rp","wrap_up rp",8,0,5570,5570,-0.5,0.5
"342",21803,"Native",15,43,"wrap_up","rp","wrap_up rp",8,0,714,714,-0.5,0.5
"343",21805,"Native",15,35,"wrap_up","rp","wrap_up rp",8,0,5383,5383,-0.5,0.5
"344",21807,"Native",15,38,"wrap_up","rp","wrap_up rp",7,0,756,756,0.5,0.5
"345",21809,"Native",15,47,"wrap_up","rp","wrap_up rp",8,0,1457,1457,-0.5,0.5
"346",21811,"Native",15,34,"wrap_up","rp","wrap_up rp",7,0,4514,4514,0.5,0.5
"347",21813,"Native",15,42,"wrap_up","rp","wrap_up rp",7,0,676,676,0.5,0.5
"348",21815,"Native",15,39,"wrap_up","rp","wrap_up rp",8,0,2851,2851,-0.5,0.5
"349",21817,"Native",15,32,"wrap_up","rp","wrap_up rp",5,0,3101,3101,0.5,-0.5
"350",21819,"Native",15,30,"wrap_up","rp","wrap_up rp",7,0,190,190,0.5,0.5
"351",21821,"Native",15,48,"wrap_up","rp","wrap_up rp",5,0,551,551,0.5,-0.5
"352",21823,"Native",15,45,"wrap_up","rp","wrap_up rp",6,0,921,921,-0.5,-0.5
"353",21825,"Native",15,46,"wrap_up","rp","wrap_up rp",7,0,379,379,0.5,0.5
"354",21827,"Native",15,37,"wrap_up","rp","wrap_up rp",6,0,1313,1313,-0.5,-0.5
"355",21829,"Native",15,36,"wrap_up","rp","wrap_up rp",5,0,5234,5234,0.5,-0.5
"356",21831,"Native",15,29,"wrap_up","rp","wrap_up rp",6,0,571,571,-0.5,-0.5
"357",21833,"Native",15,40,"wrap_up","rp","wrap_up rp",5,1,0,NA,0.5,-0.5
"358",21835,"Native",15,44,"wrap_up","rp","wrap_up rp",5,0,1105,1105,0.5,-0.5
"359",21837,"Native",15,41,"wrap_up","rp","wrap_up rp",6,0,1786,1786,-0.5,-0.5
"360",21839,"Native",15,26,"wrap_up","rp","wrap_up rp",7,0,111,111,0.5,0.5
"361",21841,"Native",16,25,"wrap_up","rp","wrap_up rp",7,0,854,854,0.5,0.5
"362",21843,"Native",16,29,"wrap_up","rp","wrap_up rp",7,0,483,483,0.5,0.5
"363",21845,"Native",16,35,"wrap_up","rp","wrap_up rp",5,0,349,349,0.5,-0.5
"364",21847,"Native",16,32,"wrap_up","rp","wrap_up rp",6,0,2675,2675,-0.5,-0.5
"365",21849,"Native",16,47,"wrap_up","rp","wrap_up rp",5,0,2400,2400,0.5,-0.5
"366",21851,"Native",16,37,"wrap_up","rp","wrap_up rp",7,0,401,401,0.5,0.5
"367",21853,"Native",16,43,"wrap_up","rp","wrap_up rp",5,0,112,112,0.5,-0.5
"368",21855,"Native",16,28,"wrap_up","rp","wrap_up rp",6,0,242,242,-0.5,-0.5
"369",21857,"Native",16,39,"wrap_up","rp","wrap_up rp",5,1,0,NA,0.5,-0.5
"370",21859,"Native",16,30,"wrap_up","rp","wrap_up rp",8,0,175,175,-0.5,0.5
"371",21861,"Native",16,26,"wrap_up","rp","wrap_up rp",8,0,95,95,-0.5,0.5
"372",21863,"Native",16,27,"wrap_up","rp","wrap_up rp",5,0,1559,1559,0.5,-0.5
"373",21865,"Native",16,44,"wrap_up","rp","wrap_up rp",6,0,731,731,-0.5,-0.5
"374",21867,"Native",16,42,"wrap_up","rp","wrap_up rp",8,0,165,165,-0.5,0.5
"375",21869,"Native",16,33,"wrap_up","rp","wrap_up rp",7,0,458,458,0.5,0.5
"376",21871,"Native",16,45,"wrap_up","rp","wrap_up rp",7,0,149,149,0.5,0.5
"377",21873,"Native",16,48,"wrap_up","rp","wrap_up rp",6,0,2838,2838,-0.5,-0.5
"378",21875,"Native",16,46,"wrap_up","rp","wrap_up rp",8,1,0,NA,-0.5,0.5
"379",21877,"Native",16,31,"wrap_up","rp","wrap_up rp",5,0,464,464,0.5,-0.5
"380",21879,"Native",16,38,"wrap_up","rp","wrap_up rp",8,0,146,146,-0.5,0.5
"381",21881,"Native",16,40,"wrap_up","rp","wrap_up rp",6,1,0,NA,-0.5,-0.5
"382",21883,"Native",16,34,"wrap_up","rp","wrap_up rp",8,0,1085,1085,-0.5,0.5
"383",21885,"Native",16,41,"wrap_up","rp","wrap_up rp",7,0,278,278,0.5,0.5
"384",21887,"Native",16,36,"wrap_up","rp","wrap_up rp",6,0,1098,1098,-0.5,-0.5
"385",21889,"Native",17,35,"wrap_up","rp","wrap_up rp",6,0,223,223,-0.5,-0.5
"386",21891,"Native",17,44,"wrap_up","rp","wrap_up rp",7,0,754,754,0.5,0.5
"387",21893,"Native",17,45,"wrap_up","rp","wrap_up rp",8,0,315,315,-0.5,0.5
"388",21895,"Native",17,27,"wrap_up","rp","wrap_up rp",6,0,835,835,-0.5,-0.5
"389",21897,"Native",17,32,"wrap_up","rp","wrap_up rp",7,1,0,NA,0.5,0.5
"390",21899,"Native",17,31,"wrap_up","rp","wrap_up rp",6,0,766,766,-0.5,-0.5
"391",21901,"Native",17,43,"wrap_up","rp","wrap_up rp",6,0,425,425,-0.5,-0.5
"392",21903,"Native",17,25,"wrap_up","rp","wrap_up rp",8,0,595,595,-0.5,0.5
"393",21905,"Native",17,38,"wrap_up","rp","wrap_up rp",5,0,216,216,0.5,-0.5
"394",21907,"Native",17,46,"wrap_up","rp","wrap_up rp",5,0,197,197,0.5,-0.5
"395",21909,"Native",17,40,"wrap_up","rp","wrap_up rp",7,0,267,267,0.5,0.5
"396",21911,"Native",17,37,"wrap_up","rp","wrap_up rp",8,0,786,786,-0.5,0.5
"397",21913,"Native",17,41,"wrap_up","rp","wrap_up rp",8,0,751,751,-0.5,0.5
"398",21915,"Native",17,42,"wrap_up","rp","wrap_up rp",5,0,416,416,0.5,-0.5
"399",21917,"Native",17,30,"wrap_up","rp","wrap_up rp",5,0,1376,1376,0.5,-0.5
"400",21919,"Native",17,29,"wrap_up","rp","wrap_up rp",8,0,608,608,-0.5,0.5
"401",21921,"Native",17,28,"wrap_up","rp","wrap_up rp",7,0,2064,2064,0.5,0.5
"402",21923,"Native",17,33,"wrap_up","rp","wrap_up rp",8,0,438,438,-0.5,0.5
"403",21925,"Native",17,36,"wrap_up","rp","wrap_up rp",7,0,1312,1312,0.5,0.5
"404",21927,"Native",17,26,"wrap_up","rp","wrap_up rp",5,1,0,NA,0.5,-0.5
"405",21929,"Native",17,34,"wrap_up","rp","wrap_up rp",5,0,724,724,0.5,-0.5
"406",21931,"Native",17,47,"wrap_up","rp","wrap_up rp",6,0,1585,1585,-0.5,-0.5
"407",21933,"Native",17,48,"wrap_up","rp","wrap_up rp",7,0,627,627,0.5,0.5
"408",21935,"Native",17,39,"wrap_up","rp","wrap_up rp",6,0,638,638,-0.5,-0.5
"409",21938,"Native",18,36,"wrap_up","rp","wrap_up rp",8,0,2069,2069,-0.5,0.5
"410",21940,"Native",18,34,"wrap_up","rp","wrap_up rp",6,0,3293,3293,-0.5,-0.5
"411",21942,"Native",18,28,"wrap_up","rp","wrap_up rp",8,1,0,NA,-0.5,0.5
"412",21944,"Native",18,40,"wrap_up","rp","wrap_up rp",8,0,1853,1853,-0.5,0.5
"413",21946,"Native",18,33,"wrap_up","rp","wrap_up rp",5,0,1131,1131,0.5,-0.5
"414",21948,"Native",18,42,"wrap_up","rp","wrap_up rp",6,0,477,477,-0.5,-0.5
"415",21950,"Native",18,46,"wrap_up","rp","wrap_up rp",6,0,927,927,-0.5,-0.5
"416",21952,"Native",18,30,"wrap_up","rp","wrap_up rp",6,0,1338,1338,-0.5,-0.5
"417",21954,"Native",18,27,"wrap_up","rp","wrap_up rp",7,0,591,591,0.5,0.5
"418",21956,"Native",18,47,"wrap_up","rp","wrap_up rp",7,0,847,847,0.5,0.5
"419",21958,"Native",18,35,"wrap_up","rp","wrap_up rp",7,0,1773,1773,0.5,0.5
"420",21960,"Native",18,37,"wrap_up","rp","wrap_up rp",5,0,512,512,0.5,-0.5
"421",21962,"Native",18,25,"wrap_up","rp","wrap_up rp",5,0,568,568,0.5,-0.5
"422",21964,"Native",18,44,"wrap_up","rp","wrap_up rp",8,0,1864,1864,-0.5,0.5
"423",21966,"Native",18,39,"wrap_up","rp","wrap_up rp",7,0,2120,2120,0.5,0.5
"424",21968,"Native",18,41,"wrap_up","rp","wrap_up rp",5,0,743,743,0.5,-0.5
"425",21970,"Native",18,29,"wrap_up","rp","wrap_up rp",5,0,720,720,0.5,-0.5
"426",21972,"Native",18,32,"wrap_up","rp","wrap_up rp",8,0,7526,7526,-0.5,0.5
"427",21974,"Native",18,26,"wrap_up","rp","wrap_up rp",6,0,1353,1353,-0.5,-0.5
"428",21976,"Native",18,31,"wrap_up","rp","wrap_up rp",7,0,1820,1820,0.5,0.5
"429",21978,"Native",18,43,"wrap_up","rp","wrap_up rp",7,0,7199,7199,0.5,0.5
"430",21980,"Native",18,45,"wrap_up","rp","wrap_up rp",5,0,151,151,0.5,-0.5
"431",21982,"Native",18,38,"wrap_up","rp","wrap_up rp",6,0,106,106,-0.5,-0.5
"432",21984,"Native",18,48,"wrap_up","rp","wrap_up rp",8,0,480,480,-0.5,0.5
"433",21986,"Native",19,26,"wrap_up","rp","wrap_up rp",7,0,4566,4566,0.5,0.5
"434",21988,"Native",19,27,"wrap_up","rp","wrap_up rp",8,0,10091,10091,-0.5,0.5
"435",21990,"Native",19,43,"wrap_up","rp","wrap_up rp",8,0,6572,6572,-0.5,0.5
"436",21992,"Native",19,40,"wrap_up","rp","wrap_up rp",5,0,1160,1160,0.5,-0.5
"437",21994,"Native",19,48,"wrap_up","rp","wrap_up rp",5,0,6673,6673,0.5,-0.5
"438",21996,"Native",19,38,"wrap_up","rp","wrap_up rp",7,1,0,NA,0.5,0.5
"439",21998,"Native",19,28,"wrap_up","rp","wrap_up rp",5,1,0,NA,0.5,-0.5
"440",22000,"Native",19,31,"wrap_up","rp","wrap_up rp",8,0,407,407,-0.5,0.5
"441",22002,"Native",19,37,"wrap_up","rp","wrap_up rp",6,0,4370,4370,-0.5,-0.5
"442",22004,"Native",19,30,"wrap_up","rp","wrap_up rp",7,0,4281,4281,0.5,0.5
"443",22006,"Native",19,44,"wrap_up","rp","wrap_up rp",5,0,2904,2904,0.5,-0.5
"444",22008,"Native",19,32,"wrap_up","rp","wrap_up rp",5,0,654,654,0.5,-0.5
"445",22010,"Native",19,42,"wrap_up","rp","wrap_up rp",7,0,2025,2025,0.5,0.5
"446",22012,"Native",19,46,"wrap_up","rp","wrap_up rp",7,0,2530,2530,0.5,0.5
"447",22014,"Native",19,34,"wrap_up","rp","wrap_up rp",7,0,3726,3726,0.5,0.5
"448",22016,"Native",19,39,"wrap_up","rp","wrap_up rp",8,0,9932,9932,-0.5,0.5
"449",22018,"Native",19,36,"wrap_up","rp","wrap_up rp",5,0,5868,5868,0.5,-0.5
"450",22020,"Native",19,35,"wrap_up","rp","wrap_up rp",8,1,0,NA,-0.5,0.5
"451",22022,"Native",19,25,"wrap_up","rp","wrap_up rp",6,0,4390,4390,-0.5,-0.5
"452",22024,"Native",19,45,"wrap_up","rp","wrap_up rp",6,0,3665,3665,-0.5,-0.5
"453",22026,"Native",19,29,"wrap_up","rp","wrap_up rp",6,0,696,696,-0.5,-0.5
"454",22028,"Native",19,41,"wrap_up","rp","wrap_up rp",6,0,282,282,-0.5,-0.5
"455",22030,"Native",19,33,"wrap_up","rp","wrap_up rp",6,0,628,628,-0.5,-0.5
"456",22032,"Native",19,47,"wrap_up","rp","wrap_up rp",8,1,0,NA,-0.5,0.5
"457",22033,"Native",20,44,"wrap_up","rp","wrap_up rp",6,0,3124,3124,-0.5,-0.5
"458",22035,"Native",20,42,"wrap_up","rp","wrap_up rp",8,0,2149,2149,-0.5,0.5
"459",22037,"Native",20,34,"wrap_up","rp","wrap_up rp",8,0,4661,4661,-0.5,0.5
"460",22039,"Native",20,27,"wrap_up","rp","wrap_up rp",5,0,3260,3260,0.5,-0.5
"461",22041,"Native",20,32,"wrap_up","rp","wrap_up rp",6,0,941,941,-0.5,-0.5
"462",22043,"Native",20,37,"wrap_up","rp","wrap_up rp",7,0,1460,1460,0.5,0.5
"463",22045,"Native",20,36,"wrap_up","rp","wrap_up rp",6,0,1440,1440,-0.5,-0.5
"464",22047,"Native",20,40,"wrap_up","rp","wrap_up rp",6,0,1656,1656,-0.5,-0.5
"465",22049,"Native",20,30,"wrap_up","rp","wrap_up rp",8,0,537,537,-0.5,0.5
"466",22051,"Native",20,48,"wrap_up","rp","wrap_up rp",6,1,0,NA,-0.5,-0.5
"467",22053,"Native",20,45,"wrap_up","rp","wrap_up rp",7,0,2345,2345,0.5,0.5
"468",22055,"Native",20,28,"wrap_up","rp","wrap_up rp",6,0,595,595,-0.5,-0.5
"469",22057,"Native",20,47,"wrap_up","rp","wrap_up rp",5,0,4026,4026,0.5,-0.5
"470",22059,"Native",20,43,"wrap_up","rp","wrap_up rp",5,0,1510,1510,0.5,-0.5
"471",22061,"Native",20,33,"wrap_up","rp","wrap_up rp",7,0,3980,3980,0.5,0.5
"472",22063,"Native",20,41,"wrap_up","rp","wrap_up rp",7,0,1881,1881,0.5,0.5
"473",22065,"Native",20,46,"wrap_up","rp","wrap_up rp",8,0,130,130,-0.5,0.5
"474",22067,"Native",20,39,"wrap_up","rp","wrap_up rp",5,0,3375,3375,0.5,-0.5
"475",22069,"Native",20,35,"wrap_up","rp","wrap_up rp",5,1,0,NA,0.5,-0.5
"476",22071,"Native",20,31,"wrap_up","rp","wrap_up rp",5,0,432,432,0.5,-0.5
"477",22073,"Native",20,29,"wrap_up","rp","wrap_up rp",7,0,449,449,0.5,0.5
"478",22075,"Native",20,38,"wrap_up","rp","wrap_up rp",8,0,428,428,-0.5,0.5
"479",22077,"Native",20,26,"wrap_up","rp","wrap_up rp",8,0,5832,5832,-0.5,0.5
"480",22079,"Native",20,25,"wrap_up","rp","wrap_up rp",7,0,1382,1382,0.5,0.5
"481",22082,"Native",21,47,"wrap_up","rp","wrap_up rp",6,1,0,NA,-0.5,-0.5
"482",22084,"Native",21,33,"wrap_up","rp","wrap_up rp",8,0,1498,1498,-0.5,0.5
"483",22086,"Native",21,31,"wrap_up","rp","wrap_up rp",6,0,742,742,-0.5,-0.5
"484",22088,"Native",21,28,"wrap_up","rp","wrap_up rp",7,0,1494,1494,0.5,0.5
"485",22090,"Native",21,29,"wrap_up","rp","wrap_up rp",8,0,554,554,-0.5,0.5
"486",22092,"Native",21,26,"wrap_up","rp","wrap_up rp",5,0,2072,2072,0.5,-0.5
"487",22094,"Native",21,40,"wrap_up","rp","wrap_up rp",7,0,814,814,0.5,0.5
"488",22096,"Native",21,48,"wrap_up","rp","wrap_up rp",7,0,966,966,0.5,0.5
"489",22098,"Native",21,32,"wrap_up","rp","wrap_up rp",7,0,606,606,0.5,0.5
"490",22100,"Native",21,44,"wrap_up","rp","wrap_up rp",7,0,666,666,0.5,0.5
"491",22102,"Native",21,36,"wrap_up","rp","wrap_up rp",7,0,850,850,0.5,0.5
"492",22104,"Native",21,41,"wrap_up","rp","wrap_up rp",8,0,200,200,-0.5,0.5
"493",22106,"Native",21,34,"wrap_up","rp","wrap_up rp",5,0,90,90,0.5,-0.5
"494",22108,"Native",21,38,"wrap_up","rp","wrap_up rp",5,1,0,NA,0.5,-0.5
"495",22110,"Native",21,43,"wrap_up","rp","wrap_up rp",6,0,668,668,-0.5,-0.5
"496",22112,"Native",21,25,"wrap_up","rp","wrap_up rp",8,0,1042,1042,-0.5,0.5
"497",22114,"Native",21,37,"wrap_up","rp","wrap_up rp",8,0,1036,1036,-0.5,0.5
"498",22116,"Native",21,27,"wrap_up","rp","wrap_up rp",6,0,474,474,-0.5,-0.5
"499",22118,"Native",21,46,"wrap_up","rp","wrap_up rp",5,0,920,920,0.5,-0.5
"500",22120,"Native",21,42,"wrap_up","rp","wrap_up rp",5,0,486,486,0.5,-0.5
"501",22122,"Native",21,45,"wrap_up","rp","wrap_up rp",8,0,514,514,-0.5,0.5
"502",22124,"Native",21,35,"wrap_up","rp","wrap_up rp",6,0,154,154,-0.5,-0.5
"503",22126,"Native",21,39,"wrap_up","rp","wrap_up rp",6,0,314,314,-0.5,-0.5
"504",22128,"Native",21,30,"wrap_up","rp","wrap_up rp",5,0,1078,1078,0.5,-0.5
"505",22130,"Native",22,43,"wrap_up","rp","wrap_up rp",7,0,1694,1694,0.5,0.5
"506",22132,"Native",22,39,"wrap_up","rp","wrap_up rp",7,0,346,346,0.5,0.5
"507",22134,"Native",22,46,"wrap_up","rp","wrap_up rp",6,1,0,NA,-0.5,-0.5
"508",22136,"Native",22,48,"wrap_up","rp","wrap_up rp",8,0,84,84,-0.5,0.5
"509",22138,"Native",22,40,"wrap_up","rp","wrap_up rp",8,0,293,293,-0.5,0.5
"510",22140,"Native",22,42,"wrap_up","rp","wrap_up rp",6,0,242,242,-0.5,-0.5
"511",22142,"Native",22,25,"wrap_up","rp","wrap_up rp",5,0,191,191,0.5,-0.5
"512",22144,"Native",22,35,"wrap_up","rp","wrap_up rp",7,1,0,NA,0.5,0.5
"513",22146,"Native",22,29,"wrap_up","rp","wrap_up rp",5,1,0,NA,0.5,-0.5
"514",22148,"Native",22,37,"wrap_up","rp","wrap_up rp",5,0,2986,2986,0.5,-0.5
"515",22150,"Native",22,45,"wrap_up","rp","wrap_up rp",5,0,132,132,0.5,-0.5
"516",22152,"Native",22,41,"wrap_up","rp","wrap_up rp",5,1,0,NA,0.5,-0.5
"517",22154,"Native",22,26,"wrap_up","rp","wrap_up rp",6,0,184,184,-0.5,-0.5
"518",22156,"Native",22,32,"wrap_up","rp","wrap_up rp",8,0,244,244,-0.5,0.5
"519",22158,"Native",22,47,"wrap_up","rp","wrap_up rp",7,1,0,NA,0.5,0.5
"520",22160,"Native",22,27,"wrap_up","rp","wrap_up rp",7,0,1146,1146,0.5,0.5
"521",22162,"Native",22,44,"wrap_up","rp","wrap_up rp",8,1,0,NA,-0.5,0.5
"522",22164,"Native",22,28,"wrap_up","rp","wrap_up rp",8,1,0,NA,-0.5,0.5
"523",22166,"Native",22,30,"wrap_up","rp","wrap_up rp",6,0,1851,1851,-0.5,-0.5
"524",22168,"Native",22,34,"wrap_up","rp","wrap_up rp",6,0,100,100,-0.5,-0.5
"525",22170,"Native",22,36,"wrap_up","rp","wrap_up rp",8,0,252,252,-0.5,0.5
"526",22172,"Native",22,31,"wrap_up","rp","wrap_up rp",7,1,0,NA,0.5,0.5
"527",22174,"Native",22,33,"wrap_up","rp","wrap_up rp",5,0,141,141,0.5,-0.5
"528",22176,"Native",22,38,"wrap_up","rp","wrap_up rp",6,1,0,NA,-0.5,-0.5
"529",22178,"Native",23,35,"wrap_up","rp","wrap_up rp",5,0,2970,2970,0.5,-0.5
"530",22180,"Native",23,42,"wrap_up","rp","wrap_up rp",8,0,1028,1028,-0.5,0.5
"531",22182,"Native",23,33,"wrap_up","rp","wrap_up rp",7,0,812,812,0.5,0.5
"532",22184,"Native",23,32,"wrap_up","rp","wrap_up rp",6,0,3649,3649,-0.5,-0.5
"533",22186,"Native",23,29,"wrap_up","rp","wrap_up rp",7,0,2251,2251,0.5,0.5
"534",22188,"Native",23,30,"wrap_up","rp","wrap_up rp",8,0,4615,4615,-0.5,0.5
"535",22190,"Native",23,26,"wrap_up","rp","wrap_up rp",8,1,0,NA,-0.5,0.5
"536",22192,"Native",23,38,"wrap_up","rp","wrap_up rp",8,0,759,759,-0.5,0.5
"537",22194,"Native",23,34,"wrap_up","rp","wrap_up rp",8,0,935,935,-0.5,0.5
"538",22196,"Native",23,31,"wrap_up","rp","wrap_up rp",5,0,1785,1785,0.5,-0.5
"539",22198,"Native",23,41,"wrap_up","rp","wrap_up rp",7,0,993,993,0.5,0.5
"540",22200,"Native",23,47,"wrap_up","rp","wrap_up rp",5,1,0,NA,0.5,-0.5
"541",22202,"Native",23,28,"wrap_up","rp","wrap_up rp",6,0,197,197,-0.5,-0.5
"542",22204,"Native",23,25,"wrap_up","rp","wrap_up rp",7,0,117,117,0.5,0.5
"543",22206,"Native",23,46,"wrap_up","rp","wrap_up rp",8,1,0,NA,-0.5,0.5
"544",22208,"Native",23,43,"wrap_up","rp","wrap_up rp",5,0,439,439,0.5,-0.5
"545",22210,"Native",23,39,"wrap_up","rp","wrap_up rp",5,0,438,438,0.5,-0.5
"546",22212,"Native",23,27,"wrap_up","rp","wrap_up rp",5,0,320,320,0.5,-0.5
"547",22214,"Native",23,44,"wrap_up","rp","wrap_up rp",6,0,370,370,-0.5,-0.5
"548",22216,"Native",23,40,"wrap_up","rp","wrap_up rp",6,0,328,328,-0.5,-0.5
"549",22218,"Native",23,48,"wrap_up","rp","wrap_up rp",6,0,309,309,-0.5,-0.5
"550",22220,"Native",23,36,"wrap_up","rp","wrap_up rp",6,0,382,382,-0.5,-0.5
"551",22222,"Native",23,45,"wrap_up","rp","wrap_up rp",7,0,455,455,0.5,0.5
"552",22224,"Native",23,37,"wrap_up","rp","wrap_up rp",7,0,231,231,0.5,0.5
"553",22226,"Native",24,42,"wrap_up","rp","wrap_up rp",7,0,2770,2770,0.5,0.5
"554",22228,"Native",24,43,"wrap_up","rp","wrap_up rp",8,0,7169,7169,-0.5,0.5
"555",22230,"Native",24,33,"wrap_up","rp","wrap_up rp",6,0,1893,1893,-0.5,-0.5
"556",22232,"Native",24,41,"wrap_up","rp","wrap_up rp",6,0,3958,3958,-0.5,-0.5
"557",22234,"Native",24,45,"wrap_up","rp","wrap_up rp",6,0,6948,6948,-0.5,-0.5
"558",22236,"Native",24,44,"wrap_up","rp","wrap_up rp",5,0,2202,2202,0.5,-0.5
"559",22238,"Native",24,47,"wrap_up","rp","wrap_up rp",8,0,7801,7801,-0.5,0.5
"560",22240,"Native",24,38,"wrap_up","rp","wrap_up rp",7,0,2554,2554,0.5,0.5
"561",22242,"Native",24,28,"wrap_up","rp","wrap_up rp",5,1,0,NA,0.5,-0.5
"562",22244,"Native",24,27,"wrap_up","rp","wrap_up rp",8,0,1285,1285,-0.5,0.5
"563",22246,"Native",24,31,"wrap_up","rp","wrap_up rp",8,0,3572,3572,-0.5,0.5
"564",22248,"Native",24,32,"wrap_up","rp","wrap_up rp",5,0,1042,1042,0.5,-0.5
"565",22250,"Native",24,30,"wrap_up","rp","wrap_up rp",7,0,567,567,0.5,0.5
"566",22252,"Native",24,46,"wrap_up","rp","wrap_up rp",7,0,1945,1945,0.5,0.5
"567",22254,"Native",24,35,"wrap_up","rp","wrap_up rp",8,0,228,228,-0.5,0.5
"568",22256,"Native",24,37,"wrap_up","rp","wrap_up rp",6,0,2751,2751,-0.5,-0.5
"569",22258,"Native",24,25,"wrap_up","rp","wrap_up rp",6,0,3643,3643,-0.5,-0.5
"570",22260,"Native",24,29,"wrap_up","rp","wrap_up rp",6,0,8568,8568,-0.5,-0.5
"571",22262,"Native",24,34,"wrap_up","rp","wrap_up rp",7,0,836,836,0.5,0.5
"572",22264,"Native",24,40,"wrap_up","rp","wrap_up rp",5,0,1524,1524,0.5,-0.5
"573",22266,"Native",24,39,"wrap_up","rp","wrap_up rp",8,0,1107,1107,-0.5,0.5
"574",22268,"Native",24,36,"wrap_up","rp","wrap_up rp",5,0,2626,2626,0.5,-0.5
"575",22270,"Native",24,48,"wrap_up","rp","wrap_up rp",5,0,4603,4603,0.5,-0.5
"576",22272,"Native",24,26,"wrap_up","rp","wrap_up rp",7,0,4087,4087,0.5,0.5
"577",22274,"Native",25,48,"wrap_up","rp","wrap_up rp",6,0,81,81,-0.5,-0.5
"578",22276,"Native",25,28,"wrap_up","rp","wrap_up rp",6,0,8248,8248,-0.5,-0.5
"579",22278,"Native",25,46,"wrap_up","rp","wrap_up rp",8,0,2105,2105,-0.5,0.5
"580",22280,"Native",25,27,"wrap_up","rp","wrap_up rp",5,0,8602,8602,0.5,-0.5
"581",22282,"Native",25,25,"wrap_up","rp","wrap_up rp",7,0,3208,3208,0.5,0.5
"582",22284,"Native",25,43,"wrap_up","rp","wrap_up rp",5,0,1080,1080,0.5,-0.5
"583",22286,"Native",25,34,"wrap_up","rp","wrap_up rp",8,0,564,564,-0.5,0.5
"584",22288,"Native",25,36,"wrap_up","rp","wrap_up rp",6,0,5465,5465,-0.5,-0.5
"585",22290,"Native",25,31,"wrap_up","rp","wrap_up rp",5,0,677,677,0.5,-0.5
"586",22292,"Native",25,37,"wrap_up","rp","wrap_up rp",7,0,602,602,0.5,0.5
"587",22294,"Native",25,30,"wrap_up","rp","wrap_up rp",8,0,1807,1807,-0.5,0.5
"588",22296,"Native",25,45,"wrap_up","rp","wrap_up rp",7,0,126,126,0.5,0.5
"589",22298,"Native",25,38,"wrap_up","rp","wrap_up rp",8,0,2920,2920,-0.5,0.5
"590",22300,"Native",25,40,"wrap_up","rp","wrap_up rp",6,0,713,713,-0.5,-0.5
"591",22302,"Native",25,32,"wrap_up","rp","wrap_up rp",6,0,2507,2507,-0.5,-0.5
"592",22304,"Native",25,47,"wrap_up","rp","wrap_up rp",5,0,374,374,0.5,-0.5
"593",22306,"Native",25,41,"wrap_up","rp","wrap_up rp",7,0,917,917,0.5,0.5
"594",22308,"Native",25,33,"wrap_up","rp","wrap_up rp",7,0,381,381,0.5,0.5
"595",22310,"Native",25,26,"wrap_up","rp","wrap_up rp",8,0,4094,4094,-0.5,0.5
"596",22312,"Native",25,35,"wrap_up","rp","wrap_up rp",5,0,193,193,0.5,-0.5
"597",22314,"Native",25,42,"wrap_up","rp","wrap_up rp",8,0,787,787,-0.5,0.5
"598",22316,"Native",25,44,"wrap_up","rp","wrap_up rp",6,0,1682,1682,-0.5,-0.5
"599",22318,"Native",25,29,"wrap_up","rp","wrap_up rp",7,0,1887,1887,0.5,0.5
"600",22320,"Native",25,39,"wrap_up","rp","wrap_up rp",5,0,2393,2393,0.5,-0.5
"601",22321,"Native",26,27,"wrap_up","rp","wrap_up rp",6,0,5581,5581,-0.5,-0.5
"602",22323,"Native",26,33,"wrap_up","rp","wrap_up rp",8,0,727,727,-0.5,0.5
"603",22325,"Native",26,30,"wrap_up","rp","wrap_up rp",5,0,2399,2399,0.5,-0.5
"604",22327,"Native",26,42,"wrap_up","rp","wrap_up rp",5,0,3138,3138,0.5,-0.5
"605",22329,"Native",26,46,"wrap_up","rp","wrap_up rp",5,0,92,92,0.5,-0.5
"606",22331,"Native",26,29,"wrap_up","rp","wrap_up rp",8,0,550,550,-0.5,0.5
"607",22333,"Native",26,28,"wrap_up","rp","wrap_up rp",7,0,1746,1746,0.5,0.5
"608",22335,"Native",26,31,"wrap_up","rp","wrap_up rp",6,0,1575,1575,-0.5,-0.5
"609",22337,"Native",26,34,"wrap_up","rp","wrap_up rp",5,0,120,120,0.5,-0.5
"610",22339,"Native",26,43,"wrap_up","rp","wrap_up rp",6,1,0,NA,-0.5,-0.5
"611",22341,"Native",26,26,"wrap_up","rp","wrap_up rp",5,0,915,915,0.5,-0.5
"612",22343,"Native",26,40,"wrap_up","rp","wrap_up rp",7,0,321,321,0.5,0.5
"613",22345,"Native",26,32,"wrap_up","rp","wrap_up rp",7,0,3281,3281,0.5,0.5
"614",22347,"Native",26,35,"wrap_up","rp","wrap_up rp",6,0,3689,3689,-0.5,-0.5
"615",22349,"Native",26,39,"wrap_up","rp","wrap_up rp",6,0,1180,1180,-0.5,-0.5
"616",22351,"Native",26,45,"wrap_up","rp","wrap_up rp",8,1,0,NA,-0.5,0.5
"617",22353,"Native",26,37,"wrap_up","rp","wrap_up rp",8,0,750,750,-0.5,0.5
"618",22355,"Native",26,36,"wrap_up","rp","wrap_up rp",7,0,1155,1155,0.5,0.5
"619",22357,"Native",26,47,"wrap_up","rp","wrap_up rp",6,0,560,560,-0.5,-0.5
"620",22359,"Native",26,25,"wrap_up","rp","wrap_up rp",8,0,627,627,-0.5,0.5
"621",22361,"Native",26,38,"wrap_up","rp","wrap_up rp",5,0,5407,5407,0.5,-0.5
"622",22363,"Native",26,44,"wrap_up","rp","wrap_up rp",7,0,586,586,0.5,0.5
"623",22365,"Native",26,41,"wrap_up","rp","wrap_up rp",8,0,235,235,-0.5,0.5
"624",22367,"Native",26,48,"wrap_up","rp","wrap_up rp",7,0,6970,6970,0.5,0.5
"625",22369,"Native",27,34,"wrap_up","rp","wrap_up rp",6,0,1535,1535,-0.5,-0.5
"626",22371,"Native",27,28,"wrap_up","rp","wrap_up rp",8,0,809,809,-0.5,0.5
"627",22373,"Native",27,36,"wrap_up","rp","wrap_up rp",8,0,1315,1315,-0.5,0.5
"628",22375,"Native",27,25,"wrap_up","rp","wrap_up rp",5,0,1994,1994,0.5,-0.5
"629",22377,"Native",27,40,"wrap_up","rp","wrap_up rp",8,0,6042,6042,-0.5,0.5
"630",22379,"Native",27,33,"wrap_up","rp","wrap_up rp",5,0,6139,6139,0.5,-0.5
"631",22381,"Native",27,37,"wrap_up","rp","wrap_up rp",5,0,335,335,0.5,-0.5
"632",22383,"Native",27,48,"wrap_up","rp","wrap_up rp",8,0,5616,5616,-0.5,0.5
"633",22385,"Native",27,31,"wrap_up","rp","wrap_up rp",7,0,442,442,0.5,0.5
"634",22387,"Native",27,35,"wrap_up","rp","wrap_up rp",7,0,230,230,0.5,0.5
"635",22389,"Native",27,32,"wrap_up","rp","wrap_up rp",8,0,452,452,-0.5,0.5
"636",22391,"Native",27,47,"wrap_up","rp","wrap_up rp",7,0,528,528,0.5,0.5
"637",22393,"Native",27,27,"wrap_up","rp","wrap_up rp",7,0,2459,2459,0.5,0.5
"638",22395,"Native",27,30,"wrap_up","rp","wrap_up rp",6,0,740,740,-0.5,-0.5
"639",22397,"Native",27,45,"wrap_up","rp","wrap_up rp",5,0,101,101,0.5,-0.5
"640",22399,"Native",27,43,"wrap_up","rp","wrap_up rp",7,0,2327,2327,0.5,0.5
"641",22401,"Native",27,46,"wrap_up","rp","wrap_up rp",6,0,3328,3328,-0.5,-0.5
"642",22403,"Native",27,42,"wrap_up","rp","wrap_up rp",6,0,474,474,-0.5,-0.5
"643",22405,"Native",27,39,"wrap_up","rp","wrap_up rp",7,0,290,290,0.5,0.5
"644",22407,"Native",27,29,"wrap_up","rp","wrap_up rp",5,0,327,327,0.5,-0.5
"645",22409,"Native",27,38,"wrap_up","rp","wrap_up rp",6,0,158,158,-0.5,-0.5
"646",22411,"Native",27,44,"wrap_up","rp","wrap_up rp",8,0,666,666,-0.5,0.5
"647",22413,"Native",27,41,"wrap_up","rp","wrap_up rp",5,0,127,127,0.5,-0.5
"648",22415,"Native",27,26,"wrap_up","rp","wrap_up rp",6,0,1674,1674,-0.5,-0.5
"649",22417,"Native",28,39,"wrap_up","rp","wrap_up rp",8,0,1778,1778,-0.5,0.5
"650",22419,"Native",28,37,"wrap_up","rp","wrap_up rp",6,0,1250,1250,-0.5,-0.5
"651",22421,"Native",28,25,"wrap_up","rp","wrap_up rp",6,0,1040,1040,-0.5,-0.5
"652",22423,"Native",28,28,"wrap_up","rp","wrap_up rp",5,0,1372,1372,0.5,-0.5
"653",22425,"Native",28,36,"wrap_up","rp","wrap_up rp",5,0,632,632,0.5,-0.5
"654",22427,"Native",28,42,"wrap_up","rp","wrap_up rp",7,0,900,900,0.5,0.5
"655",22429,"Native",28,30,"wrap_up","rp","wrap_up rp",7,0,4474,4474,0.5,0.5
"656",22431,"Native",28,41,"wrap_up","rp","wrap_up rp",6,0,1000,1000,-0.5,-0.5
"657",22433,"Native",28,32,"wrap_up","rp","wrap_up rp",5,1,0,NA,0.5,-0.5
"658",22435,"Native",28,35,"wrap_up","rp","wrap_up rp",8,1,0,NA,-0.5,0.5
"659",22437,"Native",28,46,"wrap_up","rp","wrap_up rp",7,0,914,914,0.5,0.5
"660",22439,"Native",28,40,"wrap_up","rp","wrap_up rp",5,0,860,860,0.5,-0.5
"661",22441,"Native",28,31,"wrap_up","rp","wrap_up rp",8,0,896,896,-0.5,0.5
"662",22443,"Native",28,48,"wrap_up","rp","wrap_up rp",5,0,380,380,0.5,-0.5
"663",22445,"Native",28,34,"wrap_up","rp","wrap_up rp",7,0,502,502,0.5,0.5
"664",22447,"Native",28,44,"wrap_up","rp","wrap_up rp",5,0,1552,1552,0.5,-0.5
"665",22449,"Native",28,38,"wrap_up","rp","wrap_up rp",7,0,446,446,0.5,0.5
"666",22451,"Native",28,45,"wrap_up","rp","wrap_up rp",6,0,110,110,-0.5,-0.5
"667",22453,"Native",28,43,"wrap_up","rp","wrap_up rp",8,0,1060,1060,-0.5,0.5
"668",22455,"Native",28,29,"wrap_up","rp","wrap_up rp",6,0,556,556,-0.5,-0.5
"669",22457,"Native",28,27,"wrap_up","rp","wrap_up rp",8,0,1614,1614,-0.5,0.5
"670",22459,"Native",28,26,"wrap_up","rp","wrap_up rp",7,0,802,802,0.5,0.5
"671",22461,"Native",28,47,"wrap_up","rp","wrap_up rp",8,0,464,464,-0.5,0.5
"672",22463,"Native",28,33,"wrap_up","rp","wrap_up rp",6,0,494,494,-0.5,-0.5
"673",22466,"Native",29,40,"wrap_up","rp","wrap_up rp",6,0,268,268,-0.5,-0.5
"674",22468,"Native",29,34,"wrap_up","rp","wrap_up rp",8,0,164,164,-0.5,0.5
"675",22470,"Native",29,28,"wrap_up","rp","wrap_up rp",6,0,718,718,-0.5,-0.5
"676",22472,"Native",29,32,"wrap_up","rp","wrap_up rp",6,1,0,NA,-0.5,-0.5
"677",22474,"Native",29,26,"wrap_up","rp","wrap_up rp",8,0,1522,1522,-0.5,0.5
"678",22476,"Native",29,33,"wrap_up","rp","wrap_up rp",7,0,760,760,0.5,0.5
"679",22478,"Native",29,30,"wrap_up","rp","wrap_up rp",8,0,438,438,-0.5,0.5
"680",22480,"Native",29,44,"wrap_up","rp","wrap_up rp",6,0,572,572,-0.5,-0.5
"681",22482,"Native",29,43,"wrap_up","rp","wrap_up rp",5,0,450,450,0.5,-0.5
"682",22484,"Native",29,37,"wrap_up","rp","wrap_up rp",7,0,302,302,0.5,0.5
"683",22486,"Native",29,25,"wrap_up","rp","wrap_up rp",7,0,496,496,0.5,0.5
"684",22488,"Native",29,45,"wrap_up","rp","wrap_up rp",7,0,1906,1906,0.5,0.5
"685",22490,"Native",29,29,"wrap_up","rp","wrap_up rp",7,0,544,544,0.5,0.5
"686",22492,"Native",29,31,"wrap_up","rp","wrap_up rp",5,0,90,90,0.5,-0.5
"687",22494,"Native",29,36,"wrap_up","rp","wrap_up rp",6,0,1072,1072,-0.5,-0.5
"688",22496,"Native",29,38,"wrap_up","rp","wrap_up rp",8,0,346,346,-0.5,0.5
"689",22498,"Native",29,46,"wrap_up","rp","wrap_up rp",8,0,1422,1422,-0.5,0.5
"690",22500,"Native",29,39,"wrap_up","rp","wrap_up rp",5,0,482,482,0.5,-0.5
"691",22502,"Native",29,35,"wrap_up","rp","wrap_up rp",5,0,256,256,0.5,-0.5
"692",22504,"Native",29,41,"wrap_up","rp","wrap_up rp",7,0,644,644,0.5,0.5
"693",22506,"Native",29,48,"wrap_up","rp","wrap_up rp",6,0,472,472,-0.5,-0.5
"694",22508,"Native",29,27,"wrap_up","rp","wrap_up rp",5,0,1264,1264,0.5,-0.5
"695",22510,"Native",29,42,"wrap_up","rp","wrap_up rp",8,0,468,468,-0.5,0.5
"696",22512,"Native",29,47,"wrap_up","rp","wrap_up rp",5,0,542,542,0.5,-0.5
"697",22514,"Native",30,25,"wrap_up","rp","wrap_up rp",8,0,4140,4140,-0.5,0.5
"698",22516,"Native",30,40,"wrap_up","rp","wrap_up rp",7,0,1324,1324,0.5,0.5
"699",22518,"Native",30,48,"wrap_up","rp","wrap_up rp",7,0,1176,1176,0.5,0.5
"700",22520,"Native",30,28,"wrap_up","rp","wrap_up rp",7,1,0,NA,0.5,0.5
"701",22522,"Native",30,30,"wrap_up","rp","wrap_up rp",5,0,11300,11300,0.5,-0.5
"702",22524,"Native",30,41,"wrap_up","rp","wrap_up rp",8,0,1790,1790,-0.5,0.5
"703",22526,"Native",30,31,"wrap_up","rp","wrap_up rp",6,0,2768,2768,-0.5,-0.5
"704",22528,"Native",30,46,"wrap_up","rp","wrap_up rp",5,0,1156,1156,0.5,-0.5
"705",22530,"Native",30,27,"wrap_up","rp","wrap_up rp",6,0,2740,2740,-0.5,-0.5
"706",22532,"Native",30,43,"wrap_up","rp","wrap_up rp",6,0,510,510,-0.5,-0.5
"707",22534,"Native",30,37,"wrap_up","rp","wrap_up rp",8,0,6332,6332,-0.5,0.5
"708",22536,"Native",30,36,"wrap_up","rp","wrap_up rp",7,0,6946,6946,0.5,0.5
"709",22538,"Native",30,42,"wrap_up","rp","wrap_up rp",5,0,1014,1014,0.5,-0.5
"710",22540,"Native",30,47,"wrap_up","rp","wrap_up rp",6,0,854,854,-0.5,-0.5
"711",22542,"Native",30,35,"wrap_up","rp","wrap_up rp",6,0,902,902,-0.5,-0.5
"712",22544,"Native",30,34,"wrap_up","rp","wrap_up rp",5,0,2750,2750,0.5,-0.5
"713",22546,"Native",30,44,"wrap_up","rp","wrap_up rp",7,0,1576,1576,0.5,0.5
"714",22548,"Native",30,38,"wrap_up","rp","wrap_up rp",5,1,0,NA,0.5,-0.5
"715",22550,"Native",30,45,"wrap_up","rp","wrap_up rp",8,0,796,796,-0.5,0.5
"716",22552,"Native",30,32,"wrap_up","rp","wrap_up rp",7,0,1678,1678,0.5,0.5
"717",22554,"Native",30,29,"wrap_up","rp","wrap_up rp",8,0,914,914,-0.5,0.5
"718",22556,"Native",30,26,"wrap_up","rp","wrap_up rp",5,0,688,688,0.5,-0.5
"719",22558,"Native",30,33,"wrap_up","rp","wrap_up rp",8,0,2008,2008,-0.5,0.5
"720",22560,"Native",30,39,"wrap_up","rp","wrap_up rp",6,0,752,752,-0.5,-0.5
"721",22561,"Native",31,32,"wrap_up","rp","wrap_up rp",8,1,0,NA,-0.5,0.5
"722",22563,"Native",31,40,"wrap_up","rp","wrap_up rp",8,0,6604,6604,-0.5,0.5
"723",22565,"Native",31,47,"wrap_up","rp","wrap_up rp",7,0,6392,6392,0.5,0.5
"724",22567,"Native",31,42,"wrap_up","rp","wrap_up rp",6,0,3890,3890,-0.5,-0.5
"725",22569,"Native",31,29,"wrap_up","rp","wrap_up rp",5,0,1812,1812,0.5,-0.5
"726",22571,"Native",31,38,"wrap_up","rp","wrap_up rp",6,0,2440,2440,-0.5,-0.5
"727",22573,"Native",31,41,"wrap_up","rp","wrap_up rp",5,0,6444,6444,0.5,-0.5
"728",22575,"Native",31,37,"wrap_up","rp","wrap_up rp",5,0,7986,7986,0.5,-0.5
"729",22577,"Native",31,44,"wrap_up","rp","wrap_up rp",8,0,672,672,-0.5,0.5
"730",22579,"Native",31,35,"wrap_up","rp","wrap_up rp",7,0,5324,5324,0.5,0.5
"731",22581,"Native",31,30,"wrap_up","rp","wrap_up rp",6,0,7036,7036,-0.5,-0.5
"732",22583,"Native",31,33,"wrap_up","rp","wrap_up rp",5,0,3784,3784,0.5,-0.5
"733",22585,"Native",31,45,"wrap_up","rp","wrap_up rp",5,0,1004,1004,0.5,-0.5
"734",22587,"Native",31,26,"wrap_up","rp","wrap_up rp",6,0,3976,3976,-0.5,-0.5
"735",22589,"Native",31,25,"wrap_up","rp","wrap_up rp",5,0,4866,4866,0.5,-0.5
"736",22591,"Native",31,28,"wrap_up","rp","wrap_up rp",8,0,12460,12460,-0.5,0.5
"737",22593,"Native",31,46,"wrap_up","rp","wrap_up rp",6,1,0,NA,-0.5,-0.5
"738",22595,"Native",31,31,"wrap_up","rp","wrap_up rp",7,0,6712,6712,0.5,0.5
"739",22597,"Native",31,36,"wrap_up","rp","wrap_up rp",8,0,5566,5566,-0.5,0.5
"740",22599,"Native",31,27,"wrap_up","rp","wrap_up rp",7,0,270,270,0.5,0.5
"741",22601,"Native",31,48,"wrap_up","rp","wrap_up rp",8,0,504,504,-0.5,0.5
"742",22603,"Native",31,43,"wrap_up","rp","wrap_up rp",7,0,1806,1806,0.5,0.5
"743",22605,"Native",31,34,"wrap_up","rp","wrap_up rp",6,0,8348,8348,-0.5,-0.5
"744",22607,"Native",31,39,"wrap_up","rp","wrap_up rp",7,0,572,572,0.5,0.5
"745",22610,"Native",32,47,"wrap_up","rp","wrap_up rp",8,0,4164,4164,-0.5,0.5
"746",22612,"Native",32,35,"wrap_up","rp","wrap_up rp",8,0,140,140,-0.5,0.5
"747",22614,"Native",32,31,"wrap_up","rp","wrap_up rp",8,0,2748,2748,-0.5,0.5
"748",22616,"Native",32,48,"wrap_up","rp","wrap_up rp",5,0,930,930,0.5,-0.5
"749",22618,"Native",32,26,"wrap_up","rp","wrap_up rp",7,0,2396,2396,0.5,0.5
"750",22620,"Native",32,33,"wrap_up","rp","wrap_up rp",6,0,936,936,-0.5,-0.5
"751",22622,"Native",32,43,"wrap_up","rp","wrap_up rp",8,0,366,366,-0.5,0.5
"752",22624,"Native",32,30,"wrap_up","rp","wrap_up rp",7,0,5692,5692,0.5,0.5
"753",22626,"Native",32,36,"wrap_up","rp","wrap_up rp",5,0,2404,2404,0.5,-0.5
"754",22628,"Native",32,44,"wrap_up","rp","wrap_up rp",5,0,3258,3258,0.5,-0.5
"755",22630,"Native",32,34,"wrap_up","rp","wrap_up rp",7,0,1670,1670,0.5,0.5
"756",22632,"Native",32,42,"wrap_up","rp","wrap_up rp",7,0,980,980,0.5,0.5
"757",22634,"Native",32,37,"wrap_up","rp","wrap_up rp",6,0,518,518,-0.5,-0.5
"758",22636,"Native",32,29,"wrap_up","rp","wrap_up rp",6,0,2430,2430,-0.5,-0.5
"759",22638,"Native",32,41,"wrap_up","rp","wrap_up rp",6,0,4474,4474,-0.5,-0.5
"760",22640,"Native",32,32,"wrap_up","rp","wrap_up rp",5,1,0,NA,0.5,-0.5
"761",22642,"Native",32,27,"wrap_up","rp","wrap_up rp",8,0,3120,3120,-0.5,0.5
"762",22644,"Native",32,46,"wrap_up","rp","wrap_up rp",7,1,0,NA,0.5,0.5
"763",22646,"Native",32,38,"wrap_up","rp","wrap_up rp",7,1,0,NA,0.5,0.5
"764",22648,"Native",32,28,"wrap_up","rp","wrap_up rp",5,0,3956,3956,0.5,-0.5
"765",22650,"Native",32,25,"wrap_up","rp","wrap_up rp",6,0,1460,1460,-0.5,-0.5
"766",22652,"Native",32,45,"wrap_up","rp","wrap_up rp",6,0,1114,1114,-0.5,-0.5
"767",22654,"Native",32,39,"wrap_up","rp","wrap_up rp",8,0,1886,1886,-0.5,0.5
"768",22656,"Native",32,40,"wrap_up","rp","wrap_up rp",5,0,1044,1044,0.5,-0.5
"769",22658,"Native",33,42,"wrap_up","rp","wrap_up rp",8,0,548,548,-0.5,0.5
"770",22660,"Native",33,25,"wrap_up","rp","wrap_up rp",7,0,848,848,0.5,0.5
"771",22662,"Native",33,37,"wrap_up","rp","wrap_up rp",7,0,1638,1638,0.5,0.5
"772",22664,"Native",33,41,"wrap_up","rp","wrap_up rp",7,0,1302,1302,0.5,0.5
"773",22666,"Native",33,40,"wrap_up","rp","wrap_up rp",6,0,464,464,-0.5,-0.5
"774",22668,"Native",33,31,"wrap_up","rp","wrap_up rp",5,0,240,240,0.5,-0.5
"775",22670,"Native",33,30,"wrap_up","rp","wrap_up rp",8,0,594,594,-0.5,0.5
"776",22672,"Native",33,35,"wrap_up","rp","wrap_up rp",5,0,1032,1032,0.5,-0.5
"777",22674,"Native",33,27,"wrap_up","rp","wrap_up rp",5,0,792,792,0.5,-0.5
"778",22676,"Native",33,39,"wrap_up","rp","wrap_up rp",5,0,898,898,0.5,-0.5
"779",22678,"Native",33,47,"wrap_up","rp","wrap_up rp",5,0,648,648,0.5,-0.5
"780",22680,"Native",33,43,"wrap_up","rp","wrap_up rp",5,0,630,630,0.5,-0.5
"781",22682,"Native",33,28,"wrap_up","rp","wrap_up rp",6,0,714,714,-0.5,-0.5
"782",22684,"Native",33,46,"wrap_up","rp","wrap_up rp",8,0,850,850,-0.5,0.5
"783",22686,"Native",33,38,"wrap_up","rp","wrap_up rp",8,0,596,596,-0.5,0.5
"784",22688,"Native",33,44,"wrap_up","rp","wrap_up rp",6,0,448,448,-0.5,-0.5
"785",22690,"Native",33,33,"wrap_up","rp","wrap_up rp",7,0,412,412,0.5,0.5
"786",22692,"Native",33,48,"wrap_up","rp","wrap_up rp",6,0,138,138,-0.5,-0.5
"787",22694,"Native",33,34,"wrap_up","rp","wrap_up rp",8,0,938,938,-0.5,0.5
"788",22696,"Native",33,36,"wrap_up","rp","wrap_up rp",6,0,1148,1148,-0.5,-0.5
"789",22698,"Native",33,45,"wrap_up","rp","wrap_up rp",7,0,452,452,0.5,0.5
"790",22700,"Native",33,32,"wrap_up","rp","wrap_up rp",6,0,1032,1032,-0.5,-0.5
"791",22702,"Native",33,26,"wrap_up","rp","wrap_up rp",8,0,562,562,-0.5,0.5
"792",22704,"Native",33,29,"wrap_up","rp","wrap_up rp",7,0,878,878,0.5,0.5
"793",22705,"Native",34,40,"wrap_up","rp","wrap_up rp",7,0,818,818,0.5,0.5
"794",22707,"Native",34,29,"wrap_up","rp","wrap_up rp",8,0,10323,10323,-0.5,0.5
"795",22709,"Native",34,45,"wrap_up","rp","wrap_up rp",8,0,897,897,-0.5,0.5
"796",22711,"Native",34,32,"wrap_up","rp","wrap_up rp",7,0,7833,7833,0.5,0.5
"797",22713,"Native",34,28,"wrap_up","rp","wrap_up rp",7,0,2148,2148,0.5,0.5
"798",22715,"Native",34,44,"wrap_up","rp","wrap_up rp",7,0,7144,7144,0.5,0.5
"799",22717,"Native",34,39,"wrap_up","rp","wrap_up rp",6,0,2772,2772,-0.5,-0.5
"800",22719,"Native",34,43,"wrap_up","rp","wrap_up rp",6,0,276,276,-0.5,-0.5
"801",22721,"Native",34,25,"wrap_up","rp","wrap_up rp",8,0,161,161,-0.5,0.5
"802",22723,"Native",34,31,"wrap_up","rp","wrap_up rp",6,0,1954,1954,-0.5,-0.5
"803",22725,"Native",34,26,"wrap_up","rp","wrap_up rp",5,0,551,551,0.5,-0.5
"804",22727,"Native",34,30,"wrap_up","rp","wrap_up rp",5,0,273,273,0.5,-0.5
"805",22729,"Native",34,48,"wrap_up","rp","wrap_up rp",7,0,531,531,0.5,0.5
"806",22731,"Native",34,41,"wrap_up","rp","wrap_up rp",8,0,397,397,-0.5,0.5
"807",22733,"Native",34,27,"wrap_up","rp","wrap_up rp",6,0,496,496,-0.5,-0.5
"808",22735,"Native",34,34,"wrap_up","rp","wrap_up rp",5,0,138,138,0.5,-0.5
"809",22737,"Native",34,35,"wrap_up","rp","wrap_up rp",6,0,249,249,-0.5,-0.5
"810",22739,"Native",34,37,"wrap_up","rp","wrap_up rp",8,0,860,860,-0.5,0.5
"811",22741,"Native",34,46,"wrap_up","rp","wrap_up rp",5,0,190,190,0.5,-0.5
"812",22743,"Native",34,36,"wrap_up","rp","wrap_up rp",7,0,830,830,0.5,0.5
"813",22745,"Native",34,33,"wrap_up","rp","wrap_up rp",8,0,183,183,-0.5,0.5
"814",22747,"Native",34,42,"wrap_up","rp","wrap_up rp",5,0,326,326,0.5,-0.5
"815",22749,"Native",34,38,"wrap_up","rp","wrap_up rp",5,0,679,679,0.5,-0.5
"816",22751,"Native",34,47,"wrap_up","rp","wrap_up rp",6,0,223,223,-0.5,-0.5
"817",22754,"Native",35,38,"wrap_up","rp","wrap_up rp",5,0,1276,1276,0.5,-0.5
"818",22756,"Native",35,48,"wrap_up","rp","wrap_up rp",7,1,0,NA,0.5,0.5
"819",22758,"Native",35,47,"wrap_up","rp","wrap_up rp",6,1,0,NA,-0.5,-0.5
"820",22760,"Native",35,32,"wrap_up","rp","wrap_up rp",7,1,0,NA,0.5,0.5
"821",22762,"Native",35,42,"wrap_up","rp","wrap_up rp",5,0,474,474,0.5,-0.5
"822",22764,"Native",35,31,"wrap_up","rp","wrap_up rp",6,0,1036,1036,-0.5,-0.5
"823",22766,"Native",35,40,"wrap_up","rp","wrap_up rp",7,0,1080,1080,0.5,0.5
"824",22768,"Native",35,33,"wrap_up","rp","wrap_up rp",8,0,1888,1888,-0.5,0.5
"825",22770,"Native",35,29,"wrap_up","rp","wrap_up rp",8,0,674,674,-0.5,0.5
"826",22772,"Native",35,41,"wrap_up","rp","wrap_up rp",8,0,538,538,-0.5,0.5
"827",22774,"Native",35,46,"wrap_up","rp","wrap_up rp",5,0,544,544,0.5,-0.5
"828",22776,"Native",35,45,"wrap_up","rp","wrap_up rp",8,0,2100,2100,-0.5,0.5
"829",22778,"Native",35,39,"wrap_up","rp","wrap_up rp",6,0,976,976,-0.5,-0.5
"830",22780,"Native",35,28,"wrap_up","rp","wrap_up rp",7,0,968,968,0.5,0.5
"831",22782,"Native",35,44,"wrap_up","rp","wrap_up rp",7,0,538,538,0.5,0.5
"832",22784,"Native",35,37,"wrap_up","rp","wrap_up rp",8,0,546,546,-0.5,0.5
"833",22786,"Native",35,25,"wrap_up","rp","wrap_up rp",8,0,1218,1218,-0.5,0.5
"834",22788,"Native",35,27,"wrap_up","rp","wrap_up rp",6,0,788,788,-0.5,-0.5
"835",22790,"Native",35,36,"wrap_up","rp","wrap_up rp",7,0,822,822,0.5,0.5
"836",22792,"Native",35,34,"wrap_up","rp","wrap_up rp",5,0,216,216,0.5,-0.5
"837",22794,"Native",35,43,"wrap_up","rp","wrap_up rp",6,0,588,588,-0.5,-0.5
"838",22796,"Native",35,26,"wrap_up","rp","wrap_up rp",5,0,1016,1016,0.5,-0.5
"839",22798,"Native",35,30,"wrap_up","rp","wrap_up rp",5,0,502,502,0.5,-0.5
"840",22800,"Native",35,35,"wrap_up","rp","wrap_up rp",6,1,0,NA,-0.5,-0.5
"841",22802,"Native",36,40,"wrap_up","rp","wrap_up rp",8,0,1300,1300,-0.5,0.5
"842",22804,"Native",36,42,"wrap_up","rp","wrap_up rp",6,0,1350,1350,-0.5,-0.5
"843",22806,"Native",36,41,"wrap_up","rp","wrap_up rp",5,0,1477,1477,0.5,-0.5
"844",22808,"Native",36,25,"wrap_up","rp","wrap_up rp",5,0,4125,4125,0.5,-0.5
"845",22810,"Native",36,37,"wrap_up","rp","wrap_up rp",5,0,3249,3249,0.5,-0.5
"846",22812,"Native",36,44,"wrap_up","rp","wrap_up rp",8,0,4838,4838,-0.5,0.5
"847",22814,"Native",36,29,"wrap_up","rp","wrap_up rp",5,0,1571,1571,0.5,-0.5
"848",22816,"Native",36,38,"wrap_up","rp","wrap_up rp",6,0,898,898,-0.5,-0.5
"849",22818,"Native",36,31,"wrap_up","rp","wrap_up rp",7,1,0,NA,0.5,0.5
"850",22820,"Native",36,30,"wrap_up","rp","wrap_up rp",6,0,1610,1610,-0.5,-0.5
"851",22822,"Native",36,35,"wrap_up","rp","wrap_up rp",7,1,0,NA,0.5,0.5
"852",22824,"Native",36,47,"wrap_up","rp","wrap_up rp",7,0,317,317,0.5,0.5
"853",22826,"Native",36,32,"wrap_up","rp","wrap_up rp",8,0,1725,1725,-0.5,0.5
"854",22828,"Native",36,34,"wrap_up","rp","wrap_up rp",6,0,1166,1166,-0.5,-0.5
"855",22830,"Native",36,36,"wrap_up","rp","wrap_up rp",8,0,1389,1389,-0.5,0.5
"856",22832,"Native",36,46,"wrap_up","rp","wrap_up rp",6,0,918,918,-0.5,-0.5
"857",22834,"Native",36,39,"wrap_up","rp","wrap_up rp",7,0,1116,1116,0.5,0.5
"858",22836,"Native",36,27,"wrap_up","rp","wrap_up rp",7,0,1113,1113,0.5,0.5
"859",22838,"Native",36,33,"wrap_up","rp","wrap_up rp",5,0,826,826,0.5,-0.5
"860",22840,"Native",36,28,"wrap_up","rp","wrap_up rp",8,0,524,524,-0.5,0.5
"861",22842,"Native",36,26,"wrap_up","rp","wrap_up rp",6,0,880,880,-0.5,-0.5
"862",22844,"Native",36,43,"wrap_up","rp","wrap_up rp",7,0,354,354,0.5,0.5
"863",22846,"Native",36,45,"wrap_up","rp","wrap_up rp",5,0,294,294,0.5,-0.5
"864",22848,"Native",36,48,"wrap_up","rp","wrap_up rp",8,0,877,877,-0.5,0.5
"865",22850,"Native",37,26,"wrap_up","rp","wrap_up rp",7,0,832,832,0.5,0.5
"866",22852,"Native",37,45,"wrap_up","rp","wrap_up rp",6,0,191,191,-0.5,-0.5
"867",22854,"Native",37,46,"wrap_up","rp","wrap_up rp",7,0,823,823,0.5,0.5
"868",22856,"Native",37,43,"wrap_up","rp","wrap_up rp",8,0,403,403,-0.5,0.5
"869",22858,"Native",37,31,"wrap_up","rp","wrap_up rp",8,0,264,264,-0.5,0.5
"870",22860,"Native",37,29,"wrap_up","rp","wrap_up rp",6,0,350,350,-0.5,-0.5
"871",22862,"Native",37,44,"wrap_up","rp","wrap_up rp",5,0,314,314,0.5,-0.5
"872",22864,"Native",37,39,"wrap_up","rp","wrap_up rp",8,0,2999,2999,-0.5,0.5
"873",22866,"Native",37,36,"wrap_up","rp","wrap_up rp",5,0,329,329,0.5,-0.5
"874",22868,"Native",37,38,"wrap_up","rp","wrap_up rp",7,0,365,365,0.5,0.5
"875",22870,"Native",37,42,"wrap_up","rp","wrap_up rp",7,0,364,364,0.5,0.5
"876",22872,"Native",37,34,"wrap_up","rp","wrap_up rp",7,0,126,126,0.5,0.5
"877",22874,"Native",37,28,"wrap_up","rp","wrap_up rp",5,0,1230,1230,0.5,-0.5
"878",22876,"Native",37,37,"wrap_up","rp","wrap_up rp",6,0,224,224,-0.5,-0.5
"879",22878,"Native",37,48,"wrap_up","rp","wrap_up rp",5,0,364,364,0.5,-0.5
"880",22880,"Native",37,47,"wrap_up","rp","wrap_up rp",8,0,99,99,-0.5,0.5
"881",22882,"Native",37,40,"wrap_up","rp","wrap_up rp",5,0,421,421,0.5,-0.5
"882",22884,"Native",37,30,"wrap_up","rp","wrap_up rp",7,0,119,119,0.5,0.5
"883",22886,"Native",37,32,"wrap_up","rp","wrap_up rp",5,1,0,NA,0.5,-0.5
"884",22888,"Native",37,35,"wrap_up","rp","wrap_up rp",8,1,0,NA,-0.5,0.5
"885",22890,"Native",37,27,"wrap_up","rp","wrap_up rp",8,0,1195,1195,-0.5,0.5
"886",22892,"Native",37,25,"wrap_up","rp","wrap_up rp",6,0,374,374,-0.5,-0.5
"887",22894,"Native",37,41,"wrap_up","rp","wrap_up rp",6,0,135,135,-0.5,-0.5
"888",22896,"Native",37,33,"wrap_up","rp","wrap_up rp",6,0,346,346,-0.5,-0.5
"889",22897,"Native",38,39,"wrap_up","rp","wrap_up rp",5,0,3534,3534,0.5,-0.5
"890",22899,"Native",38,46,"wrap_up","rp","wrap_up rp",8,0,3792,3792,-0.5,0.5
"891",22901,"Native",38,25,"wrap_up","rp","wrap_up rp",7,0,2704,2704,0.5,0.5
"892",22903,"Native",38,27,"wrap_up","rp","wrap_up rp",5,0,3214,3214,0.5,-0.5
"893",22905,"Native",38,32,"wrap_up","rp","wrap_up rp",6,1,0,NA,-0.5,-0.5
"894",22907,"Native",38,43,"wrap_up","rp","wrap_up rp",5,0,311,311,0.5,-0.5
"895",22909,"Native",38,44,"wrap_up","rp","wrap_up rp",6,0,5210,5210,-0.5,-0.5
"896",22911,"Native",38,37,"wrap_up","rp","wrap_up rp",7,0,913,913,0.5,0.5
"897",22913,"Native",38,40,"wrap_up","rp","wrap_up rp",6,0,438,438,-0.5,-0.5
"898",22915,"Native",38,38,"wrap_up","rp","wrap_up rp",8,0,1610,1610,-0.5,0.5
"899",22917,"Native",38,48,"wrap_up","rp","wrap_up rp",6,0,388,388,-0.5,-0.5
"900",22919,"Native",38,35,"wrap_up","rp","wrap_up rp",5,0,4039,4039,0.5,-0.5
"901",22921,"Native",38,36,"wrap_up","rp","wrap_up rp",6,0,601,601,-0.5,-0.5
"902",22923,"Native",38,28,"wrap_up","rp","wrap_up rp",6,0,441,441,-0.5,-0.5
"903",22925,"Native",38,30,"wrap_up","rp","wrap_up rp",8,1,0,NA,-0.5,0.5
"904",22927,"Native",38,45,"wrap_up","rp","wrap_up rp",7,1,0,NA,0.5,0.5
"905",22929,"Native",38,33,"wrap_up","rp","wrap_up rp",7,1,0,NA,0.5,0.5
"906",22931,"Native",38,47,"wrap_up","rp","wrap_up rp",5,1,0,NA,0.5,-0.5
"907",22933,"Native",38,31,"wrap_up","rp","wrap_up rp",5,0,118,118,0.5,-0.5
"908",22935,"Native",38,26,"wrap_up","rp","wrap_up rp",8,0,130,130,-0.5,0.5
"909",22937,"Native",38,41,"wrap_up","rp","wrap_up rp",7,0,466,466,0.5,0.5
"910",22939,"Native",38,29,"wrap_up","rp","wrap_up rp",7,0,1314,1314,0.5,0.5
"911",22941,"Native",38,34,"wrap_up","rp","wrap_up rp",8,1,0,NA,-0.5,0.5
"912",22943,"Native",38,42,"wrap_up","rp","wrap_up rp",8,1,0,NA,-0.5,0.5
"913",22945,"Native",39,27,"wrap_up","rp","wrap_up rp",6,0,8641,8641,-0.5,-0.5
"914",22947,"Native",39,37,"wrap_up","rp","wrap_up rp",8,0,3321,3321,-0.5,0.5
"915",22949,"Native",39,45,"wrap_up","rp","wrap_up rp",8,0,1087,1087,-0.5,0.5
"916",22951,"Native",39,34,"wrap_up","rp","wrap_up rp",5,0,2317,2317,0.5,-0.5
"917",22953,"Native",39,31,"wrap_up","rp","wrap_up rp",6,0,756,756,-0.5,-0.5
"918",22955,"Native",39,39,"wrap_up","rp","wrap_up rp",6,0,1764,1764,-0.5,-0.5
"919",22957,"Native",39,46,"wrap_up","rp","wrap_up rp",5,0,7615,7615,0.5,-0.5
"920",22959,"Native",39,40,"wrap_up","rp","wrap_up rp",7,0,1358,1358,0.5,0.5
"921",22961,"Native",39,43,"wrap_up","rp","wrap_up rp",6,1,0,NA,-0.5,-0.5
"922",22963,"Native",39,47,"wrap_up","rp","wrap_up rp",6,1,0,NA,-0.5,-0.5
"923",22965,"Native",39,44,"wrap_up","rp","wrap_up rp",7,0,304,304,0.5,0.5
"924",22967,"Native",39,33,"wrap_up","rp","wrap_up rp",8,0,982,982,-0.5,0.5
"925",22969,"Native",39,36,"wrap_up","rp","wrap_up rp",7,0,1255,1255,0.5,0.5
"926",22971,"Native",39,41,"wrap_up","rp","wrap_up rp",8,0,1725,1725,-0.5,0.5
"927",22973,"Native",39,25,"wrap_up","rp","wrap_up rp",8,0,1307,1307,-0.5,0.5
"928",22975,"Native",39,38,"wrap_up","rp","wrap_up rp",5,0,354,354,0.5,-0.5
"929",22977,"Native",39,29,"wrap_up","rp","wrap_up rp",8,0,810,810,-0.5,0.5
"930",22979,"Native",39,48,"wrap_up","rp","wrap_up rp",7,0,1966,1966,0.5,0.5
"931",22981,"Native",39,30,"wrap_up","rp","wrap_up rp",5,0,3000,3000,0.5,-0.5
"932",22983,"Native",39,42,"wrap_up","rp","wrap_up rp",5,0,262,262,0.5,-0.5
"933",22985,"Native",39,32,"wrap_up","rp","wrap_up rp",7,0,950,950,0.5,0.5
"934",22987,"Native",39,28,"wrap_up","rp","wrap_up rp",7,0,763,763,0.5,0.5
"935",22989,"Native",39,26,"wrap_up","rp","wrap_up rp",5,1,0,NA,0.5,-0.5
"936",22991,"Native",39,35,"wrap_up","rp","wrap_up rp",6,1,0,NA,-0.5,-0.5
"937",22994,"Native",40,30,"wrap_up","rp","wrap_up rp",6,0,922,922,-0.5,-0.5
"938",22996,"Native",40,48,"wrap_up","rp","wrap_up rp",8,0,373,373,-0.5,0.5
"939",22998,"Native",40,32,"wrap_up","rp","wrap_up rp",8,0,325,325,-0.5,0.5
"940",23000,"Native",40,40,"wrap_up","rp","wrap_up rp",8,0,356,356,-0.5,0.5
"941",23002,"Native",40,36,"wrap_up","rp","wrap_up rp",8,0,1066,1066,-0.5,0.5
"942",23004,"Native",40,31,"wrap_up","rp","wrap_up rp",7,0,179,179,0.5,0.5
"943",23006,"Native",40,38,"wrap_up","rp","wrap_up rp",6,0,994,994,-0.5,-0.5
"944",23008,"Native",40,27,"wrap_up","rp","wrap_up rp",7,0,165,165,0.5,0.5
"945",23010,"Native",40,43,"wrap_up","rp","wrap_up rp",7,0,258,258,0.5,0.5
"946",23012,"Native",40,47,"wrap_up","rp","wrap_up rp",7,0,200,200,0.5,0.5
"947",23014,"Native",40,28,"wrap_up","rp","wrap_up rp",8,1,0,NA,-0.5,0.5
"948",23016,"Native",40,42,"wrap_up","rp","wrap_up rp",6,0,427,427,-0.5,-0.5
"949",23018,"Native",40,39,"wrap_up","rp","wrap_up rp",7,0,567,567,0.5,0.5
"950",23020,"Native",40,45,"wrap_up","rp","wrap_up rp",5,0,137,137,0.5,-0.5
"951",23022,"Native",40,26,"wrap_up","rp","wrap_up rp",6,0,85,85,-0.5,-0.5
"952",23024,"Native",40,37,"wrap_up","rp","wrap_up rp",5,0,237,237,0.5,-0.5
"953",23026,"Native",40,34,"wrap_up","rp","wrap_up rp",6,0,159,159,-0.5,-0.5
"954",23028,"Native",40,25,"wrap_up","rp","wrap_up rp",5,0,132,132,0.5,-0.5
"955",23030,"Native",40,29,"wrap_up","rp","wrap_up rp",5,0,661,661,0.5,-0.5
"956",23032,"Native",40,33,"wrap_up","rp","wrap_up rp",5,0,204,204,0.5,-0.5
"957",23034,"Native",40,44,"wrap_up","rp","wrap_up rp",8,0,645,645,-0.5,0.5
"958",23036,"Native",40,46,"wrap_up","rp","wrap_up rp",6,0,229,229,-0.5,-0.5
"959",23038,"Native",40,41,"wrap_up","rp","wrap_up rp",5,0,163,163,0.5,-0.5
"960",23040,"Native",40,35,"wrap_up","rp","wrap_up rp",7,1,0,NA,0.5,0.5
