"","subject","item","region","measure","proficiency","sort","condition","skips","rawdata","nozero","ambiguity","continuation"
"817",1,28,"wrap_up","tt",71,"wrap_up tt",8,0,433,433,"Unambiguous","Inconsistent"
"819",1,46,"wrap_up","tt",71,"wrap_up tt",6,1,0,NA,"Unambiguous","Consistent"
"821",1,40,"wrap_up","tt",71,"wrap_up tt",8,0,573,573,"Unambiguous","Inconsistent"
"823",1,25,"wrap_up","tt",71,"wrap_up tt",5,0,458,458,"Ambiguous","Consistent"
"825",1,42,"wrap_up","tt",71,"wrap_up tt",6,0,215,215,"Unambiguous","Consistent"
"827",1,37,"wrap_up","tt",71,"wrap_up tt",5,0,594,594,"Ambiguous","Consistent"
"829",1,26,"wrap_up","tt",71,"wrap_up tt",6,0,442,442,"Unambiguous","Consistent"
"831",1,30,"wrap_up","tt",71,"wrap_up tt",6,0,365,365,"Unambiguous","Consistent"
"833",1,32,"wrap_up","tt",71,"wrap_up tt",8,0,274,274,"Unambiguous","Inconsistent"
"835",1,31,"wrap_up","tt",71,"wrap_up tt",7,0,469,469,"Ambiguous","Inconsistent"
"837",1,47,"wrap_up","tt",71,"wrap_up tt",7,0,581,581,"Ambiguous","Inconsistent"
"839",1,44,"wrap_up","tt",71,"wrap_up tt",8,0,645,645,"Unambiguous","Inconsistent"
"841",1,27,"wrap_up","tt",71,"wrap_up tt",7,0,579,579,"Ambiguous","Inconsistent"
"843",1,33,"wrap_up","tt",71,"wrap_up tt",5,0,369,369,"Ambiguous","Consistent"
"845",1,45,"wrap_up","tt",71,"wrap_up tt",5,0,536,536,"Ambiguous","Consistent"
"847",1,34,"wrap_up","tt",71,"wrap_up tt",6,0,592,592,"Unambiguous","Consistent"
"849",1,35,"wrap_up","tt",71,"wrap_up tt",7,0,647,647,"Ambiguous","Inconsistent"
"851",1,29,"wrap_up","tt",71,"wrap_up tt",5,0,1153,1153,"Ambiguous","Consistent"
"853",1,41,"wrap_up","tt",71,"wrap_up tt",5,0,275,275,"Ambiguous","Consistent"
"855",1,38,"wrap_up","tt",71,"wrap_up tt",6,0,139,139,"Unambiguous","Consistent"
"857",1,43,"wrap_up","tt",71,"wrap_up tt",7,0,212,212,"Ambiguous","Inconsistent"
"859",1,39,"wrap_up","tt",71,"wrap_up tt",7,0,336,336,"Ambiguous","Inconsistent"
"861",1,48,"wrap_up","tt",71,"wrap_up tt",8,0,113,113,"Unambiguous","Inconsistent"
"863",1,36,"wrap_up","tt",71,"wrap_up tt",8,0,553,553,"Unambiguous","Inconsistent"
"1681",2,32,"wrap_up","tt",71,"wrap_up tt",5,0,329,329,"Ambiguous","Consistent"
"1683",2,48,"wrap_up","tt",71,"wrap_up tt",5,0,531,531,"Ambiguous","Consistent"
"1685",2,40,"wrap_up","tt",71,"wrap_up tt",5,0,426,426,"Ambiguous","Consistent"
"1687",2,28,"wrap_up","tt",71,"wrap_up tt",5,0,425,425,"Ambiguous","Consistent"
"1689",2,38,"wrap_up","tt",71,"wrap_up tt",7,1,0,NA,"Ambiguous","Inconsistent"
"1691",2,42,"wrap_up","tt",71,"wrap_up tt",7,0,213,213,"Ambiguous","Inconsistent"
"1693",2,37,"wrap_up","tt",71,"wrap_up tt",6,0,483,483,"Unambiguous","Consistent"
"1695",2,29,"wrap_up","tt",71,"wrap_up tt",6,1,0,NA,"Unambiguous","Consistent"
"1697",2,45,"wrap_up","tt",71,"wrap_up tt",6,0,148,148,"Unambiguous","Consistent"
"1699",2,41,"wrap_up","tt",71,"wrap_up tt",6,0,532,532,"Unambiguous","Consistent"
"1701",2,35,"wrap_up","tt",71,"wrap_up tt",8,0,108,108,"Unambiguous","Inconsistent"
"1703",2,44,"wrap_up","tt",71,"wrap_up tt",5,0,272,272,"Ambiguous","Consistent"
"1705",2,46,"wrap_up","tt",71,"wrap_up tt",7,1,0,NA,"Ambiguous","Inconsistent"
"1707",2,26,"wrap_up","tt",71,"wrap_up tt",7,1,0,NA,"Ambiguous","Inconsistent"
"1709",2,25,"wrap_up","tt",71,"wrap_up tt",6,0,182,182,"Unambiguous","Consistent"
"1711",2,47,"wrap_up","tt",71,"wrap_up tt",8,0,290,290,"Unambiguous","Inconsistent"
"1713",2,34,"wrap_up","tt",71,"wrap_up tt",7,0,452,452,"Ambiguous","Inconsistent"
"1715",2,43,"wrap_up","tt",71,"wrap_up tt",8,0,519,519,"Unambiguous","Inconsistent"
"1717",2,33,"wrap_up","tt",71,"wrap_up tt",6,0,230,230,"Unambiguous","Consistent"
"1719",2,39,"wrap_up","tt",71,"wrap_up tt",8,0,328,328,"Unambiguous","Inconsistent"
"1721",2,30,"wrap_up","tt",71,"wrap_up tt",7,0,585,585,"Ambiguous","Inconsistent"
"1723",2,31,"wrap_up","tt",71,"wrap_up tt",8,0,597,597,"Unambiguous","Inconsistent"
"1725",2,36,"wrap_up","tt",71,"wrap_up tt",5,0,864,864,"Ambiguous","Consistent"
"1727",2,27,"wrap_up","tt",71,"wrap_up tt",8,0,1320,1320,"Unambiguous","Inconsistent"
"2545",3,36,"wrap_up","tt",74,"wrap_up tt",6,0,1100,1100,"Unambiguous","Consistent"
"2547",3,27,"wrap_up","tt",74,"wrap_up tt",5,0,694,694,"Ambiguous","Consistent"
"2549",3,37,"wrap_up","tt",74,"wrap_up tt",7,0,580,580,"Ambiguous","Inconsistent"
"2551",3,41,"wrap_up","tt",74,"wrap_up tt",7,0,534,534,"Ambiguous","Inconsistent"
"2553",3,26,"wrap_up","tt",74,"wrap_up tt",8,0,1217,1217,"Unambiguous","Inconsistent"
"2555",3,45,"wrap_up","tt",74,"wrap_up tt",7,0,1979,1979,"Ambiguous","Inconsistent"
"2557",3,42,"wrap_up","tt",74,"wrap_up tt",8,0,1649,1649,"Unambiguous","Inconsistent"
"2559",3,47,"wrap_up","tt",74,"wrap_up tt",5,0,510,510,"Ambiguous","Consistent"
"2561",3,29,"wrap_up","tt",74,"wrap_up tt",7,0,975,975,"Ambiguous","Inconsistent"
"2563",3,34,"wrap_up","tt",74,"wrap_up tt",8,0,504,504,"Unambiguous","Inconsistent"
"2565",3,39,"wrap_up","tt",74,"wrap_up tt",5,0,176,176,"Ambiguous","Consistent"
"2567",3,48,"wrap_up","tt",74,"wrap_up tt",6,0,539,539,"Unambiguous","Consistent"
"2569",3,44,"wrap_up","tt",74,"wrap_up tt",6,0,374,374,"Unambiguous","Consistent"
"2571",3,43,"wrap_up","tt",74,"wrap_up tt",5,0,486,486,"Ambiguous","Consistent"
"2573",3,28,"wrap_up","tt",74,"wrap_up tt",6,0,364,364,"Unambiguous","Consistent"
"2575",3,40,"wrap_up","tt",74,"wrap_up tt",6,0,394,394,"Unambiguous","Consistent"
"2577",3,30,"wrap_up","tt",74,"wrap_up tt",8,0,1215,1215,"Unambiguous","Inconsistent"
"2579",3,32,"wrap_up","tt",74,"wrap_up tt",6,0,530,530,"Unambiguous","Consistent"
"2581",3,25,"wrap_up","tt",74,"wrap_up tt",7,0,628,628,"Ambiguous","Inconsistent"
"2583",3,38,"wrap_up","tt",74,"wrap_up tt",8,0,496,496,"Unambiguous","Inconsistent"
"2585",3,33,"wrap_up","tt",74,"wrap_up tt",7,0,373,373,"Ambiguous","Inconsistent"
"2587",3,31,"wrap_up","tt",74,"wrap_up tt",5,0,449,449,"Ambiguous","Consistent"
"2589",3,46,"wrap_up","tt",74,"wrap_up tt",8,1,0,NA,"Unambiguous","Inconsistent"
"2591",3,35,"wrap_up","tt",74,"wrap_up tt",5,0,132,132,"Ambiguous","Consistent"
"3341",4,28,"wrap_up","tt",72,"wrap_up tt",7,0,958,958,"Ambiguous","Inconsistent"
"3343",4,31,"wrap_up","tt",72,"wrap_up tt",6,0,2279,2279,"Unambiguous","Consistent"
"3345",4,44,"wrap_up","tt",72,"wrap_up tt",7,0,1312,1312,"Ambiguous","Inconsistent"
"3347",4,26,"wrap_up","tt",72,"wrap_up tt",5,0,603,603,"Ambiguous","Consistent"
"3349",4,37,"wrap_up","tt",72,"wrap_up tt",8,0,851,851,"Unambiguous","Inconsistent"
"3351",4,32,"wrap_up","tt",72,"wrap_up tt",7,0,911,911,"Ambiguous","Inconsistent"
"3353",4,36,"wrap_up","tt",72,"wrap_up tt",7,0,3856,3856,"Ambiguous","Inconsistent"
"3355",4,38,"wrap_up","tt",72,"wrap_up tt",5,0,1597,1597,"Ambiguous","Consistent"
"3357",4,46,"wrap_up","tt",72,"wrap_up tt",5,1,0,NA,"Ambiguous","Consistent"
"3358",4,29,"wrap_up","tt",72,"wrap_up tt",8,0,681,681,"Unambiguous","Inconsistent"
"3360",4,43,"wrap_up","tt",72,"wrap_up tt",6,0,720,720,"Unambiguous","Consistent"
"3362",4,33,"wrap_up","tt",72,"wrap_up tt",8,0,1514,1514,"Unambiguous","Inconsistent"
"3364",4,45,"wrap_up","tt",72,"wrap_up tt",8,0,930,930,"Unambiguous","Inconsistent"
"3366",4,30,"wrap_up","tt",72,"wrap_up tt",5,0,784,784,"Ambiguous","Consistent"
"3367",4,40,"wrap_up","tt",72,"wrap_up tt",7,0,1683,1683,"Ambiguous","Inconsistent"
"3369",4,41,"wrap_up","tt",72,"wrap_up tt",8,0,725,725,"Unambiguous","Inconsistent"
"3371",4,48,"wrap_up","tt",72,"wrap_up tt",7,0,762,762,"Ambiguous","Inconsistent"
"3373",4,42,"wrap_up","tt",72,"wrap_up tt",5,0,906,906,"Ambiguous","Consistent"
"3374",4,25,"wrap_up","tt",72,"wrap_up tt",8,0,679,679,"Unambiguous","Inconsistent"
"3376",4,27,"wrap_up","tt",72,"wrap_up tt",6,0,744,744,"Unambiguous","Consistent"
"3378",4,47,"wrap_up","tt",72,"wrap_up tt",6,0,1739,1739,"Unambiguous","Consistent"
"3380",4,39,"wrap_up","tt",72,"wrap_up tt",6,0,123,123,"Unambiguous","Consistent"
"3382",4,34,"wrap_up","tt",72,"wrap_up tt",5,0,1090,1090,"Ambiguous","Consistent"
"3383",4,35,"wrap_up","tt",72,"wrap_up tt",6,0,640,640,"Unambiguous","Consistent"
"4202",5,42,"wrap_up","tt",66,"wrap_up tt",6,0,1721,1721,"Unambiguous","Consistent"
"4204",5,47,"wrap_up","tt",66,"wrap_up tt",7,0,569,569,"Ambiguous","Inconsistent"
"4206",5,25,"wrap_up","tt",66,"wrap_up tt",5,0,1051,1051,"Ambiguous","Consistent"
"4208",5,43,"wrap_up","tt",66,"wrap_up tt",7,0,521,521,"Ambiguous","Inconsistent"
"4210",5,33,"wrap_up","tt",66,"wrap_up tt",5,0,832,832,"Ambiguous","Consistent"
"4212",5,41,"wrap_up","tt",66,"wrap_up tt",5,0,651,651,"Ambiguous","Consistent"
"4214",5,29,"wrap_up","tt",66,"wrap_up tt",5,0,1591,1591,"Ambiguous","Consistent"
"4216",5,39,"wrap_up","tt",66,"wrap_up tt",7,0,733,733,"Ambiguous","Inconsistent"
"4218",5,40,"wrap_up","tt",66,"wrap_up tt",8,0,1576,1576,"Unambiguous","Inconsistent"
"4220",5,28,"wrap_up","tt",66,"wrap_up tt",8,0,591,591,"Unambiguous","Inconsistent"
"4222",5,46,"wrap_up","tt",66,"wrap_up tt",6,1,0,NA,"Unambiguous","Consistent"
"4224",5,31,"wrap_up","tt",66,"wrap_up tt",7,0,892,892,"Ambiguous","Inconsistent"
"4226",5,36,"wrap_up","tt",66,"wrap_up tt",8,0,1270,1270,"Unambiguous","Inconsistent"
"4228",5,27,"wrap_up","tt",66,"wrap_up tt",7,0,956,956,"Ambiguous","Inconsistent"
"4230",5,38,"wrap_up","tt",66,"wrap_up tt",6,0,585,585,"Unambiguous","Consistent"
"4232",5,26,"wrap_up","tt",66,"wrap_up tt",6,0,733,733,"Unambiguous","Consistent"
"4234",5,44,"wrap_up","tt",66,"wrap_up tt",8,0,2397,2397,"Unambiguous","Inconsistent"
"4236",5,45,"wrap_up","tt",66,"wrap_up tt",5,0,561,561,"Ambiguous","Consistent"
"4238",5,30,"wrap_up","tt",66,"wrap_up tt",6,0,618,618,"Unambiguous","Consistent"
"4240",5,32,"wrap_up","tt",66,"wrap_up tt",8,0,611,611,"Unambiguous","Inconsistent"
"4242",5,37,"wrap_up","tt",66,"wrap_up tt",5,0,1109,1109,"Ambiguous","Consistent"
"4244",5,34,"wrap_up","tt",66,"wrap_up tt",6,0,695,695,"Unambiguous","Consistent"
"4246",5,48,"wrap_up","tt",66,"wrap_up tt",8,0,486,486,"Unambiguous","Inconsistent"
"4248",5,35,"wrap_up","tt",66,"wrap_up tt",7,0,303,303,"Ambiguous","Inconsistent"
"5049",6,42,"wrap_up","tt",89,"wrap_up tt",7,0,316,316,"Ambiguous","Inconsistent"
"5051",6,36,"wrap_up","tt",89,"wrap_up tt",5,0,442,442,"Ambiguous","Consistent"
"5053",6,30,"wrap_up","tt",89,"wrap_up tt",7,0,212,212,"Ambiguous","Inconsistent"
"5055",6,26,"wrap_up","tt",89,"wrap_up tt",7,0,234,234,"Ambiguous","Inconsistent"
"5057",6,27,"wrap_up","tt",89,"wrap_up tt",8,0,1022,1022,"Unambiguous","Inconsistent"
"5059",6,28,"wrap_up","tt",89,"wrap_up tt",5,0,448,448,"Ambiguous","Consistent"
"5061",6,35,"wrap_up","tt",89,"wrap_up tt",8,1,0,NA,"Unambiguous","Inconsistent"
"5063",6,47,"wrap_up","tt",89,"wrap_up tt",8,0,204,204,"Unambiguous","Inconsistent"
"5065",6,43,"wrap_up","tt",89,"wrap_up tt",8,0,376,376,"Unambiguous","Inconsistent"
"5067",6,34,"wrap_up","tt",89,"wrap_up tt",7,0,190,190,"Ambiguous","Inconsistent"
"5069",6,48,"wrap_up","tt",89,"wrap_up tt",5,0,578,578,"Ambiguous","Consistent"
"5071",6,39,"wrap_up","tt",89,"wrap_up tt",8,0,126,126,"Unambiguous","Inconsistent"
"5073",6,45,"wrap_up","tt",89,"wrap_up tt",6,0,154,154,"Unambiguous","Consistent"
"5075",6,33,"wrap_up","tt",89,"wrap_up tt",6,0,176,176,"Unambiguous","Consistent"
"5077",6,29,"wrap_up","tt",89,"wrap_up tt",6,0,346,346,"Unambiguous","Consistent"
"5079",6,32,"wrap_up","tt",89,"wrap_up tt",5,0,204,204,"Ambiguous","Consistent"
"5081",6,41,"wrap_up","tt",89,"wrap_up tt",6,0,912,912,"Unambiguous","Consistent"
"5083",6,31,"wrap_up","tt",89,"wrap_up tt",8,0,268,268,"Unambiguous","Inconsistent"
"5084",6,40,"wrap_up","tt",89,"wrap_up tt",5,0,368,368,"Ambiguous","Consistent"
"5086",6,25,"wrap_up","tt",89,"wrap_up tt",6,0,240,240,"Unambiguous","Consistent"
"5088",6,46,"wrap_up","tt",89,"wrap_up tt",7,1,0,NA,"Ambiguous","Inconsistent"
"5090",6,44,"wrap_up","tt",89,"wrap_up tt",5,0,540,540,"Ambiguous","Consistent"
"5092",6,38,"wrap_up","tt",89,"wrap_up tt",7,0,134,134,"Ambiguous","Inconsistent"
"5094",6,37,"wrap_up","tt",89,"wrap_up tt",6,0,364,364,"Unambiguous","Consistent"
"5911",7,47,"wrap_up","tt",77,"wrap_up tt",5,0,598,598,"Ambiguous","Consistent"
"5913",7,31,"wrap_up","tt",77,"wrap_up tt",5,0,444,444,"Ambiguous","Consistent"
"5915",7,30,"wrap_up","tt",77,"wrap_up tt",8,0,779,779,"Unambiguous","Inconsistent"
"5917",7,44,"wrap_up","tt",77,"wrap_up tt",6,0,541,541,"Unambiguous","Consistent"
"5919",7,42,"wrap_up","tt",77,"wrap_up tt",8,0,264,264,"Unambiguous","Inconsistent"
"5921",7,38,"wrap_up","tt",77,"wrap_up tt",8,0,619,619,"Unambiguous","Inconsistent"
"5923",7,39,"wrap_up","tt",77,"wrap_up tt",5,0,417,417,"Ambiguous","Consistent"
"5925",7,37,"wrap_up","tt",77,"wrap_up tt",7,0,184,184,"Ambiguous","Inconsistent"
"5927",7,28,"wrap_up","tt",77,"wrap_up tt",6,0,156,156,"Unambiguous","Consistent"
"5929",7,27,"wrap_up","tt",77,"wrap_up tt",5,0,311,311,"Ambiguous","Consistent"
"5931",7,34,"wrap_up","tt",77,"wrap_up tt",8,0,603,603,"Unambiguous","Inconsistent"
"5933",7,32,"wrap_up","tt",77,"wrap_up tt",6,0,239,239,"Unambiguous","Consistent"
"5935",7,36,"wrap_up","tt",77,"wrap_up tt",6,0,605,605,"Unambiguous","Consistent"
"5937",7,35,"wrap_up","tt",77,"wrap_up tt",5,0,443,443,"Ambiguous","Consistent"
"5939",7,45,"wrap_up","tt",77,"wrap_up tt",7,0,411,411,"Ambiguous","Inconsistent"
"5941",7,33,"wrap_up","tt",77,"wrap_up tt",7,0,209,209,"Ambiguous","Inconsistent"
"5943",7,29,"wrap_up","tt",77,"wrap_up tt",7,0,1269,1269,"Ambiguous","Inconsistent"
"5945",7,48,"wrap_up","tt",77,"wrap_up tt",6,0,205,205,"Unambiguous","Consistent"
"5947",7,26,"wrap_up","tt",77,"wrap_up tt",8,0,374,374,"Unambiguous","Inconsistent"
"5949",7,41,"wrap_up","tt",77,"wrap_up tt",7,0,217,217,"Ambiguous","Inconsistent"
"5951",7,25,"wrap_up","tt",77,"wrap_up tt",7,0,245,245,"Ambiguous","Inconsistent"
"5953",7,40,"wrap_up","tt",77,"wrap_up tt",6,0,507,507,"Unambiguous","Consistent"
"5955",7,43,"wrap_up","tt",77,"wrap_up tt",5,0,553,553,"Ambiguous","Consistent"
"5957",7,46,"wrap_up","tt",77,"wrap_up tt",8,1,0,NA,"Unambiguous","Inconsistent"
"6775",8,41,"wrap_up","tt",70,"wrap_up tt",8,0,446,446,"Unambiguous","Inconsistent"
"6777",8,43,"wrap_up","tt",70,"wrap_up tt",6,0,924,924,"Unambiguous","Consistent"
"6779",8,48,"wrap_up","tt",70,"wrap_up tt",7,0,1098,1098,"Ambiguous","Inconsistent"
"6781",8,44,"wrap_up","tt",70,"wrap_up tt",7,0,1802,1802,"Ambiguous","Inconsistent"
"6783",8,28,"wrap_up","tt",70,"wrap_up tt",7,0,380,380,"Ambiguous","Inconsistent"
"6785",8,45,"wrap_up","tt",70,"wrap_up tt",8,0,930,930,"Unambiguous","Inconsistent"
"6787",8,27,"wrap_up","tt",70,"wrap_up tt",6,0,488,488,"Unambiguous","Consistent"
"6789",8,47,"wrap_up","tt",70,"wrap_up tt",6,0,130,130,"Unambiguous","Consistent"
"6791",8,36,"wrap_up","tt",70,"wrap_up tt",7,0,1206,1206,"Ambiguous","Inconsistent"
"6793",8,35,"wrap_up","tt",70,"wrap_up tt",6,0,254,254,"Unambiguous","Consistent"
"6795",8,31,"wrap_up","tt",70,"wrap_up tt",6,0,296,296,"Unambiguous","Consistent"
"6797",8,33,"wrap_up","tt",70,"wrap_up tt",8,0,1360,1360,"Unambiguous","Inconsistent"
"6799",8,30,"wrap_up","tt",70,"wrap_up tt",5,0,870,870,"Ambiguous","Consistent"
"6801",8,29,"wrap_up","tt",70,"wrap_up tt",8,0,682,682,"Unambiguous","Inconsistent"
"6803",8,46,"wrap_up","tt",70,"wrap_up tt",5,1,0,NA,"Ambiguous","Consistent"
"6805",8,40,"wrap_up","tt",70,"wrap_up tt",7,0,962,962,"Ambiguous","Inconsistent"
"6807",8,34,"wrap_up","tt",70,"wrap_up tt",5,0,460,460,"Ambiguous","Consistent"
"6809",8,25,"wrap_up","tt",70,"wrap_up tt",8,0,452,452,"Unambiguous","Inconsistent"
"6811",8,38,"wrap_up","tt",70,"wrap_up tt",5,0,264,264,"Ambiguous","Consistent"
"6813",8,26,"wrap_up","tt",70,"wrap_up tt",5,0,818,818,"Ambiguous","Consistent"
"6815",8,42,"wrap_up","tt",70,"wrap_up tt",5,0,546,546,"Ambiguous","Consistent"
"6817",8,37,"wrap_up","tt",70,"wrap_up tt",8,0,1394,1394,"Unambiguous","Inconsistent"
"6819",8,32,"wrap_up","tt",70,"wrap_up tt",7,0,236,236,"Ambiguous","Inconsistent"
"6821",8,39,"wrap_up","tt",70,"wrap_up tt",6,0,674,674,"Unambiguous","Consistent"
"7639",9,29,"wrap_up","tt",70,"wrap_up tt",5,0,1838,1838,"Ambiguous","Consistent"
"7641",9,31,"wrap_up","tt",70,"wrap_up tt",7,0,86,86,"Ambiguous","Inconsistent"
"7643",9,44,"wrap_up","tt",70,"wrap_up tt",8,0,1156,1156,"Unambiguous","Inconsistent"
"7645",9,32,"wrap_up","tt",70,"wrap_up tt",8,0,348,348,"Unambiguous","Inconsistent"
"7647",9,26,"wrap_up","tt",70,"wrap_up tt",6,0,306,306,"Unambiguous","Consistent"
"7649",9,33,"wrap_up","tt",70,"wrap_up tt",5,0,222,222,"Ambiguous","Consistent"
"7651",9,47,"wrap_up","tt",70,"wrap_up tt",7,0,350,350,"Ambiguous","Inconsistent"
"7653",9,45,"wrap_up","tt",70,"wrap_up tt",5,0,176,176,"Ambiguous","Consistent"
"7655",9,37,"wrap_up","tt",70,"wrap_up tt",5,0,618,618,"Ambiguous","Consistent"
"7657",9,46,"wrap_up","tt",70,"wrap_up tt",6,1,0,NA,"Unambiguous","Consistent"
"7659",9,25,"wrap_up","tt",70,"wrap_up tt",5,0,446,446,"Ambiguous","Consistent"
"7661",9,40,"wrap_up","tt",70,"wrap_up tt",8,0,532,532,"Unambiguous","Inconsistent"
"7663",9,27,"wrap_up","tt",70,"wrap_up tt",7,0,1668,1668,"Ambiguous","Inconsistent"
"7665",9,41,"wrap_up","tt",70,"wrap_up tt",5,0,378,378,"Ambiguous","Consistent"
"7667",9,30,"wrap_up","tt",70,"wrap_up tt",6,0,604,604,"Unambiguous","Consistent"
"7669",9,38,"wrap_up","tt",70,"wrap_up tt",6,0,114,114,"Unambiguous","Consistent"
"7671",9,39,"wrap_up","tt",70,"wrap_up tt",7,0,472,472,"Ambiguous","Inconsistent"
"7673",9,43,"wrap_up","tt",70,"wrap_up tt",7,0,1204,1204,"Ambiguous","Inconsistent"
"7675",9,28,"wrap_up","tt",70,"wrap_up tt",8,0,278,278,"Unambiguous","Inconsistent"
"7677",9,34,"wrap_up","tt",70,"wrap_up tt",6,0,462,462,"Unambiguous","Consistent"
"7679",9,36,"wrap_up","tt",70,"wrap_up tt",8,0,668,668,"Unambiguous","Inconsistent"
"7681",9,35,"wrap_up","tt",70,"wrap_up tt",7,0,232,232,"Ambiguous","Inconsistent"
"7683",9,48,"wrap_up","tt",70,"wrap_up tt",8,0,224,224,"Unambiguous","Inconsistent"
"7685",9,42,"wrap_up","tt",70,"wrap_up tt",6,0,344,344,"Unambiguous","Consistent"
"8504",10,30,"wrap_up","tt",63,"wrap_up tt",7,0,1234,1234,"Ambiguous","Inconsistent"
"8506",10,32,"wrap_up","tt",63,"wrap_up tt",5,0,166,166,"Ambiguous","Consistent"
"8508",10,41,"wrap_up","tt",63,"wrap_up tt",6,0,296,296,"Unambiguous","Consistent"
"8510",10,36,"wrap_up","tt",63,"wrap_up tt",5,0,646,646,"Ambiguous","Consistent"
"8512",10,40,"wrap_up","tt",63,"wrap_up tt",5,0,524,524,"Ambiguous","Consistent"
"8514",10,27,"wrap_up","tt",63,"wrap_up tt",8,0,490,490,"Unambiguous","Inconsistent"
"8516",10,46,"wrap_up","tt",63,"wrap_up tt",7,1,0,NA,"Ambiguous","Inconsistent"
"8518",10,42,"wrap_up","tt",63,"wrap_up tt",7,0,564,564,"Ambiguous","Inconsistent"
"8520",10,37,"wrap_up","tt",63,"wrap_up tt",6,0,260,260,"Unambiguous","Consistent"
"8522",10,28,"wrap_up","tt",63,"wrap_up tt",5,0,436,436,"Ambiguous","Consistent"
"8524",10,35,"wrap_up","tt",63,"wrap_up tt",8,0,186,186,"Unambiguous","Inconsistent"
"8526",10,48,"wrap_up","tt",63,"wrap_up tt",5,0,864,864,"Ambiguous","Consistent"
"8528",10,33,"wrap_up","tt",63,"wrap_up tt",6,0,250,250,"Unambiguous","Consistent"
"8530",10,25,"wrap_up","tt",63,"wrap_up tt",6,0,420,420,"Unambiguous","Consistent"
"8532",10,29,"wrap_up","tt",63,"wrap_up tt",6,0,626,626,"Unambiguous","Consistent"
"8534",10,31,"wrap_up","tt",63,"wrap_up tt",8,0,230,230,"Unambiguous","Inconsistent"
"8536",10,44,"wrap_up","tt",63,"wrap_up tt",5,0,422,422,"Ambiguous","Consistent"
"8538",10,34,"wrap_up","tt",63,"wrap_up tt",7,0,1660,1660,"Ambiguous","Inconsistent"
"8540",10,26,"wrap_up","tt",63,"wrap_up tt",7,0,366,366,"Ambiguous","Inconsistent"
"8542",10,39,"wrap_up","tt",63,"wrap_up tt",8,0,1348,1348,"Unambiguous","Inconsistent"
"8544",10,47,"wrap_up","tt",63,"wrap_up tt",8,0,966,966,"Unambiguous","Inconsistent"
"8546",10,38,"wrap_up","tt",63,"wrap_up tt",7,0,182,182,"Ambiguous","Inconsistent"
"8548",10,45,"wrap_up","tt",63,"wrap_up tt",6,0,566,566,"Unambiguous","Consistent"
"8550",10,43,"wrap_up","tt",63,"wrap_up tt",8,0,578,578,"Unambiguous","Inconsistent"
"9368",11,25,"wrap_up","tt",75,"wrap_up tt",7,0,972,972,"Ambiguous","Inconsistent"
"9370",11,45,"wrap_up","tt",75,"wrap_up tt",7,0,752,752,"Ambiguous","Inconsistent"
"9372",11,26,"wrap_up","tt",75,"wrap_up tt",8,0,1150,1150,"Unambiguous","Inconsistent"
"9374",11,46,"wrap_up","tt",75,"wrap_up tt",8,1,0,NA,"Unambiguous","Inconsistent"
"9376",11,27,"wrap_up","tt",75,"wrap_up tt",5,0,2688,2688,"Ambiguous","Consistent"
"9378",11,31,"wrap_up","tt",75,"wrap_up tt",5,0,948,948,"Ambiguous","Consistent"
"9380",11,41,"wrap_up","tt",75,"wrap_up tt",7,0,1266,1266,"Ambiguous","Inconsistent"
"9382",11,30,"wrap_up","tt",75,"wrap_up tt",8,0,1936,1936,"Unambiguous","Inconsistent"
"9384",11,38,"wrap_up","tt",75,"wrap_up tt",8,0,372,372,"Unambiguous","Inconsistent"
"9386",11,47,"wrap_up","tt",75,"wrap_up tt",5,0,2122,2122,"Ambiguous","Consistent"
"9388",11,36,"wrap_up","tt",75,"wrap_up tt",6,0,2056,2056,"Unambiguous","Consistent"
"9390",11,37,"wrap_up","tt",75,"wrap_up tt",7,0,3274,3274,"Ambiguous","Inconsistent"
"9392",11,32,"wrap_up","tt",75,"wrap_up tt",6,0,526,526,"Unambiguous","Consistent"
"9394",11,44,"wrap_up","tt",75,"wrap_up tt",6,0,1130,1130,"Unambiguous","Consistent"
"9396",11,43,"wrap_up","tt",75,"wrap_up tt",5,0,1484,1484,"Ambiguous","Consistent"
"9398",11,28,"wrap_up","tt",75,"wrap_up tt",6,0,840,840,"Unambiguous","Consistent"
"9400",11,48,"wrap_up","tt",75,"wrap_up tt",6,0,430,430,"Unambiguous","Consistent"
"9402",11,42,"wrap_up","tt",75,"wrap_up tt",8,0,1064,1064,"Unambiguous","Inconsistent"
"9404",11,40,"wrap_up","tt",75,"wrap_up tt",6,0,726,726,"Unambiguous","Consistent"
"9406",11,35,"wrap_up","tt",75,"wrap_up tt",5,0,476,476,"Ambiguous","Consistent"
"9408",11,33,"wrap_up","tt",75,"wrap_up tt",7,0,424,424,"Ambiguous","Inconsistent"
"9410",11,39,"wrap_up","tt",75,"wrap_up tt",5,0,840,840,"Ambiguous","Consistent"
"9412",11,29,"wrap_up","tt",75,"wrap_up tt",7,0,1094,1094,"Ambiguous","Inconsistent"
"9414",11,34,"wrap_up","tt",75,"wrap_up tt",8,0,552,552,"Unambiguous","Inconsistent"
"10232",12,33,"wrap_up","tt",63,"wrap_up tt",6,0,1392,1392,"Unambiguous","Consistent"
"10234",12,34,"wrap_up","tt",63,"wrap_up tt",7,0,851,851,"Ambiguous","Inconsistent"
"10236",12,43,"wrap_up","tt",63,"wrap_up tt",8,0,135,135,"Unambiguous","Inconsistent"
"10238",12,35,"wrap_up","tt",63,"wrap_up tt",8,1,0,NA,"Unambiguous","Inconsistent"
"10240",12,38,"wrap_up","tt",63,"wrap_up tt",7,0,246,246,"Ambiguous","Inconsistent"
"10242",12,44,"wrap_up","tt",63,"wrap_up tt",5,0,781,781,"Ambiguous","Consistent"
"10244",12,25,"wrap_up","tt",63,"wrap_up tt",6,0,265,265,"Unambiguous","Consistent"
"10246",12,36,"wrap_up","tt",63,"wrap_up tt",5,0,705,705,"Ambiguous","Consistent"
"10248",12,28,"wrap_up","tt",63,"wrap_up tt",5,0,127,127,"Ambiguous","Consistent"
"10250",12,31,"wrap_up","tt",63,"wrap_up tt",8,0,379,379,"Unambiguous","Inconsistent"
"10252",12,29,"wrap_up","tt",63,"wrap_up tt",6,0,1141,1141,"Unambiguous","Consistent"
"10254",12,30,"wrap_up","tt",63,"wrap_up tt",7,0,369,369,"Ambiguous","Inconsistent"
"10256",12,45,"wrap_up","tt",63,"wrap_up tt",6,0,241,241,"Unambiguous","Consistent"
"10258",12,27,"wrap_up","tt",63,"wrap_up tt",8,0,676,676,"Unambiguous","Inconsistent"
"10260",12,46,"wrap_up","tt",63,"wrap_up tt",7,1,0,NA,"Ambiguous","Inconsistent"
"10262",12,41,"wrap_up","tt",63,"wrap_up tt",6,0,136,136,"Unambiguous","Consistent"
"10264",12,37,"wrap_up","tt",63,"wrap_up tt",6,0,297,297,"Unambiguous","Consistent"
"10266",12,32,"wrap_up","tt",63,"wrap_up tt",5,0,370,370,"Ambiguous","Consistent"
"10268",12,42,"wrap_up","tt",63,"wrap_up tt",7,0,359,359,"Ambiguous","Inconsistent"
"10270",12,47,"wrap_up","tt",63,"wrap_up tt",8,0,466,466,"Unambiguous","Inconsistent"
"10272",12,48,"wrap_up","tt",63,"wrap_up tt",5,0,723,723,"Ambiguous","Consistent"
"10274",12,39,"wrap_up","tt",63,"wrap_up tt",8,0,352,352,"Unambiguous","Inconsistent"
"10276",12,26,"wrap_up","tt",63,"wrap_up tt",7,0,134,134,"Ambiguous","Inconsistent"
"10278",12,40,"wrap_up","tt",63,"wrap_up tt",5,0,325,325,"Ambiguous","Consistent"
"11095",13,47,"wrap_up","tt",70,"wrap_up tt",6,0,460,460,"Unambiguous","Consistent"
"11097",13,27,"wrap_up","tt",70,"wrap_up tt",6,0,808,808,"Unambiguous","Consistent"
"11099",13,41,"wrap_up","tt",70,"wrap_up tt",8,0,704,704,"Unambiguous","Inconsistent"
"11101",13,35,"wrap_up","tt",70,"wrap_up tt",6,0,334,334,"Unambiguous","Consistent"
"11103",13,37,"wrap_up","tt",70,"wrap_up tt",8,0,896,896,"Unambiguous","Inconsistent"
"11105",13,43,"wrap_up","tt",70,"wrap_up tt",6,0,548,548,"Unambiguous","Consistent"
"11107",13,44,"wrap_up","tt",70,"wrap_up tt",7,0,660,660,"Ambiguous","Inconsistent"
"11109",13,46,"wrap_up","tt",70,"wrap_up tt",5,1,0,NA,"Ambiguous","Consistent"
"11111",13,25,"wrap_up","tt",70,"wrap_up tt",8,0,632,632,"Unambiguous","Inconsistent"
"11113",13,30,"wrap_up","tt",70,"wrap_up tt",5,0,460,460,"Ambiguous","Consistent"
"11115",13,29,"wrap_up","tt",70,"wrap_up tt",8,0,998,998,"Unambiguous","Inconsistent"
"11117",13,31,"wrap_up","tt",70,"wrap_up tt",6,0,354,354,"Unambiguous","Consistent"
"11119",13,38,"wrap_up","tt",70,"wrap_up tt",5,0,346,346,"Ambiguous","Consistent"
"11121",13,32,"wrap_up","tt",70,"wrap_up tt",7,0,464,464,"Ambiguous","Inconsistent"
"11123",13,34,"wrap_up","tt",70,"wrap_up tt",5,0,818,818,"Ambiguous","Consistent"
"11125",13,26,"wrap_up","tt",70,"wrap_up tt",5,0,450,450,"Ambiguous","Consistent"
"11127",13,39,"wrap_up","tt",70,"wrap_up tt",6,0,420,420,"Unambiguous","Consistent"
"11129",13,33,"wrap_up","tt",70,"wrap_up tt",8,0,554,554,"Unambiguous","Inconsistent"
"11131",13,36,"wrap_up","tt",70,"wrap_up tt",7,0,1362,1362,"Ambiguous","Inconsistent"
"11133",13,48,"wrap_up","tt",70,"wrap_up tt",7,0,470,470,"Ambiguous","Inconsistent"
"11135",13,40,"wrap_up","tt",70,"wrap_up tt",7,0,532,532,"Ambiguous","Inconsistent"
"11137",13,45,"wrap_up","tt",70,"wrap_up tt",8,0,558,558,"Unambiguous","Inconsistent"
"11139",13,42,"wrap_up","tt",70,"wrap_up tt",5,0,396,396,"Ambiguous","Consistent"
"11141",13,28,"wrap_up","tt",70,"wrap_up tt",7,0,334,334,"Ambiguous","Inconsistent"
"11960",14,41,"wrap_up","tt",72,"wrap_up tt",5,0,122,122,"Ambiguous","Consistent"
"11962",14,34,"wrap_up","tt",72,"wrap_up tt",6,0,574,574,"Unambiguous","Consistent"
"11964",14,35,"wrap_up","tt",72,"wrap_up tt",7,1,0,NA,"Ambiguous","Inconsistent"
"11966",14,27,"wrap_up","tt",72,"wrap_up tt",7,0,1344,1344,"Ambiguous","Inconsistent"
"11968",14,44,"wrap_up","tt",72,"wrap_up tt",8,0,586,586,"Unambiguous","Inconsistent"
"11970",14,33,"wrap_up","tt",72,"wrap_up tt",5,0,1116,1116,"Ambiguous","Consistent"
"11972",14,28,"wrap_up","tt",72,"wrap_up tt",8,0,226,226,"Unambiguous","Inconsistent"
"11974",14,26,"wrap_up","tt",72,"wrap_up tt",6,0,524,524,"Unambiguous","Consistent"
"11976",14,37,"wrap_up","tt",72,"wrap_up tt",5,0,268,268,"Ambiguous","Consistent"
"11978",14,36,"wrap_up","tt",72,"wrap_up tt",8,0,976,976,"Unambiguous","Inconsistent"
"11980",14,46,"wrap_up","tt",72,"wrap_up tt",6,1,0,NA,"Unambiguous","Consistent"
"11982",14,29,"wrap_up","tt",72,"wrap_up tt",5,0,642,642,"Ambiguous","Consistent"
"11984",14,38,"wrap_up","tt",72,"wrap_up tt",6,0,160,160,"Unambiguous","Consistent"
"11986",14,39,"wrap_up","tt",72,"wrap_up tt",7,0,536,536,"Ambiguous","Inconsistent"
"11988",14,47,"wrap_up","tt",72,"wrap_up tt",7,0,468,468,"Ambiguous","Inconsistent"
"11990",14,25,"wrap_up","tt",72,"wrap_up tt",5,0,456,456,"Ambiguous","Consistent"
"11992",14,48,"wrap_up","tt",72,"wrap_up tt",8,0,218,218,"Unambiguous","Inconsistent"
"11994",14,42,"wrap_up","tt",72,"wrap_up tt",6,0,126,126,"Unambiguous","Consistent"
"11996",14,45,"wrap_up","tt",72,"wrap_up tt",5,0,332,332,"Ambiguous","Consistent"
"11998",14,43,"wrap_up","tt",72,"wrap_up tt",7,0,208,208,"Ambiguous","Inconsistent"
"12000",14,32,"wrap_up","tt",72,"wrap_up tt",8,1,0,NA,"Unambiguous","Inconsistent"
"12002",14,40,"wrap_up","tt",72,"wrap_up tt",8,0,730,730,"Unambiguous","Inconsistent"
"12004",14,30,"wrap_up","tt",72,"wrap_up tt",6,0,234,234,"Unambiguous","Consistent"
"12006",14,31,"wrap_up","tt",72,"wrap_up tt",7,0,450,450,"Ambiguous","Inconsistent"
"12756",15,34,"wrap_up","tt",73,"wrap_up tt",7,0,208,208,"Ambiguous","Inconsistent"
"12758",15,30,"wrap_up","tt",73,"wrap_up tt",7,0,394,394,"Ambiguous","Inconsistent"
"12760",15,35,"wrap_up","tt",73,"wrap_up tt",8,0,296,296,"Unambiguous","Inconsistent"
"12762",15,38,"wrap_up","tt",73,"wrap_up tt",7,0,322,322,"Ambiguous","Inconsistent"
"12764",15,46,"wrap_up","tt",73,"wrap_up tt",7,1,0,NA,"Ambiguous","Inconsistent"
"12765",15,36,"wrap_up","tt",73,"wrap_up tt",5,0,1066,1066,"Ambiguous","Consistent"
"12767",15,25,"wrap_up","tt",73,"wrap_up tt",6,0,354,354,"Unambiguous","Consistent"
"12769",15,28,"wrap_up","tt",73,"wrap_up tt",5,0,362,362,"Ambiguous","Consistent"
"12771",15,33,"wrap_up","tt",73,"wrap_up tt",6,0,234,234,"Unambiguous","Consistent"
"12773",15,42,"wrap_up","tt",73,"wrap_up tt",7,0,344,344,"Ambiguous","Inconsistent"
"12775",15,45,"wrap_up","tt",73,"wrap_up tt",6,0,382,382,"Unambiguous","Consistent"
"12777",15,29,"wrap_up","tt",73,"wrap_up tt",6,0,560,560,"Unambiguous","Consistent"
"12779",15,41,"wrap_up","tt",73,"wrap_up tt",6,0,112,112,"Unambiguous","Consistent"
"12781",15,31,"wrap_up","tt",73,"wrap_up tt",8,0,146,146,"Unambiguous","Inconsistent"
"12783",15,47,"wrap_up","tt",73,"wrap_up tt",8,0,410,410,"Unambiguous","Inconsistent"
"12784",15,37,"wrap_up","tt",73,"wrap_up tt",6,0,370,370,"Unambiguous","Consistent"
"12786",15,27,"wrap_up","tt",73,"wrap_up tt",8,0,680,680,"Unambiguous","Inconsistent"
"12787",15,48,"wrap_up","tt",73,"wrap_up tt",5,0,472,472,"Ambiguous","Consistent"
"12789",15,40,"wrap_up","tt",73,"wrap_up tt",5,0,174,174,"Ambiguous","Consistent"
"12791",15,43,"wrap_up","tt",73,"wrap_up tt",8,0,350,350,"Unambiguous","Inconsistent"
"12793",15,39,"wrap_up","tt",73,"wrap_up tt",8,0,218,218,"Unambiguous","Inconsistent"
"12795",15,26,"wrap_up","tt",73,"wrap_up tt",7,0,670,670,"Ambiguous","Inconsistent"
"12796",15,44,"wrap_up","tt",73,"wrap_up tt",5,0,916,916,"Ambiguous","Consistent"
"12798",15,32,"wrap_up","tt",73,"wrap_up tt",5,0,464,464,"Ambiguous","Consistent"
"13616",16,33,"wrap_up","tt",69,"wrap_up tt",7,0,410,410,"Ambiguous","Inconsistent"
"13618",16,25,"wrap_up","tt",69,"wrap_up tt",7,0,528,528,"Ambiguous","Inconsistent"
"13620",16,36,"wrap_up","tt",69,"wrap_up tt",6,0,762,762,"Unambiguous","Consistent"
"13622",16,47,"wrap_up","tt",69,"wrap_up tt",5,0,330,330,"Ambiguous","Consistent"
"13624",16,48,"wrap_up","tt",69,"wrap_up tt",6,0,188,188,"Unambiguous","Consistent"
"13626",16,30,"wrap_up","tt",69,"wrap_up tt",8,0,238,238,"Unambiguous","Inconsistent"
"13628",16,27,"wrap_up","tt",69,"wrap_up tt",5,0,292,292,"Ambiguous","Consistent"
"13630",16,41,"wrap_up","tt",69,"wrap_up tt",7,0,246,246,"Ambiguous","Inconsistent"
"13632",16,46,"wrap_up","tt",69,"wrap_up tt",8,1,0,NA,"Unambiguous","Inconsistent"
"13634",16,38,"wrap_up","tt",69,"wrap_up tt",8,0,158,158,"Unambiguous","Inconsistent"
"13636",16,44,"wrap_up","tt",69,"wrap_up tt",6,0,188,188,"Unambiguous","Consistent"
"13638",16,28,"wrap_up","tt",69,"wrap_up tt",6,0,244,244,"Unambiguous","Consistent"
"13640",16,31,"wrap_up","tt",69,"wrap_up tt",5,0,112,112,"Ambiguous","Consistent"
"13642",16,29,"wrap_up","tt",69,"wrap_up tt",7,0,396,396,"Ambiguous","Inconsistent"
"13644",16,37,"wrap_up","tt",69,"wrap_up tt",7,0,608,608,"Ambiguous","Inconsistent"
"13646",16,32,"wrap_up","tt",69,"wrap_up tt",6,1,0,NA,"Unambiguous","Consistent"
"13648",16,43,"wrap_up","tt",69,"wrap_up tt",5,0,314,314,"Ambiguous","Consistent"
"13650",16,26,"wrap_up","tt",69,"wrap_up tt",8,0,336,336,"Unambiguous","Inconsistent"
"13652",16,34,"wrap_up","tt",69,"wrap_up tt",8,0,716,716,"Unambiguous","Inconsistent"
"13654",16,35,"wrap_up","tt",69,"wrap_up tt",5,1,0,NA,"Ambiguous","Consistent"
"13656",16,42,"wrap_up","tt",69,"wrap_up tt",8,0,146,146,"Unambiguous","Inconsistent"
"13658",16,45,"wrap_up","tt",69,"wrap_up tt",7,0,202,202,"Ambiguous","Inconsistent"
"13660",16,40,"wrap_up","tt",69,"wrap_up tt",6,0,300,300,"Unambiguous","Consistent"
"13662",16,39,"wrap_up","tt",69,"wrap_up tt",5,0,216,216,"Ambiguous","Consistent"
"14480",17,35,"wrap_up","tt",82,"wrap_up tt",6,0,498,498,"Unambiguous","Consistent"
"14482",17,40,"wrap_up","tt",82,"wrap_up tt",7,0,226,226,"Ambiguous","Inconsistent"
"14484",17,42,"wrap_up","tt",82,"wrap_up tt",5,0,1034,1034,"Ambiguous","Consistent"
"14486",17,31,"wrap_up","tt",82,"wrap_up tt",6,0,586,586,"Unambiguous","Consistent"
"14488",17,33,"wrap_up","tt",82,"wrap_up tt",8,0,360,360,"Unambiguous","Inconsistent"
"14490",17,29,"wrap_up","tt",82,"wrap_up tt",8,0,894,894,"Unambiguous","Inconsistent"
"14492",17,28,"wrap_up","tt",82,"wrap_up tt",7,0,302,302,"Ambiguous","Inconsistent"
"14494",17,41,"wrap_up","tt",82,"wrap_up tt",8,0,518,518,"Unambiguous","Inconsistent"
"14496",17,44,"wrap_up","tt",82,"wrap_up tt",7,0,1432,1432,"Ambiguous","Inconsistent"
"14498",17,37,"wrap_up","tt",82,"wrap_up tt",8,0,996,996,"Unambiguous","Inconsistent"
"14500",17,30,"wrap_up","tt",82,"wrap_up tt",5,0,388,388,"Ambiguous","Consistent"
"14502",17,38,"wrap_up","tt",82,"wrap_up tt",5,0,308,308,"Ambiguous","Consistent"
"14504",17,47,"wrap_up","tt",82,"wrap_up tt",6,1,0,NA,"Unambiguous","Consistent"
"14506",17,32,"wrap_up","tt",82,"wrap_up tt",7,0,392,392,"Ambiguous","Inconsistent"
"14508",17,45,"wrap_up","tt",82,"wrap_up tt",8,0,334,334,"Unambiguous","Inconsistent"
"14510",17,39,"wrap_up","tt",82,"wrap_up tt",6,0,468,468,"Unambiguous","Consistent"
"14512",17,27,"wrap_up","tt",82,"wrap_up tt",6,0,536,536,"Unambiguous","Consistent"
"14514",17,43,"wrap_up","tt",82,"wrap_up tt",6,0,300,300,"Unambiguous","Consistent"
"14516",17,48,"wrap_up","tt",82,"wrap_up tt",7,0,610,610,"Ambiguous","Inconsistent"
"14518",17,34,"wrap_up","tt",82,"wrap_up tt",5,0,842,842,"Ambiguous","Consistent"
"14520",17,25,"wrap_up","tt",82,"wrap_up tt",8,0,1022,1022,"Unambiguous","Inconsistent"
"14522",17,36,"wrap_up","tt",82,"wrap_up tt",7,0,592,592,"Ambiguous","Inconsistent"
"14524",17,26,"wrap_up","tt",82,"wrap_up tt",5,0,1286,1286,"Ambiguous","Consistent"
"14526",17,46,"wrap_up","tt",82,"wrap_up tt",5,1,0,NA,"Ambiguous","Consistent"
"15344",18,47,"wrap_up","tt",89,"wrap_up tt",7,0,224,224,"Ambiguous","Inconsistent"
"15346",18,28,"wrap_up","tt",89,"wrap_up tt",8,0,410,410,"Unambiguous","Inconsistent"
"15348",18,27,"wrap_up","tt",89,"wrap_up tt",7,0,848,848,"Ambiguous","Inconsistent"
"15350",18,38,"wrap_up","tt",89,"wrap_up tt",6,0,220,220,"Unambiguous","Consistent"
"15352",18,34,"wrap_up","tt",89,"wrap_up tt",6,0,760,760,"Unambiguous","Consistent"
"15354",18,39,"wrap_up","tt",89,"wrap_up tt",7,0,904,904,"Ambiguous","Inconsistent"
"15356",18,31,"wrap_up","tt",89,"wrap_up tt",7,0,334,334,"Ambiguous","Inconsistent"
"15358",18,37,"wrap_up","tt",89,"wrap_up tt",5,0,328,328,"Ambiguous","Consistent"
"15360",18,45,"wrap_up","tt",89,"wrap_up tt",5,0,350,350,"Ambiguous","Consistent"
"15362",18,40,"wrap_up","tt",89,"wrap_up tt",8,0,1128,1128,"Unambiguous","Inconsistent"
"15364",18,33,"wrap_up","tt",89,"wrap_up tt",5,0,342,342,"Ambiguous","Consistent"
"15366",18,48,"wrap_up","tt",89,"wrap_up tt",8,0,542,542,"Unambiguous","Inconsistent"
"15368",18,30,"wrap_up","tt",89,"wrap_up tt",6,0,590,590,"Unambiguous","Consistent"
"15370",18,42,"wrap_up","tt",89,"wrap_up tt",6,0,378,378,"Unambiguous","Consistent"
"15372",18,25,"wrap_up","tt",89,"wrap_up tt",5,0,500,500,"Ambiguous","Consistent"
"15374",18,32,"wrap_up","tt",89,"wrap_up tt",8,0,562,562,"Unambiguous","Inconsistent"
"15376",18,44,"wrap_up","tt",89,"wrap_up tt",8,0,998,998,"Unambiguous","Inconsistent"
"15378",18,29,"wrap_up","tt",89,"wrap_up tt",5,0,244,244,"Ambiguous","Consistent"
"15380",18,41,"wrap_up","tt",89,"wrap_up tt",5,0,334,334,"Ambiguous","Consistent"
"15382",18,35,"wrap_up","tt",89,"wrap_up tt",7,0,516,516,"Ambiguous","Inconsistent"
"15384",18,46,"wrap_up","tt",89,"wrap_up tt",6,1,0,NA,"Unambiguous","Consistent"
"15386",18,26,"wrap_up","tt",89,"wrap_up tt",6,0,356,356,"Unambiguous","Consistent"
"15388",18,36,"wrap_up","tt",89,"wrap_up tt",8,0,608,608,"Unambiguous","Inconsistent"
"15390",18,43,"wrap_up","tt",89,"wrap_up tt",7,0,560,560,"Ambiguous","Inconsistent"
"16207",19,29,"wrap_up","tt",53,"wrap_up tt",6,0,690,690,"Unambiguous","Consistent"
"16209",19,45,"wrap_up","tt",53,"wrap_up tt",6,0,312,312,"Unambiguous","Consistent"
"16211",19,27,"wrap_up","tt",53,"wrap_up tt",8,0,446,446,"Unambiguous","Inconsistent"
"16213",19,46,"wrap_up","tt",53,"wrap_up tt",7,1,0,NA,"Ambiguous","Inconsistent"
"16215",19,41,"wrap_up","tt",53,"wrap_up tt",6,0,590,590,"Unambiguous","Consistent"
"16217",19,30,"wrap_up","tt",53,"wrap_up tt",7,0,428,428,"Ambiguous","Inconsistent"
"16219",19,47,"wrap_up","tt",53,"wrap_up tt",8,0,230,230,"Unambiguous","Inconsistent"
"16221",19,33,"wrap_up","tt",53,"wrap_up tt",6,0,240,240,"Unambiguous","Consistent"
"16223",19,39,"wrap_up","tt",53,"wrap_up tt",8,0,212,212,"Unambiguous","Inconsistent"
"16225",19,40,"wrap_up","tt",53,"wrap_up tt",5,0,356,356,"Ambiguous","Consistent"
"16227",19,48,"wrap_up","tt",53,"wrap_up tt",5,0,778,778,"Ambiguous","Consistent"
"16229",19,32,"wrap_up","tt",53,"wrap_up tt",5,0,102,102,"Ambiguous","Consistent"
"16231",19,42,"wrap_up","tt",53,"wrap_up tt",7,0,288,288,"Ambiguous","Inconsistent"
"16233",19,31,"wrap_up","tt",53,"wrap_up tt",8,0,572,572,"Unambiguous","Inconsistent"
"16235",19,34,"wrap_up","tt",53,"wrap_up tt",7,0,314,314,"Ambiguous","Inconsistent"
"16237",19,35,"wrap_up","tt",53,"wrap_up tt",8,0,226,226,"Unambiguous","Inconsistent"
"16239",19,37,"wrap_up","tt",53,"wrap_up tt",6,0,526,526,"Unambiguous","Consistent"
"16241",19,26,"wrap_up","tt",53,"wrap_up tt",7,0,232,232,"Ambiguous","Inconsistent"
"16243",19,43,"wrap_up","tt",53,"wrap_up tt",8,0,628,628,"Unambiguous","Inconsistent"
"16245",19,25,"wrap_up","tt",53,"wrap_up tt",6,1,0,NA,"Unambiguous","Consistent"
"16247",19,28,"wrap_up","tt",53,"wrap_up tt",5,0,536,536,"Ambiguous","Consistent"
"16249",19,44,"wrap_up","tt",53,"wrap_up tt",5,0,444,444,"Ambiguous","Consistent"
"16251",19,36,"wrap_up","tt",53,"wrap_up tt",5,0,522,522,"Ambiguous","Consistent"
"16253",19,38,"wrap_up","tt",53,"wrap_up tt",7,1,0,NA,"Ambiguous","Inconsistent"
"17071",20,41,"wrap_up","tt",81,"wrap_up tt",7,0,314,314,"Ambiguous","Inconsistent"
"17073",20,37,"wrap_up","tt",81,"wrap_up tt",7,0,302,302,"Ambiguous","Inconsistent"
"17075",20,47,"wrap_up","tt",81,"wrap_up tt",5,0,566,566,"Ambiguous","Consistent"
"17077",20,25,"wrap_up","tt",81,"wrap_up tt",7,0,870,870,"Ambiguous","Inconsistent"
"17079",20,39,"wrap_up","tt",81,"wrap_up tt",5,0,776,776,"Ambiguous","Consistent"
"17081",20,40,"wrap_up","tt",81,"wrap_up tt",6,0,186,186,"Unambiguous","Consistent"
"17083",20,30,"wrap_up","tt",81,"wrap_up tt",8,0,466,466,"Unambiguous","Inconsistent"
"17085",20,34,"wrap_up","tt",81,"wrap_up tt",8,0,1680,1680,"Unambiguous","Inconsistent"
"17087",20,26,"wrap_up","tt",81,"wrap_up tt",8,0,500,500,"Unambiguous","Inconsistent"
"17089",20,28,"wrap_up","tt",81,"wrap_up tt",6,0,526,526,"Unambiguous","Consistent"
"17091",20,36,"wrap_up","tt",81,"wrap_up tt",6,0,196,196,"Unambiguous","Consistent"
"17093",20,45,"wrap_up","tt",81,"wrap_up tt",7,0,564,564,"Ambiguous","Inconsistent"
"17095",20,42,"wrap_up","tt",81,"wrap_up tt",8,0,1834,1834,"Unambiguous","Inconsistent"
"17097",20,29,"wrap_up","tt",81,"wrap_up tt",7,0,1750,1750,"Ambiguous","Inconsistent"
"17099",20,44,"wrap_up","tt",81,"wrap_up tt",6,0,522,522,"Unambiguous","Consistent"
"17101",20,46,"wrap_up","tt",81,"wrap_up tt",8,1,0,NA,"Unambiguous","Inconsistent"
"17103",20,32,"wrap_up","tt",81,"wrap_up tt",6,0,298,298,"Unambiguous","Consistent"
"17105",20,38,"wrap_up","tt",81,"wrap_up tt",8,0,488,488,"Unambiguous","Inconsistent"
"17107",20,43,"wrap_up","tt",81,"wrap_up tt",5,0,564,564,"Ambiguous","Consistent"
"17109",20,33,"wrap_up","tt",81,"wrap_up tt",7,0,734,734,"Ambiguous","Inconsistent"
"17111",20,31,"wrap_up","tt",81,"wrap_up tt",5,0,226,226,"Ambiguous","Consistent"
"17113",20,35,"wrap_up","tt",81,"wrap_up tt",5,0,388,388,"Ambiguous","Consistent"
"17115",20,48,"wrap_up","tt",81,"wrap_up tt",6,0,190,190,"Unambiguous","Consistent"
"17117",20,27,"wrap_up","tt",81,"wrap_up tt",5,0,296,296,"Ambiguous","Consistent"
"17935",21,31,"wrap_up","tt",86,"wrap_up tt",6,0,422,422,"Unambiguous","Consistent"
"17937",21,37,"wrap_up","tt",86,"wrap_up tt",8,0,730,730,"Unambiguous","Inconsistent"
"17939",21,36,"wrap_up","tt",86,"wrap_up tt",7,0,2886,2886,"Ambiguous","Inconsistent"
"17941",21,46,"wrap_up","tt",86,"wrap_up tt",5,1,0,NA,"Ambiguous","Consistent"
"17943",21,28,"wrap_up","tt",86,"wrap_up tt",7,0,1214,1214,"Ambiguous","Inconsistent"
"17945",21,34,"wrap_up","tt",86,"wrap_up tt",5,0,640,640,"Ambiguous","Consistent"
"17947",21,35,"wrap_up","tt",86,"wrap_up tt",6,0,186,186,"Unambiguous","Consistent"
"17949",21,48,"wrap_up","tt",86,"wrap_up tt",7,0,796,796,"Ambiguous","Inconsistent"
"17951",21,47,"wrap_up","tt",86,"wrap_up tt",6,0,142,142,"Unambiguous","Consistent"
"17953",21,40,"wrap_up","tt",86,"wrap_up tt",7,0,768,768,"Ambiguous","Inconsistent"
"17955",21,41,"wrap_up","tt",86,"wrap_up tt",8,0,436,436,"Unambiguous","Inconsistent"
"17957",21,44,"wrap_up","tt",86,"wrap_up tt",7,0,536,536,"Ambiguous","Inconsistent"
"17959",21,43,"wrap_up","tt",86,"wrap_up tt",6,0,1122,1122,"Unambiguous","Consistent"
"17961",21,25,"wrap_up","tt",86,"wrap_up tt",8,0,770,770,"Unambiguous","Inconsistent"
"17963",21,39,"wrap_up","tt",86,"wrap_up tt",6,0,554,554,"Unambiguous","Consistent"
"17965",21,32,"wrap_up","tt",86,"wrap_up tt",7,0,942,942,"Ambiguous","Inconsistent"
"17967",21,27,"wrap_up","tt",86,"wrap_up tt",6,0,442,442,"Unambiguous","Consistent"
"17969",21,26,"wrap_up","tt",86,"wrap_up tt",5,0,116,116,"Ambiguous","Consistent"
"17971",21,45,"wrap_up","tt",86,"wrap_up tt",8,0,502,502,"Unambiguous","Inconsistent"
"17973",21,38,"wrap_up","tt",86,"wrap_up tt",5,0,276,276,"Ambiguous","Consistent"
"17975",21,33,"wrap_up","tt",86,"wrap_up tt",8,0,194,194,"Unambiguous","Inconsistent"
"17977",21,30,"wrap_up","tt",86,"wrap_up tt",5,0,1128,1128,"Ambiguous","Consistent"
"17979",21,29,"wrap_up","tt",86,"wrap_up tt",8,0,874,874,"Unambiguous","Inconsistent"
"17981",21,42,"wrap_up","tt",86,"wrap_up tt",5,0,226,226,"Ambiguous","Consistent"
"18800",22,47,"wrap_up","tt",53,"wrap_up tt",7,0,440,440,"Ambiguous","Inconsistent"
"18802",22,36,"wrap_up","tt",53,"wrap_up tt",8,0,2466,2466,"Unambiguous","Inconsistent"
"18804",22,25,"wrap_up","tt",53,"wrap_up tt",5,0,1214,1214,"Ambiguous","Consistent"
"18806",22,43,"wrap_up","tt",53,"wrap_up tt",7,0,652,652,"Ambiguous","Inconsistent"
"18808",22,27,"wrap_up","tt",53,"wrap_up tt",7,0,1220,1220,"Ambiguous","Inconsistent"
"18810",22,38,"wrap_up","tt",53,"wrap_up tt",6,0,512,512,"Unambiguous","Consistent"
"18812",22,35,"wrap_up","tt",53,"wrap_up tt",7,0,554,554,"Ambiguous","Inconsistent"
"18814",22,40,"wrap_up","tt",53,"wrap_up tt",8,0,402,402,"Unambiguous","Inconsistent"
"18816",22,45,"wrap_up","tt",53,"wrap_up tt",5,0,284,284,"Ambiguous","Consistent"
"18818",22,39,"wrap_up","tt",53,"wrap_up tt",7,0,724,724,"Ambiguous","Inconsistent"
"18820",22,28,"wrap_up","tt",53,"wrap_up tt",8,0,1658,1658,"Unambiguous","Inconsistent"
"18822",22,42,"wrap_up","tt",53,"wrap_up tt",6,0,936,936,"Unambiguous","Consistent"
"18824",22,37,"wrap_up","tt",53,"wrap_up tt",5,0,902,902,"Ambiguous","Consistent"
"18826",22,30,"wrap_up","tt",53,"wrap_up tt",6,0,2258,2258,"Unambiguous","Consistent"
"18828",22,31,"wrap_up","tt",53,"wrap_up tt",7,0,560,560,"Ambiguous","Inconsistent"
"18830",22,32,"wrap_up","tt",53,"wrap_up tt",8,0,514,514,"Unambiguous","Inconsistent"
"18832",22,46,"wrap_up","tt",53,"wrap_up tt",6,1,0,NA,"Unambiguous","Consistent"
"18834",22,34,"wrap_up","tt",53,"wrap_up tt",6,0,1300,1300,"Unambiguous","Consistent"
"18836",22,33,"wrap_up","tt",53,"wrap_up tt",5,0,754,754,"Ambiguous","Consistent"
"18838",22,26,"wrap_up","tt",53,"wrap_up tt",6,0,1688,1688,"Unambiguous","Consistent"
"18840",22,29,"wrap_up","tt",53,"wrap_up tt",5,0,1082,1082,"Ambiguous","Consistent"
"18842",22,41,"wrap_up","tt",53,"wrap_up tt",5,0,858,858,"Ambiguous","Consistent"
"18844",22,48,"wrap_up","tt",53,"wrap_up tt",8,0,1146,1146,"Unambiguous","Inconsistent"
"18846",22,44,"wrap_up","tt",53,"wrap_up tt",8,0,506,506,"Unambiguous","Inconsistent"
"19664",23,34,"wrap_up","tt",79,"wrap_up tt",8,0,1710,1710,"Unambiguous","Inconsistent"
"19666",23,28,"wrap_up","tt",79,"wrap_up tt",6,0,447,447,"Unambiguous","Consistent"
"19668",23,43,"wrap_up","tt",79,"wrap_up tt",5,0,1058,1058,"Ambiguous","Consistent"
"19670",23,33,"wrap_up","tt",79,"wrap_up tt",7,0,454,454,"Ambiguous","Inconsistent"
"19672",23,45,"wrap_up","tt",79,"wrap_up tt",7,0,1503,1503,"Ambiguous","Inconsistent"
"19674",23,35,"wrap_up","tt",79,"wrap_up tt",5,0,299,299,"Ambiguous","Consistent"
"19676",23,37,"wrap_up","tt",79,"wrap_up tt",7,0,621,621,"Ambiguous","Inconsistent"
"19678",23,29,"wrap_up","tt",79,"wrap_up tt",7,0,1074,1074,"Ambiguous","Inconsistent"
"19680",23,38,"wrap_up","tt",79,"wrap_up tt",8,0,476,476,"Unambiguous","Inconsistent"
"19682",23,32,"wrap_up","tt",79,"wrap_up tt",6,0,967,967,"Unambiguous","Consistent"
"19684",23,30,"wrap_up","tt",79,"wrap_up tt",8,0,552,552,"Unambiguous","Inconsistent"
"19686",23,44,"wrap_up","tt",79,"wrap_up tt",6,0,1013,1013,"Unambiguous","Consistent"
"19688",23,31,"wrap_up","tt",79,"wrap_up tt",5,0,280,280,"Ambiguous","Consistent"
"19690",23,41,"wrap_up","tt",79,"wrap_up tt",7,0,825,825,"Ambiguous","Inconsistent"
"19692",23,26,"wrap_up","tt",79,"wrap_up tt",8,0,555,555,"Unambiguous","Inconsistent"
"19694",23,36,"wrap_up","tt",79,"wrap_up tt",6,0,2599,2599,"Unambiguous","Consistent"
"19696",23,47,"wrap_up","tt",79,"wrap_up tt",5,0,391,391,"Ambiguous","Consistent"
"19698",23,40,"wrap_up","tt",79,"wrap_up tt",6,0,525,525,"Unambiguous","Consistent"
"19700",23,39,"wrap_up","tt",79,"wrap_up tt",5,0,794,794,"Ambiguous","Consistent"
"19702",23,46,"wrap_up","tt",79,"wrap_up tt",8,1,0,NA,"Unambiguous","Inconsistent"
"19704",23,42,"wrap_up","tt",79,"wrap_up tt",8,0,483,483,"Unambiguous","Inconsistent"
"19706",23,25,"wrap_up","tt",79,"wrap_up tt",7,0,802,802,"Ambiguous","Inconsistent"
"19708",23,48,"wrap_up","tt",79,"wrap_up tt",6,0,662,662,"Unambiguous","Consistent"
"19710",23,27,"wrap_up","tt",79,"wrap_up tt",5,0,868,868,"Ambiguous","Consistent"
"20511",24,34,"wrap_up","tt",86,"wrap_up tt",7,0,402,402,"Ambiguous","Inconsistent"
"20512",24,39,"wrap_up","tt",86,"wrap_up tt",8,0,916,916,"Unambiguous","Inconsistent"
"20514",24,46,"wrap_up","tt",86,"wrap_up tt",7,1,0,NA,"Ambiguous","Inconsistent"
"20516",24,44,"wrap_up","tt",86,"wrap_up tt",5,0,808,808,"Ambiguous","Consistent"
"20518",24,30,"wrap_up","tt",86,"wrap_up tt",7,0,628,628,"Ambiguous","Inconsistent"
"20520",24,40,"wrap_up","tt",86,"wrap_up tt",5,0,528,528,"Ambiguous","Consistent"
"20522",24,37,"wrap_up","tt",86,"wrap_up tt",6,0,1728,1728,"Unambiguous","Consistent"
"20524",24,31,"wrap_up","tt",86,"wrap_up tt",8,0,796,796,"Unambiguous","Inconsistent"
"20526",24,26,"wrap_up","tt",86,"wrap_up tt",7,0,716,716,"Ambiguous","Inconsistent"
"20528",24,42,"wrap_up","tt",86,"wrap_up tt",7,0,350,350,"Ambiguous","Inconsistent"
"20530",24,27,"wrap_up","tt",86,"wrap_up tt",8,0,514,514,"Unambiguous","Inconsistent"
"20532",24,35,"wrap_up","tt",86,"wrap_up tt",8,0,542,542,"Unambiguous","Inconsistent"
"20534",24,48,"wrap_up","tt",86,"wrap_up tt",5,0,844,844,"Ambiguous","Consistent"
"20536",24,32,"wrap_up","tt",86,"wrap_up tt",5,0,782,782,"Ambiguous","Consistent"
"20538",24,36,"wrap_up","tt",86,"wrap_up tt",5,0,632,632,"Ambiguous","Consistent"
"20540",24,38,"wrap_up","tt",86,"wrap_up tt",7,1,0,NA,"Ambiguous","Inconsistent"
"20542",24,45,"wrap_up","tt",86,"wrap_up tt",6,0,568,568,"Unambiguous","Consistent"
"20544",24,33,"wrap_up","tt",86,"wrap_up tt",6,0,570,570,"Unambiguous","Consistent"
"20546",24,28,"wrap_up","tt",86,"wrap_up tt",5,0,578,578,"Ambiguous","Consistent"
"20548",24,41,"wrap_up","tt",86,"wrap_up tt",6,0,424,424,"Unambiguous","Consistent"
"20550",24,43,"wrap_up","tt",86,"wrap_up tt",8,0,654,654,"Unambiguous","Inconsistent"
"20552",24,25,"wrap_up","tt",86,"wrap_up tt",6,0,546,546,"Unambiguous","Consistent"
"20554",24,29,"wrap_up","tt",86,"wrap_up tt",6,0,1786,1786,"Unambiguous","Consistent"
"20556",24,47,"wrap_up","tt",86,"wrap_up tt",8,0,746,746,"Unambiguous","Inconsistent"
"21373",25,29,"wrap_up","tt",52,"wrap_up tt",7,0,600,600,"Ambiguous","Inconsistent"
"21375",25,43,"wrap_up","tt",52,"wrap_up tt",5,0,470,470,"Ambiguous","Consistent"
"21377",25,34,"wrap_up","tt",52,"wrap_up tt",8,0,346,346,"Unambiguous","Inconsistent"
"21379",25,46,"wrap_up","tt",52,"wrap_up tt",8,1,0,NA,"Unambiguous","Inconsistent"
"21381",25,26,"wrap_up","tt",52,"wrap_up tt",8,0,162,162,"Unambiguous","Inconsistent"
"21383",25,37,"wrap_up","tt",52,"wrap_up tt",7,0,374,374,"Ambiguous","Inconsistent"
"21385",25,45,"wrap_up","tt",52,"wrap_up tt",7,0,310,310,"Ambiguous","Inconsistent"
"21387",25,44,"wrap_up","tt",52,"wrap_up tt",6,0,154,154,"Unambiguous","Consistent"
"21389",25,35,"wrap_up","tt",52,"wrap_up tt",5,0,118,118,"Ambiguous","Consistent"
"21391",25,47,"wrap_up","tt",52,"wrap_up tt",5,1,0,NA,"Ambiguous","Consistent"
"21393",25,27,"wrap_up","tt",52,"wrap_up tt",5,0,438,438,"Ambiguous","Consistent"
"21395",25,32,"wrap_up","tt",52,"wrap_up tt",6,1,0,NA,"Unambiguous","Consistent"
"21397",25,25,"wrap_up","tt",52,"wrap_up tt",7,0,270,270,"Ambiguous","Inconsistent"
"21399",25,31,"wrap_up","tt",52,"wrap_up tt",5,0,114,114,"Ambiguous","Consistent"
"21401",25,38,"wrap_up","tt",52,"wrap_up tt",8,0,218,218,"Unambiguous","Inconsistent"
"21403",25,36,"wrap_up","tt",52,"wrap_up tt",6,0,438,438,"Unambiguous","Consistent"
"21405",25,48,"wrap_up","tt",52,"wrap_up tt",6,0,226,226,"Unambiguous","Consistent"
"21407",25,40,"wrap_up","tt",52,"wrap_up tt",6,0,88,88,"Unambiguous","Consistent"
"21409",25,42,"wrap_up","tt",52,"wrap_up tt",8,0,126,126,"Unambiguous","Inconsistent"
"21411",25,28,"wrap_up","tt",52,"wrap_up tt",6,0,246,246,"Unambiguous","Consistent"
"21413",25,33,"wrap_up","tt",52,"wrap_up tt",7,0,166,166,"Ambiguous","Inconsistent"
"21415",25,41,"wrap_up","tt",52,"wrap_up tt",7,0,210,210,"Ambiguous","Inconsistent"
"21417",25,30,"wrap_up","tt",52,"wrap_up tt",8,0,170,170,"Unambiguous","Inconsistent"
"21419",25,39,"wrap_up","tt",52,"wrap_up tt",5,0,162,162,"Ambiguous","Consistent"
"22237",26,42,"wrap_up","tt",83,"wrap_up tt",5,0,802,802,"Ambiguous","Consistent"
"22239",26,37,"wrap_up","tt",83,"wrap_up tt",8,0,588,588,"Unambiguous","Inconsistent"
"22241",26,26,"wrap_up","tt",83,"wrap_up tt",5,0,108,108,"Ambiguous","Consistent"
"22243",26,33,"wrap_up","tt",83,"wrap_up tt",8,0,602,602,"Unambiguous","Inconsistent"
"22245",26,31,"wrap_up","tt",83,"wrap_up tt",6,0,154,154,"Unambiguous","Consistent"
"22247",26,47,"wrap_up","tt",83,"wrap_up tt",6,0,750,750,"Unambiguous","Consistent"
"22249",26,43,"wrap_up","tt",83,"wrap_up tt",6,0,446,446,"Unambiguous","Consistent"
"22251",26,27,"wrap_up","tt",83,"wrap_up tt",6,0,610,610,"Unambiguous","Consistent"
"22253",26,38,"wrap_up","tt",83,"wrap_up tt",5,0,374,374,"Ambiguous","Consistent"
"22255",26,46,"wrap_up","tt",83,"wrap_up tt",5,1,0,NA,"Ambiguous","Consistent"
"22257",26,34,"wrap_up","tt",83,"wrap_up tt",5,0,520,520,"Ambiguous","Consistent"
"22259",26,45,"wrap_up","tt",83,"wrap_up tt",8,0,442,442,"Unambiguous","Inconsistent"
"22261",26,44,"wrap_up","tt",83,"wrap_up tt",7,0,298,298,"Ambiguous","Inconsistent"
"22263",26,39,"wrap_up","tt",83,"wrap_up tt",6,0,300,300,"Unambiguous","Consistent"
"22265",26,25,"wrap_up","tt",83,"wrap_up tt",8,0,296,296,"Unambiguous","Inconsistent"
"22267",26,28,"wrap_up","tt",83,"wrap_up tt",7,0,364,364,"Ambiguous","Inconsistent"
"22269",26,35,"wrap_up","tt",83,"wrap_up tt",6,0,656,656,"Unambiguous","Consistent"
"22271",26,48,"wrap_up","tt",83,"wrap_up tt",7,0,350,350,"Ambiguous","Inconsistent"
"22273",26,41,"wrap_up","tt",83,"wrap_up tt",8,0,480,480,"Unambiguous","Inconsistent"
"22275",26,32,"wrap_up","tt",83,"wrap_up tt",7,0,220,220,"Ambiguous","Inconsistent"
"22277",26,40,"wrap_up","tt",83,"wrap_up tt",7,0,264,264,"Ambiguous","Inconsistent"
"22279",26,29,"wrap_up","tt",83,"wrap_up tt",8,0,176,176,"Unambiguous","Inconsistent"
"22281",26,30,"wrap_up","tt",83,"wrap_up tt",5,0,196,196,"Ambiguous","Consistent"
"22283",26,36,"wrap_up","tt",83,"wrap_up tt",7,0,1526,1526,"Ambiguous","Inconsistent"
"23101",27,46,"wrap_up","tt",85,"wrap_up tt",6,1,0,NA,"Unambiguous","Consistent"
"23103",27,42,"wrap_up","tt",85,"wrap_up tt",6,0,792,792,"Unambiguous","Consistent"
"23105",27,36,"wrap_up","tt",85,"wrap_up tt",8,0,772,772,"Unambiguous","Inconsistent"
"23107",27,35,"wrap_up","tt",85,"wrap_up tt",7,0,108,108,"Ambiguous","Inconsistent"
"23109",27,39,"wrap_up","tt",85,"wrap_up tt",7,0,142,142,"Ambiguous","Inconsistent"
"23111",27,37,"wrap_up","tt",85,"wrap_up tt",5,0,568,568,"Ambiguous","Consistent"
"23113",27,45,"wrap_up","tt",85,"wrap_up tt",5,0,256,256,"Ambiguous","Consistent"
"23115",27,25,"wrap_up","tt",85,"wrap_up tt",5,0,358,358,"Ambiguous","Consistent"
"23117",27,28,"wrap_up","tt",85,"wrap_up tt",8,1,0,NA,"Unambiguous","Inconsistent"
"23119",27,30,"wrap_up","tt",85,"wrap_up tt",6,0,406,406,"Unambiguous","Consistent"
"23121",27,31,"wrap_up","tt",85,"wrap_up tt",7,0,448,448,"Ambiguous","Inconsistent"
"23123",27,33,"wrap_up","tt",85,"wrap_up tt",5,0,204,204,"Ambiguous","Consistent"
"23125",27,27,"wrap_up","tt",85,"wrap_up tt",7,0,358,358,"Ambiguous","Inconsistent"
"23127",27,47,"wrap_up","tt",85,"wrap_up tt",7,0,160,160,"Ambiguous","Inconsistent"
"23129",27,38,"wrap_up","tt",85,"wrap_up tt",6,1,0,NA,"Unambiguous","Consistent"
"23131",27,41,"wrap_up","tt",85,"wrap_up tt",5,0,104,104,"Ambiguous","Consistent"
"23133",27,29,"wrap_up","tt",85,"wrap_up tt",5,0,370,370,"Ambiguous","Consistent"
"23135",27,48,"wrap_up","tt",85,"wrap_up tt",8,0,146,146,"Unambiguous","Inconsistent"
"23137",27,26,"wrap_up","tt",85,"wrap_up tt",6,1,0,NA,"Unambiguous","Consistent"
"23139",27,32,"wrap_up","tt",85,"wrap_up tt",8,0,396,396,"Unambiguous","Inconsistent"
"23141",27,44,"wrap_up","tt",85,"wrap_up tt",8,0,508,508,"Unambiguous","Inconsistent"
"23143",27,43,"wrap_up","tt",85,"wrap_up tt",7,0,362,362,"Ambiguous","Inconsistent"
"23145",27,34,"wrap_up","tt",85,"wrap_up tt",6,0,250,250,"Unambiguous","Consistent"
"23147",27,40,"wrap_up","tt",85,"wrap_up tt",8,0,266,266,"Unambiguous","Inconsistent"
"23965",28,27,"wrap_up","tt",63,"wrap_up tt",8,0,612,612,"Unambiguous","Inconsistent"
"23967",28,26,"wrap_up","tt",63,"wrap_up tt",7,0,594,594,"Ambiguous","Inconsistent"
"23969",28,28,"wrap_up","tt",63,"wrap_up tt",5,0,388,388,"Ambiguous","Consistent"
"23971",28,29,"wrap_up","tt",63,"wrap_up tt",6,0,352,352,"Unambiguous","Consistent"
"23973",28,33,"wrap_up","tt",63,"wrap_up tt",6,0,440,440,"Unambiguous","Consistent"
"23975",28,44,"wrap_up","tt",63,"wrap_up tt",5,0,946,946,"Ambiguous","Consistent"
"23977",28,45,"wrap_up","tt",63,"wrap_up tt",6,0,154,154,"Unambiguous","Consistent"
"23979",28,47,"wrap_up","tt",63,"wrap_up tt",8,0,262,262,"Unambiguous","Inconsistent"
"23981",28,48,"wrap_up","tt",63,"wrap_up tt",5,0,290,290,"Ambiguous","Consistent"
"23983",28,37,"wrap_up","tt",63,"wrap_up tt",6,0,714,714,"Unambiguous","Consistent"
"23985",28,38,"wrap_up","tt",63,"wrap_up tt",7,0,312,312,"Ambiguous","Inconsistent"
"23987",28,30,"wrap_up","tt",63,"wrap_up tt",7,0,540,540,"Ambiguous","Inconsistent"
"23989",28,40,"wrap_up","tt",63,"wrap_up tt",5,0,280,280,"Ambiguous","Consistent"
"23991",28,35,"wrap_up","tt",63,"wrap_up tt",8,0,168,168,"Unambiguous","Inconsistent"
"23993",28,25,"wrap_up","tt",63,"wrap_up tt",6,0,352,352,"Unambiguous","Consistent"
"23995",28,31,"wrap_up","tt",63,"wrap_up tt",8,0,476,476,"Unambiguous","Inconsistent"
"23997",28,32,"wrap_up","tt",63,"wrap_up tt",5,0,166,166,"Ambiguous","Consistent"
"23999",28,39,"wrap_up","tt",63,"wrap_up tt",8,0,418,418,"Unambiguous","Inconsistent"
"24001",28,46,"wrap_up","tt",63,"wrap_up tt",7,1,0,NA,"Ambiguous","Inconsistent"
"24003",28,34,"wrap_up","tt",63,"wrap_up tt",7,0,638,638,"Ambiguous","Inconsistent"
"24005",28,41,"wrap_up","tt",63,"wrap_up tt",6,0,424,424,"Unambiguous","Consistent"
"24007",28,43,"wrap_up","tt",63,"wrap_up tt",8,0,278,278,"Unambiguous","Inconsistent"
"24009",28,36,"wrap_up","tt",63,"wrap_up tt",5,0,424,424,"Ambiguous","Consistent"
"24011",28,42,"wrap_up","tt",63,"wrap_up tt",7,0,522,522,"Ambiguous","Inconsistent"
"24813",29,42,"wrap_up","tt",65,"wrap_up tt",8,0,456,456,"Unambiguous","Inconsistent"
"24815",29,39,"wrap_up","tt",65,"wrap_up tt",5,0,1118,1118,"Ambiguous","Consistent"
"24817",29,43,"wrap_up","tt",65,"wrap_up tt",5,0,378,378,"Ambiguous","Consistent"
"24819",29,46,"wrap_up","tt",65,"wrap_up tt",8,1,0,NA,"Unambiguous","Inconsistent"
"24821",29,45,"wrap_up","tt",65,"wrap_up tt",7,0,492,492,"Ambiguous","Inconsistent"
"24823",29,29,"wrap_up","tt",65,"wrap_up tt",7,0,1042,1042,"Ambiguous","Inconsistent"
"24825",29,31,"wrap_up","tt",65,"wrap_up tt",5,0,358,358,"Ambiguous","Consistent"
"24827",29,38,"wrap_up","tt",65,"wrap_up tt",8,0,186,186,"Unambiguous","Inconsistent"
"24829",29,41,"wrap_up","tt",65,"wrap_up tt",7,0,174,174,"Ambiguous","Inconsistent"
"24831",29,28,"wrap_up","tt",65,"wrap_up tt",6,0,324,324,"Unambiguous","Consistent"
"24833",29,26,"wrap_up","tt",65,"wrap_up tt",8,0,432,432,"Unambiguous","Inconsistent"
"24835",29,32,"wrap_up","tt",65,"wrap_up tt",6,0,344,344,"Unambiguous","Consistent"
"24837",29,27,"wrap_up","tt",65,"wrap_up tt",5,0,662,662,"Ambiguous","Consistent"
"24839",29,36,"wrap_up","tt",65,"wrap_up tt",6,0,934,934,"Unambiguous","Consistent"
"24841",29,34,"wrap_up","tt",65,"wrap_up tt",8,0,298,298,"Unambiguous","Inconsistent"
"24843",29,35,"wrap_up","tt",65,"wrap_up tt",5,1,0,NA,"Ambiguous","Consistent"
"24844",29,40,"wrap_up","tt",65,"wrap_up tt",6,0,412,412,"Unambiguous","Consistent"
"24846",29,44,"wrap_up","tt",65,"wrap_up tt",6,1,0,NA,"Unambiguous","Consistent"
"24848",29,30,"wrap_up","tt",65,"wrap_up tt",8,0,212,212,"Unambiguous","Inconsistent"
"24850",29,25,"wrap_up","tt",65,"wrap_up tt",7,0,144,144,"Ambiguous","Inconsistent"
"24852",29,33,"wrap_up","tt",65,"wrap_up tt",7,0,274,274,"Ambiguous","Inconsistent"
"24854",29,37,"wrap_up","tt",65,"wrap_up tt",7,0,596,596,"Ambiguous","Inconsistent"
"24856",29,47,"wrap_up","tt",65,"wrap_up tt",5,0,226,226,"Ambiguous","Consistent"
"24858",29,48,"wrap_up","tt",65,"wrap_up tt",6,0,304,304,"Unambiguous","Consistent"
"25676",30,36,"wrap_up","tt",60,"wrap_up tt",7,0,2526,2526,"Ambiguous","Inconsistent"
"25678",30,44,"wrap_up","tt",60,"wrap_up tt",7,0,1634,1634,"Ambiguous","Inconsistent"
"25680",30,32,"wrap_up","tt",60,"wrap_up tt",7,0,140,140,"Ambiguous","Inconsistent"
"25682",30,25,"wrap_up","tt",60,"wrap_up tt",8,0,968,968,"Unambiguous","Inconsistent"
"25684",30,27,"wrap_up","tt",60,"wrap_up tt",6,0,636,636,"Unambiguous","Consistent"
"25686",30,37,"wrap_up","tt",60,"wrap_up tt",8,0,1392,1392,"Unambiguous","Inconsistent"
"25688",30,38,"wrap_up","tt",60,"wrap_up tt",5,0,174,174,"Ambiguous","Consistent"
"25690",30,47,"wrap_up","tt",60,"wrap_up tt",6,0,590,590,"Unambiguous","Consistent"
"25692",30,33,"wrap_up","tt",60,"wrap_up tt",8,0,342,342,"Unambiguous","Inconsistent"
"25694",30,30,"wrap_up","tt",60,"wrap_up tt",5,0,642,642,"Ambiguous","Consistent"
"25696",30,48,"wrap_up","tt",60,"wrap_up tt",7,0,1500,1500,"Ambiguous","Inconsistent"
"25698",30,40,"wrap_up","tt",60,"wrap_up tt",7,0,718,718,"Ambiguous","Inconsistent"
"25700",30,46,"wrap_up","tt",60,"wrap_up tt",5,1,0,NA,"Ambiguous","Consistent"
"25702",30,35,"wrap_up","tt",60,"wrap_up tt",6,1,0,NA,"Unambiguous","Consistent"
"25704",30,43,"wrap_up","tt",60,"wrap_up tt",6,0,232,232,"Unambiguous","Consistent"
"25706",30,41,"wrap_up","tt",60,"wrap_up tt",8,0,682,682,"Unambiguous","Inconsistent"
"25708",30,39,"wrap_up","tt",60,"wrap_up tt",6,0,620,620,"Unambiguous","Consistent"
"25710",30,42,"wrap_up","tt",60,"wrap_up tt",5,0,1126,1126,"Ambiguous","Consistent"
"25712",30,31,"wrap_up","tt",60,"wrap_up tt",6,0,258,258,"Unambiguous","Consistent"
"25714",30,26,"wrap_up","tt",60,"wrap_up tt",5,0,754,754,"Ambiguous","Consistent"
"25716",30,34,"wrap_up","tt",60,"wrap_up tt",5,0,506,506,"Ambiguous","Consistent"
"25718",30,45,"wrap_up","tt",60,"wrap_up tt",8,0,306,306,"Unambiguous","Inconsistent"
"25720",30,29,"wrap_up","tt",60,"wrap_up tt",8,0,1738,1738,"Unambiguous","Inconsistent"
"25722",30,28,"wrap_up","tt",60,"wrap_up tt",7,0,416,416,"Ambiguous","Inconsistent"
"26540",31,34,"wrap_up","tt",85,"wrap_up tt",6,0,1740,1740,"Unambiguous","Consistent"
"26542",31,41,"wrap_up","tt",85,"wrap_up tt",5,0,362,362,"Ambiguous","Consistent"
"26544",31,40,"wrap_up","tt",85,"wrap_up tt",8,0,1502,1502,"Unambiguous","Inconsistent"
"26546",31,42,"wrap_up","tt",85,"wrap_up tt",6,0,630,630,"Unambiguous","Consistent"
"26548",31,31,"wrap_up","tt",85,"wrap_up tt",7,0,346,346,"Ambiguous","Inconsistent"
"26550",31,35,"wrap_up","tt",85,"wrap_up tt",7,0,140,140,"Ambiguous","Inconsistent"
"26552",31,38,"wrap_up","tt",85,"wrap_up tt",6,0,148,148,"Unambiguous","Consistent"
"26554",31,29,"wrap_up","tt",85,"wrap_up tt",5,0,1166,1166,"Ambiguous","Consistent"
"26556",31,37,"wrap_up","tt",85,"wrap_up tt",5,0,758,758,"Ambiguous","Consistent"
"26558",31,46,"wrap_up","tt",85,"wrap_up tt",6,1,0,NA,"Unambiguous","Consistent"
"26560",31,44,"wrap_up","tt",85,"wrap_up tt",8,0,656,656,"Unambiguous","Inconsistent"
"26562",31,28,"wrap_up","tt",85,"wrap_up tt",8,0,712,712,"Unambiguous","Inconsistent"
"26564",31,30,"wrap_up","tt",85,"wrap_up tt",6,0,612,612,"Unambiguous","Consistent"
"26566",31,32,"wrap_up","tt",85,"wrap_up tt",8,0,1158,1158,"Unambiguous","Inconsistent"
"26568",31,39,"wrap_up","tt",85,"wrap_up tt",7,0,806,806,"Ambiguous","Inconsistent"
"26570",31,25,"wrap_up","tt",85,"wrap_up tt",5,0,284,284,"Ambiguous","Consistent"
"26572",31,33,"wrap_up","tt",85,"wrap_up tt",5,0,444,444,"Ambiguous","Consistent"
"26574",31,47,"wrap_up","tt",85,"wrap_up tt",7,0,482,482,"Ambiguous","Inconsistent"
"26576",31,45,"wrap_up","tt",85,"wrap_up tt",5,0,272,272,"Ambiguous","Consistent"
"26578",31,48,"wrap_up","tt",85,"wrap_up tt",8,0,144,144,"Unambiguous","Inconsistent"
"26580",31,36,"wrap_up","tt",85,"wrap_up tt",8,0,1280,1280,"Unambiguous","Inconsistent"
"26582",31,43,"wrap_up","tt",85,"wrap_up tt",7,0,698,698,"Ambiguous","Inconsistent"
"26584",31,26,"wrap_up","tt",85,"wrap_up tt",6,0,910,910,"Unambiguous","Consistent"
"26586",31,27,"wrap_up","tt",85,"wrap_up tt",7,0,424,424,"Ambiguous","Inconsistent"
"27403",32,44,"wrap_up","tt",59,"wrap_up tt",5,0,430,430,"Ambiguous","Consistent"
"27405",32,43,"wrap_up","tt",59,"wrap_up tt",8,0,548,548,"Unambiguous","Inconsistent"
"27407",32,40,"wrap_up","tt",59,"wrap_up tt",5,0,276,276,"Ambiguous","Consistent"
"27409",32,42,"wrap_up","tt",59,"wrap_up tt",7,0,428,428,"Ambiguous","Inconsistent"
"27411",32,39,"wrap_up","tt",59,"wrap_up tt",8,0,738,738,"Unambiguous","Inconsistent"
"27413",32,46,"wrap_up","tt",59,"wrap_up tt",7,1,0,NA,"Ambiguous","Inconsistent"
"27415",32,48,"wrap_up","tt",59,"wrap_up tt",5,0,806,806,"Ambiguous","Consistent"
"27417",32,32,"wrap_up","tt",59,"wrap_up tt",5,0,294,294,"Ambiguous","Consistent"
"27419",32,26,"wrap_up","tt",59,"wrap_up tt",7,0,1330,1330,"Ambiguous","Inconsistent"
"27421",32,45,"wrap_up","tt",59,"wrap_up tt",6,0,576,576,"Unambiguous","Consistent"
"27423",32,25,"wrap_up","tt",59,"wrap_up tt",6,0,702,702,"Unambiguous","Consistent"
"27425",32,30,"wrap_up","tt",59,"wrap_up tt",7,0,692,692,"Ambiguous","Inconsistent"
"27427",32,33,"wrap_up","tt",59,"wrap_up tt",6,0,946,946,"Unambiguous","Consistent"
"27429",32,36,"wrap_up","tt",59,"wrap_up tt",5,0,1200,1200,"Ambiguous","Consistent"
"27431",32,35,"wrap_up","tt",59,"wrap_up tt",8,0,264,264,"Unambiguous","Inconsistent"
"27433",32,41,"wrap_up","tt",59,"wrap_up tt",6,0,620,620,"Unambiguous","Consistent"
"27435",32,27,"wrap_up","tt",59,"wrap_up tt",8,0,898,898,"Unambiguous","Inconsistent"
"27437",32,34,"wrap_up","tt",59,"wrap_up tt",7,0,688,688,"Ambiguous","Inconsistent"
"27439",32,28,"wrap_up","tt",59,"wrap_up tt",5,0,338,338,"Ambiguous","Consistent"
"27441",32,31,"wrap_up","tt",59,"wrap_up tt",8,0,558,558,"Unambiguous","Inconsistent"
"27443",32,29,"wrap_up","tt",59,"wrap_up tt",6,0,812,812,"Unambiguous","Consistent"
"27445",32,47,"wrap_up","tt",59,"wrap_up tt",8,0,202,202,"Unambiguous","Inconsistent"
"27447",32,37,"wrap_up","tt",59,"wrap_up tt",6,0,390,390,"Unambiguous","Consistent"
"27449",32,38,"wrap_up","tt",59,"wrap_up tt",7,0,428,428,"Ambiguous","Inconsistent"
"28268",33,33,"wrap_up","tt",71,"wrap_up tt",7,0,1668,1668,"Ambiguous","Inconsistent"
"28270",33,43,"wrap_up","tt",71,"wrap_up tt",5,0,686,686,"Ambiguous","Consistent"
"28272",33,31,"wrap_up","tt",71,"wrap_up tt",5,0,624,624,"Ambiguous","Consistent"
"28274",33,34,"wrap_up","tt",71,"wrap_up tt",8,0,694,694,"Unambiguous","Inconsistent"
"28276",33,42,"wrap_up","tt",71,"wrap_up tt",8,0,474,474,"Unambiguous","Inconsistent"
"28278",33,25,"wrap_up","tt",71,"wrap_up tt",7,0,1170,1170,"Ambiguous","Inconsistent"
"28280",33,26,"wrap_up","tt",71,"wrap_up tt",8,0,1836,1836,"Unambiguous","Inconsistent"
"28282",33,35,"wrap_up","tt",71,"wrap_up tt",5,0,766,766,"Ambiguous","Consistent"
"28284",33,47,"wrap_up","tt",71,"wrap_up tt",5,0,306,306,"Ambiguous","Consistent"
"28286",33,32,"wrap_up","tt",71,"wrap_up tt",6,0,478,478,"Unambiguous","Consistent"
"28288",33,40,"wrap_up","tt",71,"wrap_up tt",6,0,336,336,"Unambiguous","Consistent"
"28290",33,36,"wrap_up","tt",71,"wrap_up tt",6,0,1310,1310,"Unambiguous","Consistent"
"28292",33,48,"wrap_up","tt",71,"wrap_up tt",6,0,864,864,"Unambiguous","Consistent"
"28294",33,27,"wrap_up","tt",71,"wrap_up tt",5,0,936,936,"Ambiguous","Consistent"
"28296",33,41,"wrap_up","tt",71,"wrap_up tt",7,0,568,568,"Ambiguous","Inconsistent"
"28298",33,37,"wrap_up","tt",71,"wrap_up tt",7,0,1074,1074,"Ambiguous","Inconsistent"
"28300",33,45,"wrap_up","tt",71,"wrap_up tt",7,0,672,672,"Ambiguous","Inconsistent"
"28302",33,44,"wrap_up","tt",71,"wrap_up tt",6,0,822,822,"Unambiguous","Consistent"
"28304",33,29,"wrap_up","tt",71,"wrap_up tt",7,0,1302,1302,"Ambiguous","Inconsistent"
"28306",33,28,"wrap_up","tt",71,"wrap_up tt",6,0,184,184,"Unambiguous","Consistent"
"28308",33,30,"wrap_up","tt",71,"wrap_up tt",8,0,1146,1146,"Unambiguous","Inconsistent"
"28310",33,39,"wrap_up","tt",71,"wrap_up tt",5,0,1596,1596,"Ambiguous","Consistent"
"28312",33,38,"wrap_up","tt",71,"wrap_up tt",8,0,570,570,"Unambiguous","Inconsistent"
"28314",33,46,"wrap_up","tt",71,"wrap_up tt",8,1,0,NA,"Unambiguous","Inconsistent"
"29131",34,37,"wrap_up","tt",74,"wrap_up tt",8,0,368,368,"Unambiguous","Inconsistent"
"29133",34,32,"wrap_up","tt",74,"wrap_up tt",7,0,301,301,"Ambiguous","Inconsistent"
"29135",34,30,"wrap_up","tt",74,"wrap_up tt",5,0,252,252,"Ambiguous","Consistent"
"29137",34,27,"wrap_up","tt",74,"wrap_up tt",6,0,655,655,"Unambiguous","Consistent"
"29139",34,34,"wrap_up","tt",74,"wrap_up tt",5,0,528,528,"Ambiguous","Consistent"
"29141",34,46,"wrap_up","tt",74,"wrap_up tt",5,1,0,NA,"Ambiguous","Consistent"
"29143",34,38,"wrap_up","tt",74,"wrap_up tt",5,0,256,256,"Ambiguous","Consistent"
"29145",34,39,"wrap_up","tt",74,"wrap_up tt",6,0,396,396,"Unambiguous","Consistent"
"29147",34,45,"wrap_up","tt",74,"wrap_up tt",8,0,237,237,"Unambiguous","Inconsistent"
"29149",34,29,"wrap_up","tt",74,"wrap_up tt",8,0,653,653,"Unambiguous","Inconsistent"
"29151",34,33,"wrap_up","tt",74,"wrap_up tt",8,0,375,375,"Unambiguous","Inconsistent"
"29153",34,48,"wrap_up","tt",74,"wrap_up tt",7,0,134,134,"Ambiguous","Inconsistent"
"29155",34,41,"wrap_up","tt",74,"wrap_up tt",8,0,624,624,"Unambiguous","Inconsistent"
"29157",34,40,"wrap_up","tt",74,"wrap_up tt",7,0,509,509,"Ambiguous","Inconsistent"
"29159",34,31,"wrap_up","tt",74,"wrap_up tt",6,0,302,302,"Unambiguous","Consistent"
"29161",34,43,"wrap_up","tt",74,"wrap_up tt",6,0,282,282,"Unambiguous","Consistent"
"29163",34,25,"wrap_up","tt",74,"wrap_up tt",8,0,289,289,"Unambiguous","Inconsistent"
"29165",34,36,"wrap_up","tt",74,"wrap_up tt",7,0,623,623,"Ambiguous","Inconsistent"
"29167",34,47,"wrap_up","tt",74,"wrap_up tt",6,0,244,244,"Unambiguous","Consistent"
"29169",34,42,"wrap_up","tt",74,"wrap_up tt",5,0,380,380,"Ambiguous","Consistent"
"29171",34,44,"wrap_up","tt",74,"wrap_up tt",7,0,538,538,"Ambiguous","Inconsistent"
"29173",34,28,"wrap_up","tt",74,"wrap_up tt",7,1,0,NA,"Ambiguous","Inconsistent"
"29175",34,26,"wrap_up","tt",74,"wrap_up tt",5,0,325,325,"Ambiguous","Consistent"
"29177",34,35,"wrap_up","tt",74,"wrap_up tt",6,1,0,NA,"Unambiguous","Consistent"
"29995",35,47,"wrap_up","tt",60,"wrap_up tt",6,0,718,718,"Unambiguous","Consistent"
"29997",35,33,"wrap_up","tt",60,"wrap_up tt",8,0,680,680,"Unambiguous","Inconsistent"
"29999",35,43,"wrap_up","tt",60,"wrap_up tt",6,0,870,870,"Unambiguous","Consistent"
"30001",35,32,"wrap_up","tt",60,"wrap_up tt",7,0,350,350,"Ambiguous","Inconsistent"
"30003",35,42,"wrap_up","tt",60,"wrap_up tt",5,0,1038,1038,"Ambiguous","Consistent"
"30005",35,26,"wrap_up","tt",60,"wrap_up tt",5,0,312,312,"Ambiguous","Consistent"
"30007",35,39,"wrap_up","tt",60,"wrap_up tt",6,0,330,330,"Unambiguous","Consistent"
"30009",35,28,"wrap_up","tt",60,"wrap_up tt",7,0,240,240,"Ambiguous","Inconsistent"
"30011",35,36,"wrap_up","tt",60,"wrap_up tt",7,0,844,844,"Ambiguous","Inconsistent"
"30013",35,48,"wrap_up","tt",60,"wrap_up tt",7,0,656,656,"Ambiguous","Inconsistent"
"30015",35,34,"wrap_up","tt",60,"wrap_up tt",5,0,558,558,"Ambiguous","Consistent"
"30017",35,38,"wrap_up","tt",60,"wrap_up tt",5,0,460,460,"Ambiguous","Consistent"
"30019",35,46,"wrap_up","tt",60,"wrap_up tt",5,1,0,NA,"Ambiguous","Consistent"
"30021",35,35,"wrap_up","tt",60,"wrap_up tt",6,0,256,256,"Unambiguous","Consistent"
"30023",35,44,"wrap_up","tt",60,"wrap_up tt",7,0,1166,1166,"Ambiguous","Inconsistent"
"30025",35,40,"wrap_up","tt",60,"wrap_up tt",7,0,982,982,"Ambiguous","Inconsistent"
"30027",35,31,"wrap_up","tt",60,"wrap_up tt",6,0,446,446,"Unambiguous","Consistent"
"30029",35,41,"wrap_up","tt",60,"wrap_up tt",8,0,534,534,"Unambiguous","Inconsistent"
"30031",35,27,"wrap_up","tt",60,"wrap_up tt",6,0,1398,1398,"Unambiguous","Consistent"
"30033",35,37,"wrap_up","tt",60,"wrap_up tt",8,0,590,590,"Unambiguous","Inconsistent"
"30035",35,30,"wrap_up","tt",60,"wrap_up tt",5,0,584,584,"Ambiguous","Consistent"
"30037",35,45,"wrap_up","tt",60,"wrap_up tt",8,0,214,214,"Unambiguous","Inconsistent"
"30039",35,29,"wrap_up","tt",60,"wrap_up tt",8,0,1050,1050,"Unambiguous","Inconsistent"
"30041",35,25,"wrap_up","tt",60,"wrap_up tt",8,0,442,442,"Unambiguous","Inconsistent"
"30860",36,41,"wrap_up","tt",57,"wrap_up tt",5,0,228,228,"Ambiguous","Consistent"
"30862",36,43,"wrap_up","tt",57,"wrap_up tt",7,0,414,414,"Ambiguous","Inconsistent"
"30864",36,26,"wrap_up","tt",57,"wrap_up tt",6,0,97,97,"Unambiguous","Consistent"
"30866",36,27,"wrap_up","tt",57,"wrap_up tt",7,0,111,111,"Ambiguous","Inconsistent"
"30868",36,42,"wrap_up","tt",57,"wrap_up tt",6,0,96,96,"Unambiguous","Consistent"
"30870",36,33,"wrap_up","tt",57,"wrap_up tt",5,0,383,383,"Ambiguous","Consistent"
"30872",36,40,"wrap_up","tt",57,"wrap_up tt",8,0,409,409,"Unambiguous","Inconsistent"
"30874",36,47,"wrap_up","tt",57,"wrap_up tt",7,0,778,778,"Ambiguous","Inconsistent"
"30876",36,35,"wrap_up","tt",57,"wrap_up tt",7,0,300,300,"Ambiguous","Inconsistent"
"30878",36,46,"wrap_up","tt",57,"wrap_up tt",6,1,0,NA,"Unambiguous","Consistent"
"30880",36,28,"wrap_up","tt",57,"wrap_up tt",8,0,558,558,"Unambiguous","Inconsistent"
"30882",36,34,"wrap_up","tt",57,"wrap_up tt",6,0,449,449,"Unambiguous","Consistent"
"30884",36,36,"wrap_up","tt",57,"wrap_up tt",8,0,897,897,"Unambiguous","Inconsistent"
"30886",36,38,"wrap_up","tt",57,"wrap_up tt",6,0,296,296,"Unambiguous","Consistent"
"30888",36,25,"wrap_up","tt",57,"wrap_up tt",5,0,299,299,"Ambiguous","Consistent"
"30890",36,37,"wrap_up","tt",57,"wrap_up tt",5,0,356,356,"Ambiguous","Consistent"
"30892",36,31,"wrap_up","tt",57,"wrap_up tt",7,0,85,85,"Ambiguous","Inconsistent"
"30894",36,45,"wrap_up","tt",57,"wrap_up tt",5,0,411,411,"Ambiguous","Consistent"
"30896",36,30,"wrap_up","tt",57,"wrap_up tt",6,0,254,254,"Unambiguous","Consistent"
"30898",36,32,"wrap_up","tt",57,"wrap_up tt",8,0,105,105,"Unambiguous","Inconsistent"
"30900",36,44,"wrap_up","tt",57,"wrap_up tt",8,0,468,468,"Unambiguous","Inconsistent"
"30902",36,48,"wrap_up","tt",57,"wrap_up tt",8,0,546,546,"Unambiguous","Inconsistent"
"30904",36,39,"wrap_up","tt",57,"wrap_up tt",7,0,943,943,"Ambiguous","Inconsistent"
"30906",36,29,"wrap_up","tt",57,"wrap_up tt",5,0,955,955,"Ambiguous","Consistent"
"31723",37,42,"wrap_up","tt",80,"wrap_up tt",7,0,842,842,"Ambiguous","Inconsistent"
"31725",37,36,"wrap_up","tt",80,"wrap_up tt",5,0,1365,1365,"Ambiguous","Consistent"
"31727",37,32,"wrap_up","tt",80,"wrap_up tt",5,0,493,493,"Ambiguous","Consistent"
"31729",37,48,"wrap_up","tt",80,"wrap_up tt",5,0,810,810,"Ambiguous","Consistent"
"31731",37,25,"wrap_up","tt",80,"wrap_up tt",6,0,705,705,"Unambiguous","Consistent"
"31733",37,30,"wrap_up","tt",80,"wrap_up tt",7,0,670,670,"Ambiguous","Inconsistent"
"31735",37,39,"wrap_up","tt",80,"wrap_up tt",8,0,733,733,"Unambiguous","Inconsistent"
"31737",37,35,"wrap_up","tt",80,"wrap_up tt",8,0,180,180,"Unambiguous","Inconsistent"
"31739",37,28,"wrap_up","tt",80,"wrap_up tt",5,0,373,373,"Ambiguous","Consistent"
"31741",37,34,"wrap_up","tt",80,"wrap_up tt",7,0,838,838,"Ambiguous","Inconsistent"
"31743",37,38,"wrap_up","tt",80,"wrap_up tt",7,0,533,533,"Ambiguous","Inconsistent"
"31745",37,26,"wrap_up","tt",80,"wrap_up tt",7,0,1128,1128,"Ambiguous","Inconsistent"
"31747",37,40,"wrap_up","tt",80,"wrap_up tt",5,0,402,402,"Ambiguous","Consistent"
"31749",37,47,"wrap_up","tt",80,"wrap_up tt",8,0,784,784,"Unambiguous","Inconsistent"
"31751",37,44,"wrap_up","tt",80,"wrap_up tt",5,0,164,164,"Ambiguous","Consistent"
"31753",37,43,"wrap_up","tt",80,"wrap_up tt",8,0,773,773,"Unambiguous","Inconsistent"
"31755",37,33,"wrap_up","tt",80,"wrap_up tt",6,0,396,396,"Unambiguous","Consistent"
"31757",37,29,"wrap_up","tt",80,"wrap_up tt",6,0,1124,1124,"Unambiguous","Consistent"
"31759",37,46,"wrap_up","tt",80,"wrap_up tt",7,1,0,NA,"Ambiguous","Inconsistent"
"31761",37,41,"wrap_up","tt",80,"wrap_up tt",6,0,803,803,"Unambiguous","Consistent"
"31763",37,37,"wrap_up","tt",80,"wrap_up tt",6,0,1080,1080,"Unambiguous","Consistent"
"31765",37,31,"wrap_up","tt",80,"wrap_up tt",8,0,530,530,"Unambiguous","Inconsistent"
"31767",37,27,"wrap_up","tt",80,"wrap_up tt",8,0,536,536,"Unambiguous","Inconsistent"
"31769",37,45,"wrap_up","tt",80,"wrap_up tt",6,0,834,834,"Unambiguous","Consistent"
"32587",38,34,"wrap_up","tt",64,"wrap_up tt",8,0,1209,1209,"Unambiguous","Inconsistent"
"32589",38,28,"wrap_up","tt",64,"wrap_up tt",6,0,242,242,"Unambiguous","Consistent"
"32591",38,43,"wrap_up","tt",64,"wrap_up tt",5,0,1324,1324,"Ambiguous","Consistent"
"32593",38,38,"wrap_up","tt",64,"wrap_up tt",8,0,551,551,"Unambiguous","Inconsistent"
"32595",38,30,"wrap_up","tt",64,"wrap_up tt",8,0,1118,1118,"Unambiguous","Inconsistent"
"32597",38,47,"wrap_up","tt",64,"wrap_up tt",5,0,1718,1718,"Ambiguous","Consistent"
"32599",38,39,"wrap_up","tt",64,"wrap_up tt",5,0,646,646,"Ambiguous","Consistent"
"32601",38,45,"wrap_up","tt",64,"wrap_up tt",7,0,353,353,"Ambiguous","Inconsistent"
"32603",38,32,"wrap_up","tt",64,"wrap_up tt",6,0,145,145,"Unambiguous","Consistent"
"32605",38,29,"wrap_up","tt",64,"wrap_up tt",7,0,501,501,"Ambiguous","Inconsistent"
"32607",38,35,"wrap_up","tt",64,"wrap_up tt",5,0,104,104,"Ambiguous","Consistent"
"32609",38,41,"wrap_up","tt",64,"wrap_up tt",7,0,315,315,"Ambiguous","Inconsistent"
"32611",38,25,"wrap_up","tt",64,"wrap_up tt",7,0,248,248,"Ambiguous","Inconsistent"
"32613",38,31,"wrap_up","tt",64,"wrap_up tt",5,0,122,122,"Ambiguous","Consistent"
"32615",38,48,"wrap_up","tt",64,"wrap_up tt",6,0,102,102,"Unambiguous","Consistent"
"32617",38,44,"wrap_up","tt",64,"wrap_up tt",6,0,446,446,"Unambiguous","Consistent"
"32619",38,37,"wrap_up","tt",64,"wrap_up tt",7,0,528,528,"Ambiguous","Inconsistent"
"32621",38,36,"wrap_up","tt",64,"wrap_up tt",6,0,1065,1065,"Unambiguous","Consistent"
"32623",38,42,"wrap_up","tt",64,"wrap_up tt",8,0,247,247,"Unambiguous","Inconsistent"
"32625",38,26,"wrap_up","tt",64,"wrap_up tt",8,0,796,796,"Unambiguous","Inconsistent"
"32627",38,40,"wrap_up","tt",64,"wrap_up tt",6,0,195,195,"Unambiguous","Consistent"
"32629",38,46,"wrap_up","tt",64,"wrap_up tt",8,1,0,NA,"Unambiguous","Inconsistent"
"32631",38,33,"wrap_up","tt",64,"wrap_up tt",7,0,765,765,"Ambiguous","Inconsistent"
"32633",38,27,"wrap_up","tt",64,"wrap_up tt",5,0,388,388,"Ambiguous","Consistent"
"33452",39,41,"wrap_up","tt",75,"wrap_up tt",8,0,1132,1132,"Unambiguous","Inconsistent"
"33454",39,33,"wrap_up","tt",75,"wrap_up tt",8,0,633,633,"Unambiguous","Inconsistent"
"33456",39,25,"wrap_up","tt",75,"wrap_up tt",8,0,632,632,"Unambiguous","Inconsistent"
"33458",39,37,"wrap_up","tt",75,"wrap_up tt",8,0,1050,1050,"Unambiguous","Inconsistent"
"33460",39,27,"wrap_up","tt",75,"wrap_up tt",6,0,1241,1241,"Unambiguous","Consistent"
"33462",39,31,"wrap_up","tt",75,"wrap_up tt",6,0,440,440,"Unambiguous","Consistent"
"33464",39,30,"wrap_up","tt",75,"wrap_up tt",5,0,783,783,"Ambiguous","Consistent"
"33466",39,42,"wrap_up","tt",75,"wrap_up tt",5,0,1685,1685,"Ambiguous","Consistent"
"33468",39,40,"wrap_up","tt",75,"wrap_up tt",7,0,424,424,"Ambiguous","Inconsistent"
"33470",39,39,"wrap_up","tt",75,"wrap_up tt",6,0,752,752,"Unambiguous","Consistent"
"33472",39,26,"wrap_up","tt",75,"wrap_up tt",5,0,681,681,"Ambiguous","Consistent"
"33474",39,43,"wrap_up","tt",75,"wrap_up tt",6,0,836,836,"Unambiguous","Consistent"
"33476",39,48,"wrap_up","tt",75,"wrap_up tt",7,0,514,514,"Ambiguous","Inconsistent"
"33478",39,44,"wrap_up","tt",75,"wrap_up tt",7,0,849,849,"Ambiguous","Inconsistent"
"33480",39,45,"wrap_up","tt",75,"wrap_up tt",8,0,413,413,"Unambiguous","Inconsistent"
"33482",39,46,"wrap_up","tt",75,"wrap_up tt",5,1,0,NA,"Ambiguous","Consistent"
"33484",39,29,"wrap_up","tt",75,"wrap_up tt",8,0,619,619,"Unambiguous","Inconsistent"
"33486",39,36,"wrap_up","tt",75,"wrap_up tt",7,0,1816,1816,"Ambiguous","Inconsistent"
"33488",39,34,"wrap_up","tt",75,"wrap_up tt",5,0,703,703,"Ambiguous","Consistent"
"33490",39,28,"wrap_up","tt",75,"wrap_up tt",7,0,496,496,"Ambiguous","Inconsistent"
"33492",39,35,"wrap_up","tt",75,"wrap_up tt",6,0,382,382,"Unambiguous","Consistent"
"33494",39,38,"wrap_up","tt",75,"wrap_up tt",5,0,326,326,"Ambiguous","Consistent"
"33496",39,32,"wrap_up","tt",75,"wrap_up tt",7,0,411,411,"Ambiguous","Inconsistent"
"33498",39,47,"wrap_up","tt",75,"wrap_up tt",6,0,342,342,"Unambiguous","Consistent"
"34315",40,41,"wrap_up","tt",83,"wrap_up tt",5,0,309,309,"Ambiguous","Consistent"
"34317",40,42,"wrap_up","tt",83,"wrap_up tt",6,0,238,238,"Unambiguous","Consistent"
"34319",40,34,"wrap_up","tt",83,"wrap_up tt",6,0,683,683,"Unambiguous","Consistent"
"34321",40,43,"wrap_up","tt",83,"wrap_up tt",7,0,614,614,"Ambiguous","Inconsistent"
"34323",40,30,"wrap_up","tt",83,"wrap_up tt",6,1,0,NA,"Unambiguous","Consistent"
"34325",40,29,"wrap_up","tt",83,"wrap_up tt",5,0,739,739,"Ambiguous","Consistent"
"34327",40,37,"wrap_up","tt",83,"wrap_up tt",5,0,682,682,"Ambiguous","Consistent"
"34329",40,28,"wrap_up","tt",83,"wrap_up tt",8,0,606,606,"Unambiguous","Inconsistent"
"34331",40,32,"wrap_up","tt",83,"wrap_up tt",8,0,247,247,"Unambiguous","Inconsistent"
"34333",40,40,"wrap_up","tt",83,"wrap_up tt",8,0,1515,1515,"Unambiguous","Inconsistent"
"34335",40,27,"wrap_up","tt",83,"wrap_up tt",7,0,1246,1246,"Ambiguous","Inconsistent"
"34337",40,35,"wrap_up","tt",83,"wrap_up tt",7,1,0,NA,"Ambiguous","Inconsistent"
"34339",40,31,"wrap_up","tt",83,"wrap_up tt",7,0,339,339,"Ambiguous","Inconsistent"
"34341",40,33,"wrap_up","tt",83,"wrap_up tt",5,0,468,468,"Ambiguous","Consistent"
"34343",40,46,"wrap_up","tt",83,"wrap_up tt",6,1,0,NA,"Unambiguous","Consistent"
"34345",40,47,"wrap_up","tt",83,"wrap_up tt",7,0,282,282,"Ambiguous","Inconsistent"
"34347",40,38,"wrap_up","tt",83,"wrap_up tt",6,0,242,242,"Unambiguous","Consistent"
"34349",40,39,"wrap_up","tt",83,"wrap_up tt",7,0,686,686,"Ambiguous","Inconsistent"
"34351",40,25,"wrap_up","tt",83,"wrap_up tt",5,0,546,546,"Ambiguous","Consistent"
"34353",40,48,"wrap_up","tt",83,"wrap_up tt",8,0,356,356,"Unambiguous","Inconsistent"
"34355",40,45,"wrap_up","tt",83,"wrap_up tt",5,0,450,450,"Ambiguous","Consistent"
"34357",40,26,"wrap_up","tt",83,"wrap_up tt",6,0,233,233,"Unambiguous","Consistent"
"34359",40,36,"wrap_up","tt",83,"wrap_up tt",8,0,1302,1302,"Unambiguous","Inconsistent"
"34361",40,44,"wrap_up","tt",83,"wrap_up tt",8,0,1135,1135,"Unambiguous","Inconsistent"
