"","subject","item","region","measure","sort","condition","skips","rawdata","nozero","proficiency","ambiguity","continuation","trimmed_nozero"
"28636",1,28,"continuation","tt","continuation tt",8,0,265,265,74,-0.5,0.5,265
"28638",1,46,"continuation","tt","continuation tt",6,0,476,476,74,-0.5,-0.5,476
"28640",1,40,"continuation","tt","continuation tt",8,0,391,391,74,-0.5,0.5,391
"28642",1,25,"continuation","tt","continuation tt",5,0,199,199,74,0.5,-0.5,199
"28644",1,42,"continuation","tt","continuation tt",6,0,184,184,74,-0.5,-0.5,184
"28646",1,37,"continuation","tt","continuation tt",5,0,224,224,74,0.5,-0.5,224
"28648",1,26,"continuation","tt","continuation tt",6,0,249,249,74,-0.5,-0.5,249
"28650",1,30,"continuation","tt","continuation tt",6,0,92,92,74,-0.5,-0.5,92
"28652",1,32,"continuation","tt","continuation tt",8,0,336,336,74,-0.5,0.5,336
"28654",1,31,"continuation","tt","continuation tt",7,0,186,186,74,0.5,0.5,186
"28656",1,47,"continuation","tt","continuation tt",7,0,356,356,74,0.5,0.5,356
"28658",1,44,"continuation","tt","continuation tt",8,0,192,192,74,-0.5,0.5,192
"28660",1,27,"continuation","tt","continuation tt",7,0,205,205,74,0.5,0.5,205
"28662",1,33,"continuation","tt","continuation tt",5,0,316,316,74,0.5,-0.5,316
"28664",1,45,"continuation","tt","continuation tt",5,0,267,267,74,0.5,-0.5,267
"28666",1,34,"continuation","tt","continuation tt",6,0,372,372,74,-0.5,-0.5,372
"28668",1,35,"continuation","tt","continuation tt",7,1,0,NA,74,0.5,0.5,NA
"28670",1,29,"continuation","tt","continuation tt",5,0,260,260,74,0.5,-0.5,260
"28672",1,41,"continuation","tt","continuation tt",5,0,256,256,74,0.5,-0.5,256
"28674",1,38,"continuation","tt","continuation tt",6,0,211,211,74,-0.5,-0.5,211
"28676",1,43,"continuation","tt","continuation tt",7,0,194,194,74,0.5,0.5,194
"28678",1,39,"continuation","tt","continuation tt",7,0,247,247,74,0.5,0.5,247
"28680",1,48,"continuation","tt","continuation tt",8,0,225,225,74,-0.5,0.5,225
"28682",1,36,"continuation","tt","continuation tt",8,0,515,515,74,-0.5,0.5,515
"28684",2,32,"continuation","tt","continuation tt",5,0,646,646,74,0.5,-0.5,646
"28686",2,48,"continuation","tt","continuation tt",5,0,205,205,74,0.5,-0.5,205
"28688",2,40,"continuation","tt","continuation tt",5,0,690,690,74,0.5,-0.5,690
"28690",2,28,"continuation","tt","continuation tt",5,1,0,NA,74,0.5,-0.5,NA
"28692",2,38,"continuation","tt","continuation tt",7,0,487,487,74,0.5,0.5,487
"28694",2,42,"continuation","tt","continuation tt",7,0,281,281,74,0.5,0.5,281
"28696",2,37,"continuation","tt","continuation tt",6,0,189,189,74,-0.5,-0.5,189
"28698",2,29,"continuation","tt","continuation tt",6,0,340,340,74,-0.5,-0.5,340
"28700",2,45,"continuation","tt","continuation tt",6,1,0,NA,74,-0.5,-0.5,NA
"28702",2,41,"continuation","tt","continuation tt",6,0,316,316,74,-0.5,-0.5,316
"28704",2,35,"continuation","tt","continuation tt",8,0,447,447,74,-0.5,0.5,447
"28706",2,44,"continuation","tt","continuation tt",5,0,199,199,74,0.5,-0.5,199
"28708",2,46,"continuation","tt","continuation tt",7,1,0,NA,74,0.5,0.5,NA
"28710",2,26,"continuation","tt","continuation tt",7,1,0,NA,74,0.5,0.5,NA
"28712",2,25,"continuation","tt","continuation tt",6,1,0,NA,74,-0.5,-0.5,NA
"28714",2,47,"continuation","tt","continuation tt",8,0,354,354,74,-0.5,0.5,354
"28716",2,34,"continuation","tt","continuation tt",7,0,470,470,74,0.5,0.5,470
"28718",2,43,"continuation","tt","continuation tt",8,0,202,202,74,-0.5,0.5,202
"28720",2,33,"continuation","tt","continuation tt",6,0,646,646,74,-0.5,-0.5,646
"28722",2,39,"continuation","tt","continuation tt",8,0,207,207,74,-0.5,0.5,207
"28724",2,30,"continuation","tt","continuation tt",7,0,296,296,74,0.5,0.5,296
"28726",2,31,"continuation","tt","continuation tt",8,0,197,197,74,-0.5,0.5,197
"28728",2,36,"continuation","tt","continuation tt",5,0,439,439,74,0.5,-0.5,439
"28730",2,27,"continuation","tt","continuation tt",8,0,336,336,74,-0.5,0.5,336
"28732",3,36,"continuation","tt","continuation tt",6,0,416,416,74,-0.5,-0.5,416
"28734",3,27,"continuation","tt","continuation tt",5,0,214,214,74,0.5,-0.5,214
"28736",3,37,"continuation","tt","continuation tt",7,0,253,253,74,0.5,0.5,253
"28738",3,41,"continuation","tt","continuation tt",7,0,230,230,74,0.5,0.5,230
"28740",3,26,"continuation","tt","continuation tt",8,0,887,887,74,-0.5,0.5,887
"28742",3,45,"continuation","tt","continuation tt",7,0,1237,1237,74,0.5,0.5,1237
"28744",3,42,"continuation","tt","continuation tt",8,0,792,792,74,-0.5,0.5,792
"28746",3,47,"continuation","tt","continuation tt",5,0,666,666,74,0.5,-0.5,666
"28748",3,29,"continuation","tt","continuation tt",7,0,1259,1259,74,0.5,0.5,1259
"28750",3,34,"continuation","tt","continuation tt",8,0,316,316,74,-0.5,0.5,316
"28752",3,39,"continuation","tt","continuation tt",5,0,215,215,74,0.5,-0.5,215
"28754",3,48,"continuation","tt","continuation tt",6,0,246,246,74,-0.5,-0.5,246
"28756",3,44,"continuation","tt","continuation tt",6,0,238,238,74,-0.5,-0.5,238
"28758",3,43,"continuation","tt","continuation tt",5,0,227,227,74,0.5,-0.5,227
"28760",3,28,"continuation","tt","continuation tt",6,0,248,248,74,-0.5,-0.5,248
"28762",3,40,"continuation","tt","continuation tt",6,0,306,306,74,-0.5,-0.5,306
"28764",3,30,"continuation","tt","continuation tt",8,0,1029,1029,74,-0.5,0.5,1029
"28766",3,32,"continuation","tt","continuation tt",6,0,284,284,74,-0.5,-0.5,284
"28768",3,25,"continuation","tt","continuation tt",7,0,313,313,74,0.5,0.5,313
"28770",3,38,"continuation","tt","continuation tt",8,0,375,375,74,-0.5,0.5,375
"28772",3,33,"continuation","tt","continuation tt",7,0,223,223,74,0.5,0.5,223
"28774",3,31,"continuation","tt","continuation tt",5,0,364,364,74,0.5,-0.5,364
"28776",3,46,"continuation","tt","continuation tt",8,0,246,246,74,-0.5,0.5,246
"28778",3,35,"continuation","tt","continuation tt",5,0,369,369,74,0.5,-0.5,369
"28780",4,28,"continuation","tt","continuation tt",7,0,362,362,74,0.5,0.5,362
"28782",4,31,"continuation","tt","continuation tt",6,0,616,616,74,-0.5,-0.5,616
"28784",4,44,"continuation","tt","continuation tt",7,0,454,454,74,0.5,0.5,454
"28786",4,26,"continuation","tt","continuation tt",5,0,232,232,74,0.5,-0.5,232
"28788",4,37,"continuation","tt","continuation tt",8,0,486,486,74,-0.5,0.5,486
"28790",4,32,"continuation","tt","continuation tt",7,0,1341,1341,74,0.5,0.5,1341
"28792",4,36,"continuation","tt","continuation tt",7,0,695,695,74,0.5,0.5,695
"28794",4,38,"continuation","tt","continuation tt",5,0,1518,1518,74,0.5,-0.5,1518
"28796",4,46,"continuation","tt","continuation tt",5,0,526,526,74,0.5,-0.5,526
"28797",4,29,"continuation","tt","continuation tt",8,0,702,702,74,-0.5,0.5,702
"28799",4,43,"continuation","tt","continuation tt",6,0,378,378,74,-0.5,-0.5,378
"28801",4,33,"continuation","tt","continuation tt",8,0,1177,1177,74,-0.5,0.5,1177
"28803",4,45,"continuation","tt","continuation tt",8,0,404,404,74,-0.5,0.5,404
"28805",4,30,"continuation","tt","continuation tt",5,0,319,319,74,0.5,-0.5,319
"28806",4,40,"continuation","tt","continuation tt",7,0,1212,1212,74,0.5,0.5,1212
"28808",4,41,"continuation","tt","continuation tt",8,0,345,345,74,-0.5,0.5,345
"28810",4,48,"continuation","tt","continuation tt",7,0,290,290,74,0.5,0.5,290
"28812",4,42,"continuation","tt","continuation tt",5,0,480,480,74,0.5,-0.5,480
"28813",4,25,"continuation","tt","continuation tt",8,0,311,311,74,-0.5,0.5,311
"28815",4,27,"continuation","tt","continuation tt",6,0,587,587,74,-0.5,-0.5,587
"28817",4,47,"continuation","tt","continuation tt",6,0,735,735,74,-0.5,-0.5,735
"28819",4,39,"continuation","tt","continuation tt",6,0,273,273,74,-0.5,-0.5,273
"28821",4,34,"continuation","tt","continuation tt",5,0,247,247,74,0.5,-0.5,247
"28822",4,35,"continuation","tt","continuation tt",6,0,517,517,74,-0.5,-0.5,517
"28825",5,42,"continuation","tt","continuation tt",6,0,1452,1452,74,-0.5,-0.5,1452
"28827",5,47,"continuation","tt","continuation tt",7,0,470,470,74,0.5,0.5,470
"28829",5,25,"continuation","tt","continuation tt",5,0,370,370,74,0.5,-0.5,370
"28831",5,43,"continuation","tt","continuation tt",7,0,448,448,74,0.5,0.5,448
"28833",5,33,"continuation","tt","continuation tt",5,0,565,565,74,0.5,-0.5,565
"28835",5,41,"continuation","tt","continuation tt",5,0,886,886,74,0.5,-0.5,886
"28837",5,29,"continuation","tt","continuation tt",5,0,205,205,74,0.5,-0.5,205
"28839",5,39,"continuation","tt","continuation tt",7,0,174,174,74,0.5,0.5,174
"28841",5,40,"continuation","tt","continuation tt",8,0,2248,2248,74,-0.5,0.5,2248
"28843",5,28,"continuation","tt","continuation tt",8,0,442,442,74,-0.5,0.5,442
"28845",5,46,"continuation","tt","continuation tt",6,0,204,204,74,-0.5,-0.5,204
"28847",5,31,"continuation","tt","continuation tt",7,0,303,303,74,0.5,0.5,303
"28849",5,36,"continuation","tt","continuation tt",8,0,461,461,74,-0.5,0.5,461
"28851",5,27,"continuation","tt","continuation tt",7,0,1222,1222,74,0.5,0.5,1222
"28853",5,38,"continuation","tt","continuation tt",6,0,503,503,74,-0.5,-0.5,503
"28855",5,26,"continuation","tt","continuation tt",6,0,587,587,74,-0.5,-0.5,587
"28857",5,44,"continuation","tt","continuation tt",8,1,0,NA,74,-0.5,0.5,NA
"28859",5,45,"continuation","tt","continuation tt",5,0,182,182,74,0.5,-0.5,182
"28861",5,30,"continuation","tt","continuation tt",6,0,298,298,74,-0.5,-0.5,298
"28863",5,32,"continuation","tt","continuation tt",8,0,652,652,74,-0.5,0.5,652
"28865",5,37,"continuation","tt","continuation tt",5,0,363,363,74,0.5,-0.5,363
"28867",5,34,"continuation","tt","continuation tt",6,0,284,284,74,-0.5,-0.5,284
"28869",5,48,"continuation","tt","continuation tt",8,0,410,410,74,-0.5,0.5,410
"28871",5,35,"continuation","tt","continuation tt",7,0,315,315,74,0.5,0.5,315
"28873",6,42,"continuation","tt","continuation tt",7,0,198,198,74,0.5,0.5,198
"28875",6,36,"continuation","tt","continuation tt",5,0,520,520,74,0.5,-0.5,520
"28877",6,30,"continuation","tt","continuation tt",7,1,0,NA,74,0.5,0.5,NA
"28879",6,26,"continuation","tt","continuation tt",7,0,218,218,74,0.5,0.5,218
"28881",6,27,"continuation","tt","continuation tt",8,0,1260,1260,74,-0.5,0.5,NA
"28883",6,28,"continuation","tt","continuation tt",5,0,186,186,74,0.5,-0.5,186
"28885",6,35,"continuation","tt","continuation tt",8,0,260,260,74,-0.5,0.5,260
"28887",6,47,"continuation","tt","continuation tt",8,0,392,392,74,-0.5,0.5,392
"28889",6,43,"continuation","tt","continuation tt",8,0,348,348,74,-0.5,0.5,348
"28891",6,34,"continuation","tt","continuation tt",7,0,194,194,74,0.5,0.5,194
"28893",6,48,"continuation","tt","continuation tt",5,1,0,NA,74,0.5,-0.5,NA
"28895",6,39,"continuation","tt","continuation tt",8,0,216,216,74,-0.5,0.5,216
"28897",6,45,"continuation","tt","continuation tt",6,1,0,NA,74,-0.5,-0.5,NA
"28899",6,33,"continuation","tt","continuation tt",6,0,246,246,74,-0.5,-0.5,246
"28901",6,29,"continuation","tt","continuation tt",6,0,224,224,74,-0.5,-0.5,224
"28903",6,32,"continuation","tt","continuation tt",5,0,526,526,74,0.5,-0.5,526
"28905",6,41,"continuation","tt","continuation tt",6,0,560,560,74,-0.5,-0.5,560
"28907",6,31,"continuation","tt","continuation tt",8,0,312,312,74,-0.5,0.5,312
"28908",6,40,"continuation","tt","continuation tt",5,1,0,NA,74,0.5,-0.5,NA
"28910",6,25,"continuation","tt","continuation tt",6,1,0,NA,74,-0.5,-0.5,NA
"28912",6,46,"continuation","tt","continuation tt",7,0,488,488,74,0.5,0.5,488
"28914",6,44,"continuation","tt","continuation tt",5,0,164,164,74,0.5,-0.5,164
"28916",6,38,"continuation","tt","continuation tt",7,0,178,178,74,0.5,0.5,178
"28918",6,37,"continuation","tt","continuation tt",6,0,444,444,74,-0.5,-0.5,444
"28919",7,47,"continuation","tt","continuation tt",5,0,677,677,74,0.5,-0.5,677
"28921",7,31,"continuation","tt","continuation tt",5,0,575,575,74,0.5,-0.5,575
"28923",7,30,"continuation","tt","continuation tt",8,0,783,783,74,-0.5,0.5,783
"28925",7,44,"continuation","tt","continuation tt",6,0,318,318,74,-0.5,-0.5,318
"28927",7,42,"continuation","tt","continuation tt",8,0,249,249,74,-0.5,0.5,249
"28929",7,38,"continuation","tt","continuation tt",8,0,506,506,74,-0.5,0.5,506
"28931",7,39,"continuation","tt","continuation tt",5,0,93,93,74,0.5,-0.5,93
"28933",7,37,"continuation","tt","continuation tt",7,0,238,238,74,0.5,0.5,238
"28935",7,28,"continuation","tt","continuation tt",6,0,381,381,74,-0.5,-0.5,381
"28937",7,27,"continuation","tt","continuation tt",5,0,286,286,74,0.5,-0.5,286
"28939",7,34,"continuation","tt","continuation tt",8,0,739,739,74,-0.5,0.5,739
"28941",7,32,"continuation","tt","continuation tt",6,0,221,221,74,-0.5,-0.5,221
"28943",7,36,"continuation","tt","continuation tt",6,0,266,266,74,-0.5,-0.5,266
"28945",7,35,"continuation","tt","continuation tt",5,0,391,391,74,0.5,-0.5,391
"28947",7,45,"continuation","tt","continuation tt",7,0,332,332,74,0.5,0.5,332
"28949",7,33,"continuation","tt","continuation tt",7,0,217,217,74,0.5,0.5,217
"28951",7,29,"continuation","tt","continuation tt",7,0,248,248,74,0.5,0.5,248
"28953",7,48,"continuation","tt","continuation tt",6,0,166,166,74,-0.5,-0.5,166
"28955",7,26,"continuation","tt","continuation tt",8,0,520,520,74,-0.5,0.5,520
"28957",7,41,"continuation","tt","continuation tt",7,0,460,460,74,0.5,0.5,460
"28959",7,25,"continuation","tt","continuation tt",7,0,551,551,74,0.5,0.5,551
"28961",7,40,"continuation","tt","continuation tt",6,0,632,632,74,-0.5,-0.5,632
"28963",7,43,"continuation","tt","continuation tt",5,0,322,322,74,0.5,-0.5,322
"28965",7,46,"continuation","tt","continuation tt",8,0,196,196,74,-0.5,0.5,196
"28967",8,41,"continuation","tt","continuation tt",8,0,530,530,74,-0.5,0.5,530
"28969",8,43,"continuation","tt","continuation tt",6,0,1058,1058,74,-0.5,-0.5,1058
"28971",8,48,"continuation","tt","continuation tt",7,0,510,510,74,0.5,0.5,510
"28973",8,44,"continuation","tt","continuation tt",7,0,274,274,74,0.5,0.5,274
"28975",8,28,"continuation","tt","continuation tt",7,0,322,322,74,0.5,0.5,322
"28977",8,45,"continuation","tt","continuation tt",8,0,180,180,74,-0.5,0.5,180
"28979",8,27,"continuation","tt","continuation tt",6,0,426,426,74,-0.5,-0.5,426
"28981",8,47,"continuation","tt","continuation tt",6,0,318,318,74,-0.5,-0.5,318
"28983",8,36,"continuation","tt","continuation tt",7,0,532,532,74,0.5,0.5,532
"28985",8,35,"continuation","tt","continuation tt",6,0,494,494,74,-0.5,-0.5,494
"28987",8,31,"continuation","tt","continuation tt",6,0,302,302,74,-0.5,-0.5,302
"28989",8,33,"continuation","tt","continuation tt",8,0,1364,1364,74,-0.5,0.5,1364
"28991",8,30,"continuation","tt","continuation tt",5,0,222,222,74,0.5,-0.5,222
"28993",8,29,"continuation","tt","continuation tt",8,0,166,166,74,-0.5,0.5,166
"28995",8,46,"continuation","tt","continuation tt",5,0,464,464,74,0.5,-0.5,464
"28997",8,40,"continuation","tt","continuation tt",7,0,992,992,74,0.5,0.5,992
"28999",8,34,"continuation","tt","continuation tt",5,0,320,320,74,0.5,-0.5,320
"29001",8,25,"continuation","tt","continuation tt",8,0,1084,1084,74,-0.5,0.5,1084
"29003",8,38,"continuation","tt","continuation tt",5,0,338,338,74,0.5,-0.5,338
"29005",8,26,"continuation","tt","continuation tt",5,0,596,596,74,0.5,-0.5,596
"29007",8,42,"continuation","tt","continuation tt",5,0,316,316,74,0.5,-0.5,316
"29009",8,37,"continuation","tt","continuation tt",8,0,348,348,74,-0.5,0.5,348
"29011",8,32,"continuation","tt","continuation tt",7,0,266,266,74,0.5,0.5,266
"29013",8,39,"continuation","tt","continuation tt",6,0,330,330,74,-0.5,-0.5,330
"29015",9,29,"continuation","tt","continuation tt",5,0,1222,1222,74,0.5,-0.5,1222
"29017",9,31,"continuation","tt","continuation tt",7,0,312,312,74,0.5,0.5,312
"29019",9,44,"continuation","tt","continuation tt",8,0,1186,1186,74,-0.5,0.5,1186
"29021",9,32,"continuation","tt","continuation tt",8,0,374,374,74,-0.5,0.5,374
"29023",9,26,"continuation","tt","continuation tt",6,0,424,424,74,-0.5,-0.5,424
"29025",9,33,"continuation","tt","continuation tt",5,0,406,406,74,0.5,-0.5,406
"29027",9,47,"continuation","tt","continuation tt",7,0,516,516,74,0.5,0.5,516
"29029",9,45,"continuation","tt","continuation tt",5,0,378,378,74,0.5,-0.5,378
"29031",9,37,"continuation","tt","continuation tt",5,0,270,270,74,0.5,-0.5,270
"29033",9,46,"continuation","tt","continuation tt",6,0,584,584,74,-0.5,-0.5,584
"29035",9,25,"continuation","tt","continuation tt",5,0,258,258,74,0.5,-0.5,258
"29037",9,40,"continuation","tt","continuation tt",8,0,506,506,74,-0.5,0.5,506
"29039",9,27,"continuation","tt","continuation tt",7,0,896,896,74,0.5,0.5,896
"29041",9,41,"continuation","tt","continuation tt",5,0,286,286,74,0.5,-0.5,286
"29043",9,30,"continuation","tt","continuation tt",6,0,372,372,74,-0.5,-0.5,372
"29045",9,38,"continuation","tt","continuation tt",6,0,242,242,74,-0.5,-0.5,242
"29047",9,39,"continuation","tt","continuation tt",7,1,0,NA,74,0.5,0.5,NA
"29049",9,43,"continuation","tt","continuation tt",7,0,652,652,74,0.5,0.5,652
"29051",9,28,"continuation","tt","continuation tt",8,0,312,312,74,-0.5,0.5,312
"29053",9,34,"continuation","tt","continuation tt",6,0,512,512,74,-0.5,-0.5,512
"29055",9,36,"continuation","tt","continuation tt",8,0,232,232,74,-0.5,0.5,232
"29057",9,35,"continuation","tt","continuation tt",7,0,246,246,74,0.5,0.5,246
"29059",9,48,"continuation","tt","continuation tt",8,0,266,266,74,-0.5,0.5,266
"29061",9,42,"continuation","tt","continuation tt",6,0,246,246,74,-0.5,-0.5,246
"29064",10,30,"continuation","tt","continuation tt",7,0,1064,1064,74,0.5,0.5,1064
"29066",10,32,"continuation","tt","continuation tt",5,0,624,624,74,0.5,-0.5,624
"29068",10,41,"continuation","tt","continuation tt",6,0,216,216,74,-0.5,-0.5,216
"29070",10,36,"continuation","tt","continuation tt",5,0,240,240,74,0.5,-0.5,240
"29072",10,40,"continuation","tt","continuation tt",5,0,260,260,74,0.5,-0.5,260
"29074",10,27,"continuation","tt","continuation tt",8,0,1272,1272,74,-0.5,0.5,1272
"29076",10,46,"continuation","tt","continuation tt",7,0,1594,1594,74,0.5,0.5,1594
"29078",10,42,"continuation","tt","continuation tt",7,0,304,304,74,0.5,0.5,304
"29080",10,37,"continuation","tt","continuation tt",6,0,256,256,74,-0.5,-0.5,256
"29082",10,28,"continuation","tt","continuation tt",5,0,980,980,74,0.5,-0.5,980
"29084",10,35,"continuation","tt","continuation tt",8,0,276,276,74,-0.5,0.5,276
"29086",10,48,"continuation","tt","continuation tt",5,0,412,412,74,0.5,-0.5,412
"29088",10,33,"continuation","tt","continuation tt",6,0,280,280,74,-0.5,-0.5,280
"29090",10,25,"continuation","tt","continuation tt",6,0,280,280,74,-0.5,-0.5,280
"29092",10,29,"continuation","tt","continuation tt",6,0,346,346,74,-0.5,-0.5,346
"29094",10,31,"continuation","tt","continuation tt",8,0,250,250,74,-0.5,0.5,250
"29096",10,44,"continuation","tt","continuation tt",5,0,368,368,74,0.5,-0.5,368
"29098",10,34,"continuation","tt","continuation tt",7,0,1408,1408,74,0.5,0.5,1408
"29100",10,26,"continuation","tt","continuation tt",7,0,214,214,74,0.5,0.5,214
"29102",10,39,"continuation","tt","continuation tt",8,0,602,602,74,-0.5,0.5,602
"29104",10,47,"continuation","tt","continuation tt",8,0,456,456,74,-0.5,0.5,456
"29106",10,38,"continuation","tt","continuation tt",7,0,196,196,74,0.5,0.5,196
"29108",10,45,"continuation","tt","continuation tt",6,0,282,282,74,-0.5,-0.5,282
"29110",10,43,"continuation","tt","continuation tt",8,0,362,362,74,-0.5,0.5,362
"29112",11,25,"continuation","tt","continuation tt",7,0,1276,1276,74,0.5,0.5,1276
"29114",11,45,"continuation","tt","continuation tt",7,0,424,424,74,0.5,0.5,424
"29116",11,26,"continuation","tt","continuation tt",8,0,874,874,74,-0.5,0.5,874
"29118",11,46,"continuation","tt","continuation tt",8,0,1060,1060,74,-0.5,0.5,1060
"29120",11,27,"continuation","tt","continuation tt",5,0,1666,1666,74,0.5,-0.5,1666
"29122",11,31,"continuation","tt","continuation tt",5,0,868,868,74,0.5,-0.5,868
"29124",11,41,"continuation","tt","continuation tt",7,0,1120,1120,74,0.5,0.5,1120
"29126",11,30,"continuation","tt","continuation tt",8,0,828,828,74,-0.5,0.5,828
"29128",11,38,"continuation","tt","continuation tt",8,0,354,354,74,-0.5,0.5,354
"29130",11,47,"continuation","tt","continuation tt",5,0,266,266,74,0.5,-0.5,266
"29132",11,36,"continuation","tt","continuation tt",6,0,1414,1414,74,-0.5,-0.5,1414
"29134",11,37,"continuation","tt","continuation tt",7,0,2066,2066,74,0.5,0.5,2066
"29136",11,32,"continuation","tt","continuation tt",6,0,1238,1238,74,-0.5,-0.5,1238
"29138",11,44,"continuation","tt","continuation tt",6,0,646,646,74,-0.5,-0.5,646
"29140",11,43,"continuation","tt","continuation tt",5,0,364,364,74,0.5,-0.5,364
"29142",11,28,"continuation","tt","continuation tt",6,0,184,184,74,-0.5,-0.5,184
"29144",11,48,"continuation","tt","continuation tt",6,0,884,884,74,-0.5,-0.5,884
"29146",11,42,"continuation","tt","continuation tt",8,0,594,594,74,-0.5,0.5,594
"29148",11,40,"continuation","tt","continuation tt",6,0,694,694,74,-0.5,-0.5,694
"29150",11,35,"continuation","tt","continuation tt",5,0,382,382,74,0.5,-0.5,382
"29152",11,33,"continuation","tt","continuation tt",7,0,388,388,74,0.5,0.5,388
"29154",11,39,"continuation","tt","continuation tt",5,0,480,480,74,0.5,-0.5,480
"29156",11,29,"continuation","tt","continuation tt",7,0,348,348,74,0.5,0.5,348
"29158",11,34,"continuation","tt","continuation tt",8,0,236,236,74,-0.5,0.5,236
"29160",12,33,"continuation","tt","continuation tt",6,0,643,643,74,-0.5,-0.5,643
"29162",12,34,"continuation","tt","continuation tt",7,0,418,418,74,0.5,0.5,418
"29164",12,43,"continuation","tt","continuation tt",8,0,159,159,74,-0.5,0.5,159
"29166",12,35,"continuation","tt","continuation tt",8,0,255,255,74,-0.5,0.5,255
"29168",12,38,"continuation","tt","continuation tt",7,0,301,301,74,0.5,0.5,301
"29170",12,44,"continuation","tt","continuation tt",5,0,510,510,74,0.5,-0.5,510
"29172",12,25,"continuation","tt","continuation tt",6,0,174,174,74,-0.5,-0.5,174
"29174",12,36,"continuation","tt","continuation tt",5,0,489,489,74,0.5,-0.5,489
"29176",12,28,"continuation","tt","continuation tt",5,0,231,231,74,0.5,-0.5,231
"29178",12,31,"continuation","tt","continuation tt",8,0,151,151,74,-0.5,0.5,151
"29180",12,29,"continuation","tt","continuation tt",6,0,746,746,60,-0.5,-0.5,746
"29182",12,30,"continuation","tt","continuation tt",7,0,143,143,60,0.5,0.5,143
"29184",12,45,"continuation","tt","continuation tt",6,0,232,232,60,-0.5,-0.5,232
"29186",12,27,"continuation","tt","continuation tt",8,0,912,912,60,-0.5,0.5,912
"29188",12,46,"continuation","tt","continuation tt",7,0,978,978,60,0.5,0.5,978
"29190",12,41,"continuation","tt","continuation tt",6,0,288,288,60,-0.5,-0.5,288
"29192",12,37,"continuation","tt","continuation tt",6,0,369,369,60,-0.5,-0.5,369
"29194",12,32,"continuation","tt","continuation tt",5,0,779,779,60,0.5,-0.5,779
"29196",12,42,"continuation","tt","continuation tt",7,0,122,122,60,0.5,0.5,122
"29198",12,47,"continuation","tt","continuation tt",8,0,707,707,60,-0.5,0.5,707
"29200",12,48,"continuation","tt","continuation tt",5,0,441,441,60,0.5,-0.5,441
"29202",12,39,"continuation","tt","continuation tt",8,0,214,214,60,-0.5,0.5,214
"29204",12,26,"continuation","tt","continuation tt",7,0,293,293,60,0.5,0.5,293
"29206",12,40,"continuation","tt","continuation tt",5,0,179,179,60,0.5,-0.5,179
"29207",13,47,"continuation","tt","continuation tt",6,0,458,458,60,-0.5,-0.5,458
"29209",13,27,"continuation","tt","continuation tt",6,0,354,354,60,-0.5,-0.5,354
"29211",13,41,"continuation","tt","continuation tt",8,0,720,720,60,-0.5,0.5,720
"29213",13,35,"continuation","tt","continuation tt",6,0,402,402,60,-0.5,-0.5,402
"29215",13,37,"continuation","tt","continuation tt",8,0,230,230,60,-0.5,0.5,230
"29217",13,43,"continuation","tt","continuation tt",6,0,476,476,60,-0.5,-0.5,476
"29219",13,44,"continuation","tt","continuation tt",7,0,434,434,60,0.5,0.5,434
"29221",13,46,"continuation","tt","continuation tt",5,0,190,190,60,0.5,-0.5,190
"29223",13,25,"continuation","tt","continuation tt",8,0,902,902,60,-0.5,0.5,902
"29225",13,30,"continuation","tt","continuation tt",5,0,304,304,60,0.5,-0.5,304
"29227",13,29,"continuation","tt","continuation tt",8,0,292,292,60,-0.5,0.5,292
"29229",13,31,"continuation","tt","continuation tt",6,0,344,344,60,-0.5,-0.5,344
"29231",13,38,"continuation","tt","continuation tt",5,0,438,438,60,0.5,-0.5,438
"29233",13,32,"continuation","tt","continuation tt",7,0,278,278,60,0.5,0.5,278
"29235",13,34,"continuation","tt","continuation tt",5,0,400,400,60,0.5,-0.5,400
"29237",13,26,"continuation","tt","continuation tt",5,0,456,456,60,0.5,-0.5,456
"29239",13,39,"continuation","tt","continuation tt",6,0,1218,1218,60,-0.5,-0.5,1218
"29241",13,33,"continuation","tt","continuation tt",8,0,386,386,60,-0.5,0.5,386
"29243",13,36,"continuation","tt","continuation tt",7,0,302,302,60,0.5,0.5,302
"29245",13,48,"continuation","tt","continuation tt",7,0,488,488,60,0.5,0.5,488
"29247",13,40,"continuation","tt","continuation tt",7,0,362,362,60,0.5,0.5,362
"29249",13,45,"continuation","tt","continuation tt",8,0,368,368,60,-0.5,0.5,368
"29251",13,42,"continuation","tt","continuation tt",5,0,416,416,60,0.5,-0.5,416
"29253",13,28,"continuation","tt","continuation tt",7,0,400,400,60,0.5,0.5,400
"29256",14,41,"continuation","tt","continuation tt",5,0,764,764,60,0.5,-0.5,764
"29258",14,34,"continuation","tt","continuation tt",6,0,244,244,60,-0.5,-0.5,244
"29260",14,35,"continuation","tt","continuation tt",7,0,260,260,60,0.5,0.5,260
"29262",14,27,"continuation","tt","continuation tt",7,0,1240,1240,60,0.5,0.5,1240
"29264",14,44,"continuation","tt","continuation tt",8,0,536,536,60,-0.5,0.5,536
"29266",14,33,"continuation","tt","continuation tt",5,0,662,662,60,0.5,-0.5,662
"29268",14,28,"continuation","tt","continuation tt",8,0,422,422,60,-0.5,0.5,422
"29270",14,26,"continuation","tt","continuation tt",6,0,388,388,60,-0.5,-0.5,388
"29272",14,37,"continuation","tt","continuation tt",5,0,246,246,60,0.5,-0.5,246
"29274",14,36,"continuation","tt","continuation tt",8,0,458,458,60,-0.5,0.5,458
"29276",14,46,"continuation","tt","continuation tt",6,0,318,318,60,-0.5,-0.5,318
"29278",14,29,"continuation","tt","continuation tt",5,0,284,284,60,0.5,-0.5,284
"29280",14,38,"continuation","tt","continuation tt",6,0,218,218,60,-0.5,-0.5,218
"29282",14,39,"continuation","tt","continuation tt",7,0,1350,1350,60,0.5,0.5,1350
"29284",14,47,"continuation","tt","continuation tt",7,0,270,270,60,0.5,0.5,270
"29286",14,25,"continuation","tt","continuation tt",5,0,220,220,60,0.5,-0.5,220
"29288",14,48,"continuation","tt","continuation tt",8,0,226,226,60,-0.5,0.5,226
"29290",14,42,"continuation","tt","continuation tt",6,0,288,288,60,-0.5,-0.5,288
"29292",14,45,"continuation","tt","continuation tt",5,0,170,170,60,0.5,-0.5,170
"29294",14,43,"continuation","tt","continuation tt",7,0,402,402,60,0.5,0.5,402
"29296",14,32,"continuation","tt","continuation tt",8,0,566,566,60,-0.5,0.5,566
"29298",14,40,"continuation","tt","continuation tt",8,0,490,490,60,-0.5,0.5,490
"29300",14,30,"continuation","tt","continuation tt",6,0,192,192,60,-0.5,-0.5,192
"29302",14,31,"continuation","tt","continuation tt",7,0,150,150,60,0.5,0.5,150
"29304",15,34,"continuation","tt","continuation tt",7,0,240,240,60,0.5,0.5,240
"29306",15,30,"continuation","tt","continuation tt",7,0,266,266,60,0.5,0.5,266
"29308",15,35,"continuation","tt","continuation tt",8,0,278,278,60,-0.5,0.5,278
"29310",15,38,"continuation","tt","continuation tt",7,0,406,406,60,0.5,0.5,406
"29312",15,46,"continuation","tt","continuation tt",7,0,306,306,60,0.5,0.5,306
"29313",15,36,"continuation","tt","continuation tt",5,0,540,540,60,0.5,-0.5,540
"29315",15,25,"continuation","tt","continuation tt",6,0,268,268,60,-0.5,-0.5,268
"29317",15,28,"continuation","tt","continuation tt",5,0,390,390,60,0.5,-0.5,390
"29319",15,33,"continuation","tt","continuation tt",6,0,434,434,60,-0.5,-0.5,434
"29321",15,42,"continuation","tt","continuation tt",7,0,248,248,60,0.5,0.5,248
"29323",15,45,"continuation","tt","continuation tt",6,0,234,234,60,-0.5,-0.5,234
"29325",15,29,"continuation","tt","continuation tt",6,0,626,626,60,-0.5,-0.5,626
"29327",15,41,"continuation","tt","continuation tt",6,1,0,NA,60,-0.5,-0.5,NA
"29329",15,31,"continuation","tt","continuation tt",8,0,284,284,60,-0.5,0.5,284
"29331",15,47,"continuation","tt","continuation tt",8,0,472,472,60,-0.5,0.5,472
"29332",15,37,"continuation","tt","continuation tt",6,0,340,340,60,-0.5,-0.5,340
"29334",15,27,"continuation","tt","continuation tt",8,0,418,418,60,-0.5,0.5,418
"29335",15,48,"continuation","tt","continuation tt",5,0,504,504,60,0.5,-0.5,504
"29337",15,40,"continuation","tt","continuation tt",5,0,162,162,60,0.5,-0.5,162
"29339",15,43,"continuation","tt","continuation tt",8,0,376,376,60,-0.5,0.5,376
"29341",15,39,"continuation","tt","continuation tt",8,0,370,370,60,-0.5,0.5,370
"29343",15,26,"continuation","tt","continuation tt",7,0,240,240,60,0.5,0.5,240
"29344",15,44,"continuation","tt","continuation tt",5,0,378,378,60,0.5,-0.5,378
"29346",15,32,"continuation","tt","continuation tt",5,0,136,136,60,0.5,-0.5,136
"29348",16,33,"continuation","tt","continuation tt",7,0,328,328,60,0.5,0.5,328
"29350",16,25,"continuation","tt","continuation tt",7,0,242,242,60,0.5,0.5,242
"29352",16,36,"continuation","tt","continuation tt",6,0,282,282,60,-0.5,-0.5,282
"29354",16,47,"continuation","tt","continuation tt",5,0,564,564,60,0.5,-0.5,564
"29356",16,48,"continuation","tt","continuation tt",6,0,246,246,60,-0.5,-0.5,246
"29358",16,30,"continuation","tt","continuation tt",8,0,416,416,60,-0.5,0.5,416
"29360",16,27,"continuation","tt","continuation tt",5,0,316,316,60,0.5,-0.5,316
"29362",16,41,"continuation","tt","continuation tt",7,0,192,192,60,0.5,0.5,192
"29364",16,46,"continuation","tt","continuation tt",8,0,482,482,60,-0.5,0.5,482
"29366",16,38,"continuation","tt","continuation tt",8,0,284,284,60,-0.5,0.5,284
"29368",16,44,"continuation","tt","continuation tt",6,0,208,208,60,-0.5,-0.5,208
"29370",16,28,"continuation","tt","continuation tt",6,0,304,304,60,-0.5,-0.5,304
"29372",16,31,"continuation","tt","continuation tt",5,0,304,304,60,0.5,-0.5,304
"29374",16,29,"continuation","tt","continuation tt",7,0,358,358,60,0.5,0.5,358
"29376",16,37,"continuation","tt","continuation tt",7,0,252,252,60,0.5,0.5,252
"29378",16,32,"continuation","tt","continuation tt",6,0,218,218,60,-0.5,-0.5,218
"29380",16,43,"continuation","tt","continuation tt",5,0,234,234,60,0.5,-0.5,234
"29382",16,26,"continuation","tt","continuation tt",8,0,314,314,60,-0.5,0.5,314
"29384",16,34,"continuation","tt","continuation tt",8,0,210,210,60,-0.5,0.5,210
"29386",16,35,"continuation","tt","continuation tt",5,0,776,776,60,0.5,-0.5,776
"29388",16,42,"continuation","tt","continuation tt",8,0,210,210,60,-0.5,0.5,210
"29390",16,45,"continuation","tt","continuation tt",7,0,332,332,60,0.5,0.5,332
"29392",16,40,"continuation","tt","continuation tt",6,0,218,218,60,-0.5,-0.5,218
"29394",16,39,"continuation","tt","continuation tt",5,0,192,192,60,0.5,-0.5,192
"29396",17,35,"continuation","tt","continuation tt",6,0,572,572,60,-0.5,-0.5,572
"29398",17,40,"continuation","tt","continuation tt",7,0,452,452,60,0.5,0.5,452
"29400",17,42,"continuation","tt","continuation tt",5,0,850,850,60,0.5,-0.5,850
"29402",17,31,"continuation","tt","continuation tt",6,0,318,318,60,-0.5,-0.5,318
"29404",17,33,"continuation","tt","continuation tt",8,0,234,234,60,-0.5,0.5,234
"29406",17,29,"continuation","tt","continuation tt",8,0,116,116,60,-0.5,0.5,116
"29408",17,28,"continuation","tt","continuation tt",7,0,318,318,60,0.5,0.5,318
"29410",17,41,"continuation","tt","continuation tt",8,0,2178,2178,60,-0.5,0.5,2178
"29412",17,44,"continuation","tt","continuation tt",7,0,994,994,60,0.5,0.5,994
"29414",17,37,"continuation","tt","continuation tt",8,0,652,652,60,-0.5,0.5,652
"29416",17,30,"continuation","tt","continuation tt",5,0,178,178,60,0.5,-0.5,178
"29418",17,38,"continuation","tt","continuation tt",5,0,368,368,60,0.5,-0.5,368
"29420",17,47,"continuation","tt","continuation tt",6,1,0,NA,60,-0.5,-0.5,NA
"29422",17,32,"continuation","tt","continuation tt",7,0,480,480,60,0.5,0.5,480
"29424",17,45,"continuation","tt","continuation tt",8,0,430,430,60,-0.5,0.5,430
"29426",17,39,"continuation","tt","continuation tt",6,0,272,272,60,-0.5,-0.5,272
"29428",17,27,"continuation","tt","continuation tt",6,0,396,396,60,-0.5,-0.5,396
"29430",17,43,"continuation","tt","continuation tt",6,0,192,192,60,-0.5,-0.5,192
"29432",17,48,"continuation","tt","continuation tt",7,0,894,894,60,0.5,0.5,894
"29434",17,34,"continuation","tt","continuation tt",5,0,734,734,60,0.5,-0.5,734
"29436",17,25,"continuation","tt","continuation tt",8,0,1492,1492,60,-0.5,0.5,1492
"29438",17,36,"continuation","tt","continuation tt",7,0,658,658,60,0.5,0.5,658
"29440",17,26,"continuation","tt","continuation tt",5,0,938,938,60,0.5,-0.5,938
"29442",17,46,"continuation","tt","continuation tt",5,0,192,192,60,0.5,-0.5,192
"29444",18,47,"continuation","tt","continuation tt",7,0,494,494,60,0.5,0.5,494
"29446",18,28,"continuation","tt","continuation tt",8,0,352,352,60,-0.5,0.5,352
"29448",18,27,"continuation","tt","continuation tt",7,1,0,NA,60,0.5,0.5,NA
"29450",18,38,"continuation","tt","continuation tt",6,0,352,352,60,-0.5,-0.5,352
"29452",18,34,"continuation","tt","continuation tt",6,0,358,358,60,-0.5,-0.5,358
"29454",18,39,"continuation","tt","continuation tt",7,0,564,564,60,0.5,0.5,564
"29456",18,31,"continuation","tt","continuation tt",7,0,372,372,60,0.5,0.5,372
"29458",18,37,"continuation","tt","continuation tt",5,0,812,812,60,0.5,-0.5,812
"29460",18,45,"continuation","tt","continuation tt",5,0,334,334,60,0.5,-0.5,334
"29462",18,40,"continuation","tt","continuation tt",8,0,1318,1318,60,-0.5,0.5,1318
"29464",18,33,"continuation","tt","continuation tt",5,0,284,284,60,0.5,-0.5,284
"29466",18,48,"continuation","tt","continuation tt",8,0,326,326,60,-0.5,0.5,326
"29468",18,30,"continuation","tt","continuation tt",6,0,304,304,60,-0.5,-0.5,304
"29470",18,42,"continuation","tt","continuation tt",6,0,432,432,60,-0.5,-0.5,432
"29472",18,25,"continuation","tt","continuation tt",5,0,476,476,60,0.5,-0.5,476
"29474",18,32,"continuation","tt","continuation tt",8,0,130,130,60,-0.5,0.5,130
"29476",18,44,"continuation","tt","continuation tt",8,0,1264,1264,60,-0.5,0.5,1264
"29478",18,29,"continuation","tt","continuation tt",5,0,288,288,60,0.5,-0.5,288
"29480",18,41,"continuation","tt","continuation tt",5,0,334,334,60,0.5,-0.5,334
"29482",18,35,"continuation","tt","continuation tt",7,0,296,296,60,0.5,0.5,296
"29484",18,46,"continuation","tt","continuation tt",6,0,168,168,60,-0.5,-0.5,168
"29486",18,26,"continuation","tt","continuation tt",6,1,0,NA,60,-0.5,-0.5,NA
"29488",18,36,"continuation","tt","continuation tt",8,0,578,578,60,-0.5,0.5,578
"29490",18,43,"continuation","tt","continuation tt",7,0,382,382,60,0.5,0.5,382
"29491",19,29,"continuation","tt","continuation tt",6,0,662,662,60,-0.5,-0.5,662
"29493",19,45,"continuation","tt","continuation tt",6,0,304,304,60,-0.5,-0.5,304
"29495",19,27,"continuation","tt","continuation tt",8,0,224,224,60,-0.5,0.5,224
"29497",19,46,"continuation","tt","continuation tt",7,0,534,534,60,0.5,0.5,534
"29499",19,41,"continuation","tt","continuation tt",6,0,790,790,60,-0.5,-0.5,790
"29501",19,30,"continuation","tt","continuation tt",7,0,1516,1516,60,0.5,0.5,NA
"29503",19,47,"continuation","tt","continuation tt",8,0,240,240,60,-0.5,0.5,240
"29505",19,33,"continuation","tt","continuation tt",6,0,282,282,60,-0.5,-0.5,282
"29507",19,39,"continuation","tt","continuation tt",8,0,308,308,60,-0.5,0.5,308
"29509",19,40,"continuation","tt","continuation tt",5,0,308,308,60,0.5,-0.5,308
"29511",19,48,"continuation","tt","continuation tt",5,0,366,366,60,0.5,-0.5,366
"29513",19,32,"continuation","tt","continuation tt",5,0,464,464,60,0.5,-0.5,464
"29515",19,42,"continuation","tt","continuation tt",7,0,182,182,60,0.5,0.5,182
"29517",19,31,"continuation","tt","continuation tt",8,0,358,358,60,-0.5,0.5,358
"29519",19,34,"continuation","tt","continuation tt",7,0,178,178,60,0.5,0.5,178
"29521",19,35,"continuation","tt","continuation tt",8,0,166,166,60,-0.5,0.5,166
"29523",19,37,"continuation","tt","continuation tt",6,0,292,292,60,-0.5,-0.5,292
"29525",19,26,"continuation","tt","continuation tt",7,0,278,278,60,0.5,0.5,278
"29527",19,43,"continuation","tt","continuation tt",8,0,252,252,60,-0.5,0.5,252
"29529",19,25,"continuation","tt","continuation tt",6,0,180,180,60,-0.5,-0.5,180
"29531",19,28,"continuation","tt","continuation tt",5,0,224,224,60,0.5,-0.5,224
"29533",19,44,"continuation","tt","continuation tt",5,0,358,358,60,0.5,-0.5,358
"29535",19,36,"continuation","tt","continuation tt",5,0,512,512,60,0.5,-0.5,512
"29537",19,38,"continuation","tt","continuation tt",7,0,182,182,60,0.5,0.5,182
"29539",20,41,"continuation","tt","continuation tt",7,0,140,140,60,0.5,0.5,140
"29541",20,37,"continuation","tt","continuation tt",7,0,346,346,60,0.5,0.5,346
"29543",20,47,"continuation","tt","continuation tt",5,0,316,316,60,0.5,-0.5,316
"29545",20,25,"continuation","tt","continuation tt",7,0,278,278,60,0.5,0.5,278
"29547",20,39,"continuation","tt","continuation tt",5,0,498,498,60,0.5,-0.5,498
"29549",20,40,"continuation","tt","continuation tt",6,0,316,316,60,-0.5,-0.5,316
"29551",20,30,"continuation","tt","continuation tt",8,0,322,322,60,-0.5,0.5,322
"29553",20,34,"continuation","tt","continuation tt",8,0,618,618,60,-0.5,0.5,618
"29555",20,26,"continuation","tt","continuation tt",8,0,520,520,60,-0.5,0.5,520
"29557",20,28,"continuation","tt","continuation tt",6,0,362,362,60,-0.5,-0.5,362
"29559",20,36,"continuation","tt","continuation tt",6,0,396,396,60,-0.5,-0.5,396
"29561",20,45,"continuation","tt","continuation tt",7,0,382,382,60,0.5,0.5,382
"29563",20,42,"continuation","tt","continuation tt",8,0,586,586,60,-0.5,0.5,586
"29565",20,29,"continuation","tt","continuation tt",7,0,784,784,60,0.5,0.5,784
"29567",20,44,"continuation","tt","continuation tt",6,0,326,326,60,-0.5,-0.5,326
"29569",20,46,"continuation","tt","continuation tt",8,0,170,170,60,-0.5,0.5,170
"29571",20,32,"continuation","tt","continuation tt",6,0,394,394,60,-0.5,-0.5,394
"29573",20,38,"continuation","tt","continuation tt",8,0,614,614,60,-0.5,0.5,614
"29575",20,43,"continuation","tt","continuation tt",5,0,706,706,60,0.5,-0.5,706
"29577",20,33,"continuation","tt","continuation tt",7,0,854,854,60,0.5,0.5,854
"29579",20,31,"continuation","tt","continuation tt",5,0,304,304,60,0.5,-0.5,304
"29581",20,35,"continuation","tt","continuation tt",5,0,806,806,60,0.5,-0.5,806
"29583",20,48,"continuation","tt","continuation tt",6,0,166,166,60,-0.5,-0.5,166
"29585",20,27,"continuation","tt","continuation tt",5,0,254,254,60,0.5,-0.5,254
"29587",21,31,"continuation","tt","continuation tt",6,0,496,496,60,-0.5,-0.5,496
"29589",21,37,"continuation","tt","continuation tt",8,0,412,412,60,-0.5,0.5,412
"29591",21,36,"continuation","tt","continuation tt",7,0,2100,2100,60,0.5,0.5,2100
"29593",21,46,"continuation","tt","continuation tt",5,0,1474,1474,60,0.5,-0.5,1474
"29595",21,28,"continuation","tt","continuation tt",7,0,1018,1018,60,0.5,0.5,1018
"29597",21,34,"continuation","tt","continuation tt",5,0,326,326,60,0.5,-0.5,326
"29599",21,35,"continuation","tt","continuation tt",6,0,306,306,60,-0.5,-0.5,306
"29601",21,48,"continuation","tt","continuation tt",7,0,1638,1638,60,0.5,0.5,1638
"29603",21,47,"continuation","tt","continuation tt",6,0,348,348,60,-0.5,-0.5,348
"29605",21,40,"continuation","tt","continuation tt",7,0,1540,1540,60,0.5,0.5,1540
"29607",21,41,"continuation","tt","continuation tt",8,0,836,836,60,-0.5,0.5,836
"29609",21,44,"continuation","tt","continuation tt",7,0,368,368,60,0.5,0.5,368
"29611",21,43,"continuation","tt","continuation tt",6,0,298,298,60,-0.5,-0.5,298
"29613",21,25,"continuation","tt","continuation tt",8,0,442,442,60,-0.5,0.5,442
"29615",21,39,"continuation","tt","continuation tt",6,0,452,452,60,-0.5,-0.5,452
"29617",21,32,"continuation","tt","continuation tt",7,0,2254,2254,60,0.5,0.5,2254
"29619",21,27,"continuation","tt","continuation tt",6,0,274,274,60,-0.5,-0.5,274
"29621",21,26,"continuation","tt","continuation tt",5,0,958,958,60,0.5,-0.5,958
"29623",21,45,"continuation","tt","continuation tt",8,0,370,370,60,-0.5,0.5,370
"29625",21,38,"continuation","tt","continuation tt",5,0,176,176,60,0.5,-0.5,176
"29627",21,33,"continuation","tt","continuation tt",8,0,1670,1670,60,-0.5,0.5,1670
"29629",21,30,"continuation","tt","continuation tt",5,0,828,828,60,0.5,-0.5,828
"29631",21,29,"continuation","tt","continuation tt",8,0,1110,1110,60,-0.5,0.5,1110
"29633",21,42,"continuation","tt","continuation tt",5,0,294,294,60,0.5,-0.5,294
"29636",22,47,"continuation","tt","continuation tt",7,0,420,420,60,0.5,0.5,420
"29638",22,36,"continuation","tt","continuation tt",8,0,1530,1530,60,-0.5,0.5,1530
"29640",22,25,"continuation","tt","continuation tt",5,0,586,586,60,0.5,-0.5,586
"29642",22,43,"continuation","tt","continuation tt",7,0,334,334,60,0.5,0.5,334
"29644",22,27,"continuation","tt","continuation tt",7,0,1174,1174,60,0.5,0.5,1174
"29646",22,38,"continuation","tt","continuation tt",6,0,480,480,60,-0.5,-0.5,480
"29648",22,35,"continuation","tt","continuation tt",7,0,274,274,60,0.5,0.5,274
"29650",22,40,"continuation","tt","continuation tt",8,0,458,458,60,-0.5,0.5,458
"29652",22,45,"continuation","tt","continuation tt",5,0,364,364,60,0.5,-0.5,364
"29654",22,39,"continuation","tt","continuation tt",7,0,532,532,60,0.5,0.5,532
"29656",22,28,"continuation","tt","continuation tt",8,0,1222,1222,60,-0.5,0.5,1222
"29658",22,42,"continuation","tt","continuation tt",6,0,692,692,60,-0.5,-0.5,692
"29660",22,37,"continuation","tt","continuation tt",5,0,312,312,60,0.5,-0.5,312
"29662",22,30,"continuation","tt","continuation tt",6,0,774,774,60,-0.5,-0.5,774
"29664",22,31,"continuation","tt","continuation tt",7,0,368,368,60,0.5,0.5,368
"29666",22,32,"continuation","tt","continuation tt",8,0,2066,2066,60,-0.5,0.5,2066
"29668",22,46,"continuation","tt","continuation tt",6,0,604,604,60,-0.5,-0.5,604
"29670",22,34,"continuation","tt","continuation tt",6,0,984,984,60,-0.5,-0.5,984
"29672",22,33,"continuation","tt","continuation tt",5,0,652,652,60,0.5,-0.5,652
"29674",22,26,"continuation","tt","continuation tt",6,0,1068,1068,60,-0.5,-0.5,1068
"29676",22,29,"continuation","tt","continuation tt",5,0,1558,1558,60,0.5,-0.5,1558
"29678",22,41,"continuation","tt","continuation tt",5,0,220,220,60,0.5,-0.5,220
"29680",22,48,"continuation","tt","continuation tt",8,0,1008,1008,60,-0.5,0.5,1008
"29682",22,44,"continuation","tt","continuation tt",8,0,372,372,60,-0.5,0.5,372
"29684",23,34,"continuation","tt","continuation tt",8,0,816,816,60,-0.5,0.5,816
"29686",23,28,"continuation","tt","continuation tt",6,0,347,347,60,-0.5,-0.5,347
"29688",23,43,"continuation","tt","continuation tt",5,0,500,500,60,0.5,-0.5,500
"29690",23,33,"continuation","tt","continuation tt",7,0,591,591,60,0.5,0.5,591
"29692",23,45,"continuation","tt","continuation tt",7,0,287,287,60,0.5,0.5,287
"29694",23,35,"continuation","tt","continuation tt",5,0,613,613,60,0.5,-0.5,613
"29696",23,37,"continuation","tt","continuation tt",7,0,216,216,60,0.5,0.5,216
"29698",23,29,"continuation","tt","continuation tt",7,0,188,188,60,0.5,0.5,188
"29700",23,38,"continuation","tt","continuation tt",8,0,195,195,60,-0.5,0.5,195
"29702",23,32,"continuation","tt","continuation tt",6,0,531,531,60,-0.5,-0.5,531
"29704",23,30,"continuation","tt","continuation tt",8,1,0,NA,60,-0.5,0.5,NA
"29706",23,44,"continuation","tt","continuation tt",6,0,240,240,60,-0.5,-0.5,240
"29708",23,31,"continuation","tt","continuation tt",5,0,789,789,60,0.5,-0.5,789
"29710",23,41,"continuation","tt","continuation tt",7,0,732,732,60,0.5,0.5,732
"29712",23,26,"continuation","tt","continuation tt",8,0,523,523,60,-0.5,0.5,523
"29714",23,36,"continuation","tt","continuation tt",6,0,505,505,60,-0.5,-0.5,505
"29716",23,47,"continuation","tt","continuation tt",5,0,245,245,60,0.5,-0.5,245
"29718",23,40,"continuation","tt","continuation tt",6,0,271,271,60,-0.5,-0.5,271
"29720",23,39,"continuation","tt","continuation tt",5,0,350,350,60,0.5,-0.5,350
"29722",23,46,"continuation","tt","continuation tt",8,0,399,399,60,-0.5,0.5,399
"29724",23,42,"continuation","tt","continuation tt",8,0,169,169,60,-0.5,0.5,169
"29726",23,25,"continuation","tt","continuation tt",7,0,387,387,60,0.5,0.5,387
"29728",23,48,"continuation","tt","continuation tt",6,0,129,129,60,-0.5,-0.5,129
"29730",23,27,"continuation","tt","continuation tt",5,0,407,407,60,0.5,-0.5,407
"29732",24,34,"continuation","tt","continuation tt",7,0,612,612,60,0.5,0.5,612
"29733",24,39,"continuation","tt","continuation tt",8,0,300,300,60,-0.5,0.5,300
"29735",24,46,"continuation","tt","continuation tt",7,0,576,576,60,0.5,0.5,576
"29737",24,44,"continuation","tt","continuation tt",5,0,690,690,60,0.5,-0.5,690
"29739",24,30,"continuation","tt","continuation tt",7,0,494,494,60,0.5,0.5,494
"29741",24,40,"continuation","tt","continuation tt",5,0,514,514,60,0.5,-0.5,514
"29743",24,37,"continuation","tt","continuation tt",6,0,640,640,60,-0.5,-0.5,640
"29745",24,31,"continuation","tt","continuation tt",8,0,326,326,60,-0.5,0.5,326
"29747",24,26,"continuation","tt","continuation tt",7,0,628,628,60,0.5,0.5,628
"29749",24,42,"continuation","tt","continuation tt",7,0,360,360,60,0.5,0.5,360
"29751",24,27,"continuation","tt","continuation tt",8,0,228,228,60,-0.5,0.5,228
"29753",24,35,"continuation","tt","continuation tt",8,0,1490,1490,60,-0.5,0.5,NA
"29755",24,48,"continuation","tt","continuation tt",5,0,492,492,60,0.5,-0.5,492
"29757",24,32,"continuation","tt","continuation tt",5,0,524,524,60,0.5,-0.5,524
"29759",24,36,"continuation","tt","continuation tt",5,0,364,364,60,0.5,-0.5,364
"29761",24,38,"continuation","tt","continuation tt",7,0,232,232,60,0.5,0.5,232
"29763",24,45,"continuation","tt","continuation tt",6,0,388,388,60,-0.5,-0.5,388
"29765",24,33,"continuation","tt","continuation tt",6,0,502,502,60,-0.5,-0.5,502
"29767",24,28,"continuation","tt","continuation tt",5,0,422,422,60,0.5,-0.5,422
"29769",24,41,"continuation","tt","continuation tt",6,0,254,254,60,-0.5,-0.5,254
"29771",24,43,"continuation","tt","continuation tt",8,0,350,350,60,-0.5,0.5,350
"29773",24,25,"continuation","tt","continuation tt",6,0,442,442,60,-0.5,-0.5,442
"29775",24,29,"continuation","tt","continuation tt",6,0,614,614,60,-0.5,-0.5,614
"29777",24,47,"continuation","tt","continuation tt",8,0,394,394,60,-0.5,0.5,394
"29778",25,29,"continuation","tt","continuation tt",7,0,204,204,60,0.5,0.5,204
"29780",25,43,"continuation","tt","continuation tt",5,0,204,204,60,0.5,-0.5,204
"29782",25,34,"continuation","tt","continuation tt",8,0,422,422,60,-0.5,0.5,422
"29784",25,46,"continuation","tt","continuation tt",8,0,306,306,60,-0.5,0.5,306
"29786",25,26,"continuation","tt","continuation tt",8,0,328,328,60,-0.5,0.5,328
"29788",25,37,"continuation","tt","continuation tt",7,0,186,186,60,0.5,0.5,186
"29790",25,45,"continuation","tt","continuation tt",7,0,206,206,60,0.5,0.5,206
"29792",25,44,"continuation","tt","continuation tt",6,0,208,208,60,-0.5,-0.5,208
"29794",25,35,"continuation","tt","continuation tt",5,0,328,328,60,0.5,-0.5,328
"29796",25,47,"continuation","tt","continuation tt",5,1,0,NA,60,0.5,-0.5,NA
"29798",25,27,"continuation","tt","continuation tt",5,0,202,202,60,0.5,-0.5,202
"29800",25,32,"continuation","tt","continuation tt",6,0,180,180,60,-0.5,-0.5,180
"29802",25,25,"continuation","tt","continuation tt",7,0,212,212,60,0.5,0.5,212
"29804",25,31,"continuation","tt","continuation tt",5,0,136,136,60,0.5,-0.5,136
"29806",25,38,"continuation","tt","continuation tt",8,0,150,150,60,-0.5,0.5,150
"29808",25,36,"continuation","tt","continuation tt",6,0,152,152,60,-0.5,-0.5,152
"29810",25,48,"continuation","tt","continuation tt",6,0,150,150,60,-0.5,-0.5,150
"29812",25,40,"continuation","tt","continuation tt",6,1,0,NA,60,-0.5,-0.5,NA
"29814",25,42,"continuation","tt","continuation tt",8,0,144,144,60,-0.5,0.5,144
"29816",25,28,"continuation","tt","continuation tt",6,0,162,162,60,-0.5,-0.5,162
"29818",25,33,"continuation","tt","continuation tt",7,0,162,162,60,0.5,0.5,162
"29820",25,41,"continuation","tt","continuation tt",7,0,194,194,60,0.5,0.5,194
"29822",25,30,"continuation","tt","continuation tt",8,0,162,162,60,-0.5,0.5,162
"29824",25,39,"continuation","tt","continuation tt",5,0,192,192,60,0.5,-0.5,192
"29826",26,42,"continuation","tt","continuation tt",5,0,474,474,60,0.5,-0.5,474
"29828",26,37,"continuation","tt","continuation tt",8,0,520,520,60,-0.5,0.5,520
"29830",26,26,"continuation","tt","continuation tt",5,0,378,378,60,0.5,-0.5,378
"29832",26,33,"continuation","tt","continuation tt",8,0,936,936,60,-0.5,0.5,936
"29834",26,31,"continuation","tt","continuation tt",6,0,414,414,60,-0.5,-0.5,414
"29836",26,47,"continuation","tt","continuation tt",6,0,440,440,60,-0.5,-0.5,440
"29838",26,43,"continuation","tt","continuation tt",6,0,368,368,60,-0.5,-0.5,368
"29840",26,27,"continuation","tt","continuation tt",6,0,464,464,60,-0.5,-0.5,464
"29842",26,38,"continuation","tt","continuation tt",5,0,396,396,60,0.5,-0.5,396
"29844",26,46,"continuation","tt","continuation tt",5,0,232,232,60,0.5,-0.5,232
"29846",26,34,"continuation","tt","continuation tt",5,0,262,262,60,0.5,-0.5,262
"29848",26,45,"continuation","tt","continuation tt",8,0,418,418,60,-0.5,0.5,418
"29850",26,44,"continuation","tt","continuation tt",7,0,692,692,60,0.5,0.5,692
"29852",26,39,"continuation","tt","continuation tt",6,0,470,470,60,-0.5,-0.5,470
"29854",26,25,"continuation","tt","continuation tt",8,0,620,620,60,-0.5,0.5,620
"29856",26,28,"continuation","tt","continuation tt",7,0,518,518,60,0.5,0.5,518
"29858",26,35,"continuation","tt","continuation tt",6,0,462,462,60,-0.5,-0.5,462
"29860",26,48,"continuation","tt","continuation tt",7,0,236,236,60,0.5,0.5,236
"29862",26,41,"continuation","tt","continuation tt",8,0,294,294,60,-0.5,0.5,294
"29864",26,32,"continuation","tt","continuation tt",7,0,310,310,60,0.5,0.5,310
"29866",26,40,"continuation","tt","continuation tt",7,0,694,694,60,0.5,0.5,694
"29868",26,29,"continuation","tt","continuation tt",8,0,330,330,60,-0.5,0.5,330
"29870",26,30,"continuation","tt","continuation tt",5,0,452,452,60,0.5,-0.5,452
"29872",26,36,"continuation","tt","continuation tt",7,0,308,308,60,0.5,0.5,308
"29874",27,46,"continuation","tt","continuation tt",6,0,250,250,60,-0.5,-0.5,250
"29876",27,42,"continuation","tt","continuation tt",6,0,304,304,60,-0.5,-0.5,304
"29878",27,36,"continuation","tt","continuation tt",8,0,656,656,60,-0.5,0.5,656
"29880",27,35,"continuation","tt","continuation tt",7,0,536,536,60,0.5,0.5,536
"29882",27,39,"continuation","tt","continuation tt",7,0,430,430,60,0.5,0.5,430
"29884",27,37,"continuation","tt","continuation tt",5,0,204,204,60,0.5,-0.5,204
"29886",27,45,"continuation","tt","continuation tt",5,0,354,354,60,0.5,-0.5,354
"29888",27,25,"continuation","tt","continuation tt",5,0,188,188,60,0.5,-0.5,188
"29890",27,28,"continuation","tt","continuation tt",8,0,280,280,60,-0.5,0.5,280
"29892",27,30,"continuation","tt","continuation tt",6,0,190,190,60,-0.5,-0.5,190
"29894",27,31,"continuation","tt","continuation tt",7,0,388,388,60,0.5,0.5,388
"29896",27,33,"continuation","tt","continuation tt",5,0,368,368,60,0.5,-0.5,368
"29898",27,27,"continuation","tt","continuation tt",7,0,408,408,60,0.5,0.5,408
"29900",27,47,"continuation","tt","continuation tt",7,0,282,282,60,0.5,0.5,282
"29902",27,38,"continuation","tt","continuation tt",6,0,362,362,60,-0.5,-0.5,362
"29904",27,41,"continuation","tt","continuation tt",5,0,212,212,60,0.5,-0.5,212
"29906",27,29,"continuation","tt","continuation tt",5,0,374,374,60,0.5,-0.5,374
"29908",27,48,"continuation","tt","continuation tt",8,0,456,456,60,-0.5,0.5,456
"29910",27,26,"continuation","tt","continuation tt",6,0,520,520,60,-0.5,-0.5,520
"29912",27,32,"continuation","tt","continuation tt",8,0,412,412,60,-0.5,0.5,412
"29914",27,44,"continuation","tt","continuation tt",8,0,332,332,60,-0.5,0.5,332
"29916",27,43,"continuation","tt","continuation tt",7,0,436,436,60,0.5,0.5,436
"29918",27,34,"continuation","tt","continuation tt",6,0,206,206,60,-0.5,-0.5,206
"29920",27,40,"continuation","tt","continuation tt",8,0,404,404,60,-0.5,0.5,404
"29922",28,27,"continuation","tt","continuation tt",8,0,376,376,60,-0.5,0.5,376
"29924",28,26,"continuation","tt","continuation tt",7,0,336,336,60,0.5,0.5,336
"29926",28,28,"continuation","tt","continuation tt",5,0,280,280,60,0.5,-0.5,280
"29928",28,29,"continuation","tt","continuation tt",6,0,1244,1244,60,-0.5,-0.5,1244
"29930",28,33,"continuation","tt","continuation tt",6,0,304,304,60,-0.5,-0.5,304
"29932",28,44,"continuation","tt","continuation tt",5,0,446,446,60,0.5,-0.5,446
"29934",28,45,"continuation","tt","continuation tt",6,0,316,316,60,-0.5,-0.5,316
"29936",28,47,"continuation","tt","continuation tt",8,0,468,468,60,-0.5,0.5,468
"29938",28,48,"continuation","tt","continuation tt",5,0,372,372,60,0.5,-0.5,372
"29940",28,37,"continuation","tt","continuation tt",6,0,552,552,60,-0.5,-0.5,552
"29942",28,38,"continuation","tt","continuation tt",7,0,290,290,60,0.5,0.5,290
"29944",28,30,"continuation","tt","continuation tt",7,0,472,472,60,0.5,0.5,472
"29946",28,40,"continuation","tt","continuation tt",5,0,548,548,60,0.5,-0.5,548
"29948",28,35,"continuation","tt","continuation tt",8,0,1302,1302,60,-0.5,0.5,1302
"29950",28,25,"continuation","tt","continuation tt",6,0,302,302,60,-0.5,-0.5,302
"29952",28,31,"continuation","tt","continuation tt",8,0,782,782,60,-0.5,0.5,782
"29954",28,32,"continuation","tt","continuation tt",5,0,1780,1780,60,0.5,-0.5,1780
"29956",28,39,"continuation","tt","continuation tt",8,0,302,302,60,-0.5,0.5,302
"29958",28,46,"continuation","tt","continuation tt",7,0,162,162,60,0.5,0.5,162
"29960",28,34,"continuation","tt","continuation tt",7,0,332,332,60,0.5,0.5,332
"29962",28,41,"continuation","tt","continuation tt",6,0,252,252,60,-0.5,-0.5,252
"29964",28,43,"continuation","tt","continuation tt",8,0,654,654,60,-0.5,0.5,654
"29966",28,36,"continuation","tt","continuation tt",5,0,304,304,60,0.5,-0.5,304
"29968",28,42,"continuation","tt","continuation tt",7,0,696,696,60,0.5,0.5,696
"29971",29,42,"continuation","tt","continuation tt",8,0,468,468,60,-0.5,0.5,468
"29973",29,39,"continuation","tt","continuation tt",5,0,1486,1486,60,0.5,-0.5,1486
"29975",29,43,"continuation","tt","continuation tt",5,0,558,558,60,0.5,-0.5,558
"29977",29,46,"continuation","tt","continuation tt",8,0,508,508,60,-0.5,0.5,508
"29979",29,45,"continuation","tt","continuation tt",7,0,744,744,60,0.5,0.5,744
"29981",29,29,"continuation","tt","continuation tt",7,0,390,390,60,0.5,0.5,390
"29983",29,31,"continuation","tt","continuation tt",5,0,152,152,60,0.5,-0.5,152
"29985",29,38,"continuation","tt","continuation tt",8,0,286,286,60,-0.5,0.5,286
"29987",29,41,"continuation","tt","continuation tt",7,0,526,526,60,0.5,0.5,526
"29989",29,28,"continuation","tt","continuation tt",6,0,300,300,60,-0.5,-0.5,300
"29991",29,26,"continuation","tt","continuation tt",8,0,440,440,60,-0.5,0.5,440
"29993",29,32,"continuation","tt","continuation tt",6,0,284,284,60,-0.5,-0.5,284
"29995",29,27,"continuation","tt","continuation tt",5,0,328,328,60,0.5,-0.5,328
"29997",29,36,"continuation","tt","continuation tt",6,0,190,190,60,-0.5,-0.5,190
"29999",29,34,"continuation","tt","continuation tt",8,0,230,230,60,-0.5,0.5,230
"30001",29,35,"continuation","tt","continuation tt",5,0,710,710,60,0.5,-0.5,710
"30002",29,40,"continuation","tt","continuation tt",6,0,268,268,60,-0.5,-0.5,268
"30004",29,44,"continuation","tt","continuation tt",6,0,220,220,60,-0.5,-0.5,220
"30006",29,30,"continuation","tt","continuation tt",8,1,0,NA,60,-0.5,0.5,NA
"30008",29,25,"continuation","tt","continuation tt",7,0,232,232,60,0.5,0.5,232
"30010",29,33,"continuation","tt","continuation tt",7,0,410,410,60,0.5,0.5,410
"30012",29,37,"continuation","tt","continuation tt",7,0,1066,1066,60,0.5,0.5,1066
"30014",29,47,"continuation","tt","continuation tt",5,0,506,506,60,0.5,-0.5,506
"30016",29,48,"continuation","tt","continuation tt",6,0,176,176,60,-0.5,-0.5,176
"30018",30,36,"continuation","tt","continuation tt",7,0,1360,1360,60,0.5,0.5,1360
"30020",30,44,"continuation","tt","continuation tt",7,0,912,912,60,0.5,0.5,912
"30022",30,32,"continuation","tt","continuation tt",7,0,230,230,60,0.5,0.5,230
"30024",30,25,"continuation","tt","continuation tt",8,0,2544,2544,60,-0.5,0.5,2544
"30026",30,27,"continuation","tt","continuation tt",6,0,644,644,60,-0.5,-0.5,644
"30028",30,37,"continuation","tt","continuation tt",8,0,1170,1170,60,-0.5,0.5,1170
"30030",30,38,"continuation","tt","continuation tt",5,0,734,734,60,0.5,-0.5,734
"30032",30,47,"continuation","tt","continuation tt",6,0,964,964,60,-0.5,-0.5,964
"30034",30,33,"continuation","tt","continuation tt",8,0,474,474,60,-0.5,0.5,474
"30036",30,30,"continuation","tt","continuation tt",5,0,598,598,60,0.5,-0.5,598
"30038",30,48,"continuation","tt","continuation tt",7,0,1906,1906,60,0.5,0.5,1906
"30040",30,40,"continuation","tt","continuation tt",7,0,990,990,60,0.5,0.5,990
"30042",30,46,"continuation","tt","continuation tt",5,0,170,170,60,0.5,-0.5,170
"30044",30,35,"continuation","tt","continuation tt",6,0,652,652,57,-0.5,-0.5,652
"30046",30,43,"continuation","tt","continuation tt",6,0,514,514,57,-0.5,-0.5,514
"30048",30,41,"continuation","tt","continuation tt",8,0,562,562,57,-0.5,0.5,562
"30050",30,39,"continuation","tt","continuation tt",6,0,234,234,57,-0.5,-0.5,234
"30052",30,42,"continuation","tt","continuation tt",5,0,608,608,57,0.5,-0.5,608
"30054",30,31,"continuation","tt","continuation tt",6,0,408,408,57,-0.5,-0.5,408
"30056",30,26,"continuation","tt","continuation tt",5,0,1328,1328,57,0.5,-0.5,1328
"30058",30,34,"continuation","tt","continuation tt",5,0,218,218,57,0.5,-0.5,218
"30060",30,45,"continuation","tt","continuation tt",8,0,600,600,57,-0.5,0.5,600
"30062",30,29,"continuation","tt","continuation tt",8,0,336,336,57,-0.5,0.5,336
"30064",30,28,"continuation","tt","continuation tt",7,0,274,274,57,0.5,0.5,274
"30066",31,34,"continuation","tt","continuation tt",6,0,1012,1012,57,-0.5,-0.5,1012
"30068",31,41,"continuation","tt","continuation tt",5,0,762,762,57,0.5,-0.5,762
"30070",31,40,"continuation","tt","continuation tt",8,0,2296,2296,57,-0.5,0.5,2296
"30072",31,42,"continuation","tt","continuation tt",6,0,348,348,57,-0.5,-0.5,348
"30074",31,31,"continuation","tt","continuation tt",7,0,764,764,57,0.5,0.5,764
"30076",31,35,"continuation","tt","continuation tt",7,0,888,888,57,0.5,0.5,888
"30078",31,38,"continuation","tt","continuation tt",6,0,356,356,57,-0.5,-0.5,356
"30080",31,29,"continuation","tt","continuation tt",5,0,1190,1190,57,0.5,-0.5,1190
"30082",31,37,"continuation","tt","continuation tt",5,0,690,690,57,0.5,-0.5,690
"30084",31,46,"continuation","tt","continuation tt",6,0,236,236,57,-0.5,-0.5,236
"30086",31,44,"continuation","tt","continuation tt",8,0,932,932,57,-0.5,0.5,932
"30088",31,28,"continuation","tt","continuation tt",8,0,342,342,57,-0.5,0.5,342
"30090",31,30,"continuation","tt","continuation tt",6,0,886,886,57,-0.5,-0.5,886
"30092",31,32,"continuation","tt","continuation tt",8,0,1036,1036,57,-0.5,0.5,1036
"30094",31,39,"continuation","tt","continuation tt",7,0,486,486,57,0.5,0.5,486
"30096",31,25,"continuation","tt","continuation tt",5,0,344,344,57,0.5,-0.5,344
"30098",31,33,"continuation","tt","continuation tt",5,0,358,358,57,0.5,-0.5,358
"30100",31,47,"continuation","tt","continuation tt",7,0,412,412,57,0.5,0.5,412
"30102",31,45,"continuation","tt","continuation tt",5,0,218,218,57,0.5,-0.5,218
"30104",31,48,"continuation","tt","continuation tt",8,0,322,322,57,-0.5,0.5,322
"30106",31,36,"continuation","tt","continuation tt",8,0,1478,1478,57,-0.5,0.5,1478
"30108",31,43,"continuation","tt","continuation tt",7,0,288,288,57,0.5,0.5,288
"30110",31,26,"continuation","tt","continuation tt",6,0,852,852,57,-0.5,-0.5,852
"30112",31,27,"continuation","tt","continuation tt",7,0,1598,1598,57,0.5,0.5,1598
"30113",32,44,"continuation","tt","continuation tt",5,0,364,364,57,0.5,-0.5,364
"30115",32,43,"continuation","tt","continuation tt",8,0,346,346,57,-0.5,0.5,346
"30117",32,40,"continuation","tt","continuation tt",5,0,360,360,57,0.5,-0.5,360
"30119",32,42,"continuation","tt","continuation tt",7,0,262,262,57,0.5,0.5,262
"30121",32,39,"continuation","tt","continuation tt",8,0,228,228,57,-0.5,0.5,228
"30123",32,46,"continuation","tt","continuation tt",7,0,1082,1082,57,0.5,0.5,1082
"30125",32,48,"continuation","tt","continuation tt",5,0,366,366,57,0.5,-0.5,366
"30127",32,32,"continuation","tt","continuation tt",5,0,312,312,57,0.5,-0.5,312
"30129",32,26,"continuation","tt","continuation tt",7,0,812,812,57,0.5,0.5,812
"30131",32,45,"continuation","tt","continuation tt",6,0,458,458,57,-0.5,-0.5,458
"30133",32,25,"continuation","tt","continuation tt",6,0,408,408,57,-0.5,-0.5,408
"30135",32,30,"continuation","tt","continuation tt",7,0,488,488,57,0.5,0.5,488
"30137",32,33,"continuation","tt","continuation tt",6,0,340,340,57,-0.5,-0.5,340
"30139",32,36,"continuation","tt","continuation tt",5,0,388,388,57,0.5,-0.5,388
"30141",32,35,"continuation","tt","continuation tt",8,0,234,234,57,-0.5,0.5,234
"30143",32,41,"continuation","tt","continuation tt",6,0,256,256,57,-0.5,-0.5,256
"30145",32,27,"continuation","tt","continuation tt",8,0,764,764,57,-0.5,0.5,764
"30147",32,34,"continuation","tt","continuation tt",7,0,456,456,57,0.5,0.5,456
"30149",32,28,"continuation","tt","continuation tt",5,0,350,350,57,0.5,-0.5,350
"30151",32,31,"continuation","tt","continuation tt",8,0,364,364,57,-0.5,0.5,364
"30153",32,29,"continuation","tt","continuation tt",6,0,216,216,57,-0.5,-0.5,216
"30155",32,47,"continuation","tt","continuation tt",8,0,338,338,57,-0.5,0.5,338
"30157",32,37,"continuation","tt","continuation tt",6,0,196,196,57,-0.5,-0.5,196
"30159",32,38,"continuation","tt","continuation tt",7,0,598,598,57,0.5,0.5,598
"30162",33,33,"continuation","tt","continuation tt",7,0,1216,1216,57,0.5,0.5,1216
"30164",33,43,"continuation","tt","continuation tt",5,0,750,750,57,0.5,-0.5,750
"30166",33,31,"continuation","tt","continuation tt",5,0,642,642,57,0.5,-0.5,642
"30168",33,34,"continuation","tt","continuation tt",8,0,336,336,57,-0.5,0.5,336
"30170",33,42,"continuation","tt","continuation tt",8,0,536,536,57,-0.5,0.5,536
"30172",33,25,"continuation","tt","continuation tt",7,0,270,270,57,0.5,0.5,270
"30174",33,26,"continuation","tt","continuation tt",8,0,1096,1096,57,-0.5,0.5,1096
"30176",33,35,"continuation","tt","continuation tt",5,0,1010,1010,57,0.5,-0.5,1010
"30178",33,47,"continuation","tt","continuation tt",5,0,342,342,57,0.5,-0.5,342
"30180",33,32,"continuation","tt","continuation tt",6,0,2564,2564,57,-0.5,-0.5,NA
"30182",33,40,"continuation","tt","continuation tt",6,0,484,484,57,-0.5,-0.5,484
"30184",33,36,"continuation","tt","continuation tt",6,0,294,294,57,-0.5,-0.5,294
"30186",33,48,"continuation","tt","continuation tt",6,0,330,330,57,-0.5,-0.5,330
"30188",33,27,"continuation","tt","continuation tt",5,0,512,512,57,0.5,-0.5,512
"30190",33,41,"continuation","tt","continuation tt",7,0,492,492,57,0.5,0.5,492
"30192",33,37,"continuation","tt","continuation tt",7,0,644,644,57,0.5,0.5,644
"30194",33,45,"continuation","tt","continuation tt",7,0,290,290,57,0.5,0.5,290
"30196",33,44,"continuation","tt","continuation tt",6,0,610,610,57,-0.5,-0.5,610
"30198",33,29,"continuation","tt","continuation tt",7,0,460,460,57,0.5,0.5,460
"30200",33,28,"continuation","tt","continuation tt",6,0,190,190,57,-0.5,-0.5,190
"30202",33,30,"continuation","tt","continuation tt",8,0,326,326,57,-0.5,0.5,326
"30204",33,39,"continuation","tt","continuation tt",5,0,244,244,57,0.5,-0.5,244
"30206",33,38,"continuation","tt","continuation tt",8,0,218,218,57,-0.5,0.5,218
"30208",33,46,"continuation","tt","continuation tt",8,0,848,848,57,-0.5,0.5,848
"30209",34,37,"continuation","tt","continuation tt",8,0,516,516,57,-0.5,0.5,516
"30211",34,32,"continuation","tt","continuation tt",7,0,298,298,57,0.5,0.5,298
"30213",34,30,"continuation","tt","continuation tt",5,0,418,418,57,0.5,-0.5,418
"30215",34,27,"continuation","tt","continuation tt",6,0,304,304,57,-0.5,-0.5,304
"30217",34,34,"continuation","tt","continuation tt",5,0,285,285,57,0.5,-0.5,285
"30219",34,46,"continuation","tt","continuation tt",5,0,700,700,57,0.5,-0.5,700
"30221",34,38,"continuation","tt","continuation tt",5,0,478,478,57,0.5,-0.5,478
"30223",34,39,"continuation","tt","continuation tt",6,0,298,298,57,-0.5,-0.5,298
"30225",34,45,"continuation","tt","continuation tt",8,0,271,271,57,-0.5,0.5,271
"30227",34,29,"continuation","tt","continuation tt",8,0,159,159,57,-0.5,0.5,159
"30229",34,33,"continuation","tt","continuation tt",8,0,208,208,57,-0.5,0.5,208
"30231",34,48,"continuation","tt","continuation tt",7,0,394,394,57,0.5,0.5,394
"30233",34,41,"continuation","tt","continuation tt",8,0,451,451,57,-0.5,0.5,451
"30235",34,40,"continuation","tt","continuation tt",7,0,277,277,57,0.5,0.5,277
"30237",34,31,"continuation","tt","continuation tt",6,0,545,545,57,-0.5,-0.5,545
"30239",34,43,"continuation","tt","continuation tt",6,0,209,209,57,-0.5,-0.5,209
"30241",34,25,"continuation","tt","continuation tt",8,0,376,376,57,-0.5,0.5,376
"30243",34,36,"continuation","tt","continuation tt",7,0,395,395,57,0.5,0.5,395
"30245",34,47,"continuation","tt","continuation tt",6,0,251,251,57,-0.5,-0.5,251
"30247",34,42,"continuation","tt","continuation tt",5,0,642,642,57,0.5,-0.5,642
"30249",34,44,"continuation","tt","continuation tt",7,1,0,NA,57,0.5,0.5,NA
"30251",34,28,"continuation","tt","continuation tt",7,0,253,253,57,0.5,0.5,253
"30253",34,26,"continuation","tt","continuation tt",5,0,202,202,57,0.5,-0.5,202
"30255",34,35,"continuation","tt","continuation tt",6,0,204,204,57,-0.5,-0.5,204
"30257",35,47,"continuation","tt","continuation tt",6,0,546,546,57,-0.5,-0.5,546
"30259",35,33,"continuation","tt","continuation tt",8,0,604,604,57,-0.5,0.5,604
"30261",35,43,"continuation","tt","continuation tt",6,0,298,298,57,-0.5,-0.5,298
"30263",35,32,"continuation","tt","continuation tt",7,0,1082,1082,57,0.5,0.5,1082
"30265",35,42,"continuation","tt","continuation tt",5,0,1618,1618,57,0.5,-0.5,1618
"30267",35,26,"continuation","tt","continuation tt",5,0,328,328,57,0.5,-0.5,328
"30269",35,39,"continuation","tt","continuation tt",6,0,228,228,57,-0.5,-0.5,228
"30271",35,28,"continuation","tt","continuation tt",7,0,278,278,57,0.5,0.5,278
"30273",35,36,"continuation","tt","continuation tt",7,0,950,950,57,0.5,0.5,950
"30275",35,48,"continuation","tt","continuation tt",7,0,370,370,57,0.5,0.5,370
"30277",35,34,"continuation","tt","continuation tt",5,0,540,540,57,0.5,-0.5,540
"30279",35,38,"continuation","tt","continuation tt",5,0,164,164,57,0.5,-0.5,164
"30281",35,46,"continuation","tt","continuation tt",5,0,478,478,57,0.5,-0.5,478
"30283",35,35,"continuation","tt","continuation tt",6,0,210,210,57,-0.5,-0.5,210
"30285",35,44,"continuation","tt","continuation tt",7,0,312,312,57,0.5,0.5,312
"30287",35,40,"continuation","tt","continuation tt",7,0,1190,1190,57,0.5,0.5,1190
"30289",35,31,"continuation","tt","continuation tt",6,0,224,224,57,-0.5,-0.5,224
"30291",35,41,"continuation","tt","continuation tt",8,0,614,614,57,-0.5,0.5,614
"30293",35,27,"continuation","tt","continuation tt",6,0,190,190,57,-0.5,-0.5,190
"30295",35,37,"continuation","tt","continuation tt",8,0,290,290,57,-0.5,0.5,290
"30297",35,30,"continuation","tt","continuation tt",5,0,144,144,57,0.5,-0.5,144
"30299",35,45,"continuation","tt","continuation tt",8,0,192,192,57,-0.5,0.5,192
"30301",35,29,"continuation","tt","continuation tt",8,0,244,244,57,-0.5,0.5,244
"30303",35,25,"continuation","tt","continuation tt",8,0,806,806,57,-0.5,0.5,806
"30306",36,41,"continuation","tt","continuation tt",5,0,695,695,57,0.5,-0.5,695
"30308",36,43,"continuation","tt","continuation tt",7,0,240,240,57,0.5,0.5,240
"30310",36,26,"continuation","tt","continuation tt",6,0,196,196,57,-0.5,-0.5,196
"30312",36,27,"continuation","tt","continuation tt",7,0,581,581,57,0.5,0.5,581
"30314",36,42,"continuation","tt","continuation tt",6,0,178,178,57,-0.5,-0.5,178
"30316",36,33,"continuation","tt","continuation tt",5,0,198,198,57,0.5,-0.5,198
"30318",36,40,"continuation","tt","continuation tt",8,0,350,350,57,-0.5,0.5,350
"30320",36,47,"continuation","tt","continuation tt",7,0,339,339,57,0.5,0.5,339
"30322",36,35,"continuation","tt","continuation tt",7,0,174,174,57,0.5,0.5,174
"30324",36,46,"continuation","tt","continuation tt",6,0,301,301,57,-0.5,-0.5,301
"30326",36,28,"continuation","tt","continuation tt",8,0,208,208,57,-0.5,0.5,208
"30328",36,34,"continuation","tt","continuation tt",6,0,180,180,57,-0.5,-0.5,180
"30330",36,36,"continuation","tt","continuation tt",8,0,443,443,57,-0.5,0.5,443
"30332",36,38,"continuation","tt","continuation tt",6,0,304,304,57,-0.5,-0.5,304
"30334",36,25,"continuation","tt","continuation tt",5,0,177,177,57,0.5,-0.5,177
"30336",36,37,"continuation","tt","continuation tt",5,0,285,285,57,0.5,-0.5,285
"30338",36,31,"continuation","tt","continuation tt",7,0,175,175,57,0.5,0.5,175
"30340",36,45,"continuation","tt","continuation tt",5,0,241,241,57,0.5,-0.5,241
"30342",36,30,"continuation","tt","continuation tt",6,0,242,242,57,-0.5,-0.5,242
"30344",36,32,"continuation","tt","continuation tt",8,0,199,199,57,-0.5,0.5,199
"30346",36,44,"continuation","tt","continuation tt",8,0,539,539,57,-0.5,0.5,539
"30348",36,48,"continuation","tt","continuation tt",8,0,283,283,57,-0.5,0.5,283
"30350",36,39,"continuation","tt","continuation tt",7,0,184,184,57,0.5,0.5,184
"30352",36,29,"continuation","tt","continuation tt",5,0,136,136,57,0.5,-0.5,136
"30353",37,42,"continuation","tt","continuation tt",7,0,489,489,57,0.5,0.5,489
"30355",37,36,"continuation","tt","continuation tt",5,0,214,214,57,0.5,-0.5,214
"30357",37,32,"continuation","tt","continuation tt",5,0,1020,1020,57,0.5,-0.5,1020
"30359",37,48,"continuation","tt","continuation tt",5,0,413,413,57,0.5,-0.5,413
"30361",37,25,"continuation","tt","continuation tt",6,0,196,196,57,-0.5,-0.5,196
"30363",37,30,"continuation","tt","continuation tt",7,0,1044,1044,57,0.5,0.5,1044
"30365",37,39,"continuation","tt","continuation tt",8,0,433,433,57,-0.5,0.5,433
"30367",37,35,"continuation","tt","continuation tt",8,0,621,621,57,-0.5,0.5,621
"30369",37,28,"continuation","tt","continuation tt",5,0,184,184,57,0.5,-0.5,184
"30371",37,34,"continuation","tt","continuation tt",7,0,583,583,57,0.5,0.5,583
"30373",37,38,"continuation","tt","continuation tt",7,0,209,209,57,0.5,0.5,209
"30375",37,26,"continuation","tt","continuation tt",7,0,843,843,57,0.5,0.5,843
"30377",37,40,"continuation","tt","continuation tt",5,0,960,960,57,0.5,-0.5,960
"30379",37,47,"continuation","tt","continuation tt",8,0,866,866,57,-0.5,0.5,866
"30381",37,44,"continuation","tt","continuation tt",5,0,291,291,57,0.5,-0.5,291
"30383",37,43,"continuation","tt","continuation tt",8,0,720,720,57,-0.5,0.5,720
"30385",37,33,"continuation","tt","continuation tt",6,0,248,248,57,-0.5,-0.5,248
"30387",37,29,"continuation","tt","continuation tt",6,0,656,656,57,-0.5,-0.5,656
"30389",37,46,"continuation","tt","continuation tt",7,0,167,167,57,0.5,0.5,167
"30391",37,41,"continuation","tt","continuation tt",6,0,635,635,57,-0.5,-0.5,635
"30393",37,37,"continuation","tt","continuation tt",6,0,634,634,57,-0.5,-0.5,634
"30395",37,31,"continuation","tt","continuation tt",8,0,255,255,57,-0.5,0.5,255
"30397",37,27,"continuation","tt","continuation tt",8,0,666,666,57,-0.5,0.5,666
"30399",37,45,"continuation","tt","continuation tt",6,0,505,505,57,-0.5,-0.5,505
"30401",38,34,"continuation","tt","continuation tt",8,0,699,699,57,-0.5,0.5,699
"30403",38,28,"continuation","tt","continuation tt",6,0,523,523,57,-0.5,-0.5,523
"30405",38,43,"continuation","tt","continuation tt",5,0,916,916,57,0.5,-0.5,916
"30407",38,38,"continuation","tt","continuation tt",8,0,476,476,57,-0.5,0.5,476
"30409",38,30,"continuation","tt","continuation tt",8,0,397,397,57,-0.5,0.5,397
"30411",38,47,"continuation","tt","continuation tt",5,0,499,499,57,0.5,-0.5,499
"30413",38,39,"continuation","tt","continuation tt",5,0,173,173,57,0.5,-0.5,173
"30415",38,45,"continuation","tt","continuation tt",7,0,188,188,57,0.5,0.5,188
"30417",38,32,"continuation","tt","continuation tt",6,0,254,254,57,-0.5,-0.5,254
"30419",38,29,"continuation","tt","continuation tt",7,0,175,175,57,0.5,0.5,175
"30421",38,35,"continuation","tt","continuation tt",5,0,487,487,57,0.5,-0.5,487
"30423",38,41,"continuation","tt","continuation tt",7,0,150,150,57,0.5,0.5,150
"30425",38,25,"continuation","tt","continuation tt",7,0,256,256,57,0.5,0.5,256
"30427",38,31,"continuation","tt","continuation tt",5,0,172,172,57,0.5,-0.5,172
"30429",38,48,"continuation","tt","continuation tt",6,0,209,209,57,-0.5,-0.5,209
"30431",38,44,"continuation","tt","continuation tt",6,0,689,689,57,-0.5,-0.5,689
"30433",38,37,"continuation","tt","continuation tt",7,0,574,574,57,0.5,0.5,574
"30435",38,36,"continuation","tt","continuation tt",6,1,0,NA,57,-0.5,-0.5,NA
"30437",38,42,"continuation","tt","continuation tt",8,1,0,NA,57,-0.5,0.5,NA
"30439",38,26,"continuation","tt","continuation tt",8,0,178,178,57,-0.5,0.5,178
"30441",38,40,"continuation","tt","continuation tt",6,0,201,201,57,-0.5,-0.5,201
"30443",38,46,"continuation","tt","continuation tt",8,0,890,890,57,-0.5,0.5,890
"30445",38,33,"continuation","tt","continuation tt",7,0,1257,1257,57,0.5,0.5,1257
"30447",38,27,"continuation","tt","continuation tt",5,0,211,211,57,0.5,-0.5,211
"30450",39,41,"continuation","tt","continuation tt",8,0,421,421,57,-0.5,0.5,421
"30452",39,33,"continuation","tt","continuation tt",8,0,413,413,57,-0.5,0.5,413
"30454",39,25,"continuation","tt","continuation tt",8,0,1196,1196,57,-0.5,0.5,1196
"30456",39,37,"continuation","tt","continuation tt",8,0,1213,1213,57,-0.5,0.5,1213
"30458",39,27,"continuation","tt","continuation tt",6,0,467,467,57,-0.5,-0.5,467
"30460",39,31,"continuation","tt","continuation tt",6,0,378,378,57,-0.5,-0.5,378
"30462",39,30,"continuation","tt","continuation tt",5,0,1036,1036,57,0.5,-0.5,1036
"30464",39,42,"continuation","tt","continuation tt",5,0,287,287,57,0.5,-0.5,287
"30466",39,40,"continuation","tt","continuation tt",7,0,526,526,57,0.5,0.5,526
"30468",39,39,"continuation","tt","continuation tt",6,0,218,218,57,-0.5,-0.5,218
"30470",39,26,"continuation","tt","continuation tt",5,0,644,644,57,0.5,-0.5,644
"30472",39,43,"continuation","tt","continuation tt",6,0,114,114,57,-0.5,-0.5,114
"30474",39,48,"continuation","tt","continuation tt",7,0,544,544,57,0.5,0.5,544
"30476",39,44,"continuation","tt","continuation tt",7,0,648,648,57,0.5,0.5,648
"30478",39,45,"continuation","tt","continuation tt",8,0,385,385,57,-0.5,0.5,385
"30480",39,46,"continuation","tt","continuation tt",5,0,277,277,57,0.5,-0.5,277
"30482",39,29,"continuation","tt","continuation tt",8,0,411,411,57,-0.5,0.5,411
"30484",39,36,"continuation","tt","continuation tt",7,0,1415,1415,57,0.5,0.5,1415
"30486",39,34,"continuation","tt","continuation tt",5,0,403,403,57,0.5,-0.5,403
"30488",39,28,"continuation","tt","continuation tt",7,0,490,490,57,0.5,0.5,490
"30490",39,35,"continuation","tt","continuation tt",6,0,469,469,57,-0.5,-0.5,469
"30492",39,38,"continuation","tt","continuation tt",5,0,541,541,57,0.5,-0.5,541
"30494",39,32,"continuation","tt","continuation tt",7,0,424,424,57,0.5,0.5,424
"30496",39,47,"continuation","tt","continuation tt",6,0,250,250,57,-0.5,-0.5,250
"30497",40,41,"continuation","tt","continuation tt",5,0,526,526,57,0.5,-0.5,526
"30499",40,42,"continuation","tt","continuation tt",6,0,274,274,57,-0.5,-0.5,274
"30501",40,34,"continuation","tt","continuation tt",6,0,796,796,57,-0.5,-0.5,796
"30503",40,43,"continuation","tt","continuation tt",7,0,347,347,57,0.5,0.5,347
"30505",40,30,"continuation","tt","continuation tt",6,0,317,317,57,-0.5,-0.5,317
"30507",40,29,"continuation","tt","continuation tt",5,0,525,525,57,0.5,-0.5,525
"30509",40,37,"continuation","tt","continuation tt",5,0,530,530,57,0.5,-0.5,530
"30511",40,28,"continuation","tt","continuation tt",8,0,789,789,57,-0.5,0.5,789
"30513",40,32,"continuation","tt","continuation tt",8,0,189,189,57,-0.5,0.5,189
"30515",40,40,"continuation","tt","continuation tt",8,0,1427,1427,57,-0.5,0.5,1427
"30517",40,27,"continuation","tt","continuation tt",7,0,573,573,57,0.5,0.5,573
"30519",40,35,"continuation","tt","continuation tt",7,0,252,252,57,0.5,0.5,252
"30521",40,31,"continuation","tt","continuation tt",7,0,230,230,57,0.5,0.5,230
"30523",40,33,"continuation","tt","continuation tt",5,0,300,300,57,0.5,-0.5,300
"30525",40,46,"continuation","tt","continuation tt",6,0,168,168,57,-0.5,-0.5,168
"30527",40,47,"continuation","tt","continuation tt",7,0,757,757,57,0.5,0.5,757
"30529",40,38,"continuation","tt","continuation tt",6,0,230,230,57,-0.5,-0.5,230
"30531",40,39,"continuation","tt","continuation tt",7,0,500,500,57,0.5,0.5,500
"30533",40,25,"continuation","tt","continuation tt",5,0,167,167,57,0.5,-0.5,167
"30535",40,48,"continuation","tt","continuation tt",8,0,408,408,57,-0.5,0.5,408
"30537",40,45,"continuation","tt","continuation tt",5,0,304,304,57,0.5,-0.5,304
"30539",40,26,"continuation","tt","continuation tt",6,0,481,481,57,-0.5,-0.5,481
"30541",40,36,"continuation","tt","continuation tt",8,0,526,526,57,-0.5,0.5,526
"30543",40,44,"continuation","tt","continuation tt",8,1,0,NA,57,-0.5,0.5,NA
