"","subject","item","region","measure","proficiency1","proficiency2","sort","condition","skips","rawdata","nozero","ambiguity","continuation","trimmed_nozero"
"289",1,28,"disamb","rp",71,0.5,"disamb rp",8,0,324,324,-0.5,0.5,324
"291",1,46,"disamb","rp",71,0.5,"disamb rp",6,0,292,292,-0.5,-0.5,292
"293",1,40,"disamb","rp",71,0.5,"disamb rp",8,0,329,329,-0.5,0.5,329
"295",1,25,"disamb","rp",71,0.5,"disamb rp",5,0,146,146,0.5,-0.5,146
"297",1,42,"disamb","rp",71,0.5,"disamb rp",6,0,282,282,-0.5,-0.5,282
"299",1,37,"disamb","rp",71,0.5,"disamb rp",5,0,323,323,0.5,-0.5,323
"301",1,26,"disamb","rp",71,0.5,"disamb rp",6,0,309,309,-0.5,-0.5,309
"303",1,30,"disamb","rp",71,0.5,"disamb rp",6,0,299,299,-0.5,-0.5,299
"305",1,32,"disamb","rp",71,0.5,"disamb rp",8,0,323,323,-0.5,0.5,323
"307",1,31,"disamb","rp",71,0.5,"disamb rp",7,1,0,NA,0.5,0.5,NA
"309",1,47,"disamb","rp",71,0.5,"disamb rp",7,0,232,232,0.5,0.5,232
"311",1,44,"disamb","rp",71,0.5,"disamb rp",8,0,686,686,-0.5,0.5,686
"313",1,27,"disamb","rp",71,0.5,"disamb rp",7,0,317,317,0.5,0.5,317
"315",1,33,"disamb","rp",71,0.5,"disamb rp",5,0,290,290,0.5,-0.5,290
"317",1,45,"disamb","rp",71,0.5,"disamb rp",5,0,220,220,0.5,-0.5,220
"319",1,34,"disamb","rp",71,0.5,"disamb rp",6,0,179,179,-0.5,-0.5,179
"321",1,35,"disamb","rp",71,0.5,"disamb rp",7,0,190,190,0.5,0.5,190
"323",1,29,"disamb","rp",71,0.5,"disamb rp",5,0,325,325,0.5,-0.5,325
"325",1,41,"disamb","rp",71,0.5,"disamb rp",5,0,205,205,0.5,-0.5,205
"327",1,38,"disamb","rp",71,0.5,"disamb rp",6,0,310,310,-0.5,-0.5,310
"329",1,43,"disamb","rp",71,0.5,"disamb rp",7,0,364,364,0.5,0.5,364
"331",1,39,"disamb","rp",71,0.5,"disamb rp",7,0,404,404,0.5,0.5,404
"333",1,48,"disamb","rp",71,0.5,"disamb rp",8,0,750,750,-0.5,0.5,750
"335",1,36,"disamb","rp",71,0.5,"disamb rp",8,0,267,267,-0.5,0.5,267
"1153",2,32,"disamb","rp",71,0.5,"disamb rp",5,0,496,496,0.5,-0.5,496
"1155",2,48,"disamb","rp",71,0.5,"disamb rp",5,0,603,603,0.5,-0.5,603
"1157",2,40,"disamb","rp",71,0.5,"disamb rp",5,1,0,NA,0.5,-0.5,NA
"1159",2,28,"disamb","rp",71,0.5,"disamb rp",5,0,705,705,0.5,-0.5,705
"1161",2,38,"disamb","rp",71,0.5,"disamb rp",7,0,640,640,0.5,0.5,640
"1163",2,42,"disamb","rp",71,0.5,"disamb rp",7,0,364,364,0.5,0.5,364
"1165",2,37,"disamb","rp",71,0.5,"disamb rp",6,0,273,273,-0.5,-0.5,273
"1167",2,29,"disamb","rp",71,0.5,"disamb rp",6,0,203,203,-0.5,-0.5,203
"1169",2,45,"disamb","rp",71,0.5,"disamb rp",6,0,383,383,-0.5,-0.5,383
"1171",2,41,"disamb","rp",71,0.5,"disamb rp",6,0,433,433,-0.5,-0.5,433
"1173",2,35,"disamb","rp",71,0.5,"disamb rp",8,0,507,507,-0.5,0.5,507
"1175",2,44,"disamb","rp",71,0.5,"disamb rp",5,0,721,721,0.5,-0.5,721
"1177",2,46,"disamb","rp",71,0.5,"disamb rp",7,1,0,NA,0.5,0.5,NA
"1179",2,26,"disamb","rp",71,0.5,"disamb rp",7,0,210,210,0.5,0.5,210
"1181",2,25,"disamb","rp",71,0.5,"disamb rp",6,1,0,NA,-0.5,-0.5,NA
"1183",2,47,"disamb","rp",71,0.5,"disamb rp",8,0,356,356,-0.5,0.5,356
"1185",2,34,"disamb","rp",71,0.5,"disamb rp",7,1,0,NA,0.5,0.5,NA
"1187",2,43,"disamb","rp",71,0.5,"disamb rp",8,0,334,334,-0.5,0.5,334
"1189",2,33,"disamb","rp",71,0.5,"disamb rp",6,0,424,424,-0.5,-0.5,424
"1191",2,39,"disamb","rp",71,0.5,"disamb rp",8,0,870,870,-0.5,0.5,870
"1193",2,30,"disamb","rp",71,0.5,"disamb rp",7,0,130,130,0.5,0.5,130
"1195",2,31,"disamb","rp",71,0.5,"disamb rp",8,0,718,718,-0.5,0.5,718
"1197",2,36,"disamb","rp",71,0.5,"disamb rp",5,0,674,674,0.5,-0.5,674
"1199",2,27,"disamb","rp",71,0.5,"disamb rp",8,0,209,209,-0.5,0.5,209
"2017",3,36,"disamb","rp",74,-0.5,"disamb rp",6,0,244,244,-0.5,-0.5,244
"2019",3,27,"disamb","rp",74,-0.5,"disamb rp",5,0,239,239,0.5,-0.5,239
"2021",3,37,"disamb","rp",74,-0.5,"disamb rp",7,0,663,663,0.5,0.5,663
"2023",3,41,"disamb","rp",74,-0.5,"disamb rp",7,0,335,335,0.5,0.5,335
"2025",3,26,"disamb","rp",74,-0.5,"disamb rp",8,0,288,288,-0.5,0.5,288
"2027",3,45,"disamb","rp",74,-0.5,"disamb rp",7,0,489,489,0.5,0.5,489
"2029",3,42,"disamb","rp",74,-0.5,"disamb rp",8,0,706,706,-0.5,0.5,706
"2031",3,47,"disamb","rp",74,-0.5,"disamb rp",5,0,738,738,0.5,-0.5,738
"2033",3,29,"disamb","rp",74,-0.5,"disamb rp",7,0,906,906,0.5,0.5,906
"2035",3,34,"disamb","rp",74,-0.5,"disamb rp",8,0,555,555,-0.5,0.5,555
"2037",3,39,"disamb","rp",74,-0.5,"disamb rp",5,0,412,412,0.5,-0.5,412
"2039",3,48,"disamb","rp",74,-0.5,"disamb rp",6,0,417,417,-0.5,-0.5,417
"2041",3,44,"disamb","rp",74,-0.5,"disamb rp",6,0,328,328,-0.5,-0.5,328
"2043",3,43,"disamb","rp",74,-0.5,"disamb rp",5,0,360,360,0.5,-0.5,360
"2045",3,28,"disamb","rp",74,-0.5,"disamb rp",6,0,274,274,-0.5,-0.5,274
"2047",3,40,"disamb","rp",74,-0.5,"disamb rp",6,0,478,478,-0.5,-0.5,478
"2049",3,30,"disamb","rp",74,-0.5,"disamb rp",8,0,312,312,-0.5,0.5,312
"2051",3,32,"disamb","rp",74,-0.5,"disamb rp",6,0,1080,1080,-0.5,-0.5,1080
"2053",3,25,"disamb","rp",74,-0.5,"disamb rp",7,1,0,NA,0.5,0.5,NA
"2055",3,38,"disamb","rp",74,-0.5,"disamb rp",8,0,238,238,-0.5,0.5,238
"2057",3,33,"disamb","rp",74,-0.5,"disamb rp",7,0,445,445,0.5,0.5,445
"2059",3,31,"disamb","rp",74,-0.5,"disamb rp",5,0,291,291,0.5,-0.5,291
"2061",3,46,"disamb","rp",74,-0.5,"disamb rp",8,0,380,380,-0.5,0.5,380
"2063",3,35,"disamb","rp",74,-0.5,"disamb rp",5,0,261,261,0.5,-0.5,261
"2857",4,28,"disamb","rp",72,-0.5,"disamb rp",7,0,486,486,0.5,0.5,486
"2859",4,31,"disamb","rp",72,-0.5,"disamb rp",6,0,2730,2730,-0.5,-0.5,2730
"2861",4,44,"disamb","rp",72,-0.5,"disamb rp",7,0,1384,1384,0.5,0.5,1384
"2863",4,26,"disamb","rp",72,-0.5,"disamb rp",5,0,9416,9416,0.5,-0.5,NA
"2865",4,37,"disamb","rp",72,-0.5,"disamb rp",8,0,653,653,-0.5,0.5,653
"2867",4,32,"disamb","rp",72,-0.5,"disamb rp",7,0,476,476,0.5,0.5,476
"2869",4,36,"disamb","rp",72,-0.5,"disamb rp",7,0,690,690,0.5,0.5,690
"2871",4,38,"disamb","rp",72,-0.5,"disamb rp",5,0,1002,1002,0.5,-0.5,1002
"2873",4,46,"disamb","rp",72,-0.5,"disamb rp",5,0,293,293,0.5,-0.5,293
"2874",4,29,"disamb","rp",72,-0.5,"disamb rp",8,0,482,482,-0.5,0.5,482
"2876",4,43,"disamb","rp",72,-0.5,"disamb rp",6,0,2719,2719,-0.5,-0.5,2719
"2878",4,33,"disamb","rp",72,-0.5,"disamb rp",8,0,957,957,-0.5,0.5,957
"2880",4,45,"disamb","rp",72,-0.5,"disamb rp",8,0,636,636,-0.5,0.5,636
"2882",4,30,"disamb","rp",72,-0.5,"disamb rp",5,0,244,244,0.5,-0.5,244
"2883",4,40,"disamb","rp",72,-0.5,"disamb rp",7,0,331,331,0.5,0.5,331
"2885",4,41,"disamb","rp",72,-0.5,"disamb rp",8,0,942,942,-0.5,0.5,942
"2887",4,48,"disamb","rp",72,-0.5,"disamb rp",7,0,745,745,0.5,0.5,745
"2889",4,42,"disamb","rp",72,-0.5,"disamb rp",5,0,493,493,0.5,-0.5,493
"2890",4,25,"disamb","rp",72,-0.5,"disamb rp",8,0,346,346,-0.5,0.5,346
"2892",4,27,"disamb","rp",72,-0.5,"disamb rp",6,0,888,888,-0.5,-0.5,888
"2894",4,47,"disamb","rp",72,-0.5,"disamb rp",6,0,154,154,-0.5,-0.5,154
"2896",4,39,"disamb","rp",72,-0.5,"disamb rp",6,0,594,594,-0.5,-0.5,594
"2898",4,34,"disamb","rp",72,-0.5,"disamb rp",5,0,460,460,0.5,-0.5,460
"2899",4,35,"disamb","rp",72,-0.5,"disamb rp",6,0,795,795,-0.5,-0.5,795
"3674",5,42,"disamb","rp",66,0.5,"disamb rp",6,0,407,407,-0.5,-0.5,407
"3676",5,47,"disamb","rp",66,0.5,"disamb rp",7,0,284,284,0.5,0.5,284
"3678",5,25,"disamb","rp",66,0.5,"disamb rp",5,0,384,384,0.5,-0.5,384
"3680",5,43,"disamb","rp",66,0.5,"disamb rp",7,0,906,906,0.5,0.5,906
"3682",5,33,"disamb","rp",66,0.5,"disamb rp",5,0,366,366,0.5,-0.5,366
"3684",5,41,"disamb","rp",66,0.5,"disamb rp",5,0,478,478,0.5,-0.5,478
"3686",5,29,"disamb","rp",66,0.5,"disamb rp",5,0,481,481,0.5,-0.5,481
"3688",5,39,"disamb","rp",66,0.5,"disamb rp",7,0,595,595,0.5,0.5,595
"3690",5,40,"disamb","rp",66,0.5,"disamb rp",8,0,709,709,-0.5,0.5,709
"3692",5,28,"disamb","rp",66,0.5,"disamb rp",8,0,2778,2778,-0.5,0.5,NA
"3694",5,46,"disamb","rp",66,0.5,"disamb rp",6,0,271,271,-0.5,-0.5,271
"3696",5,31,"disamb","rp",66,0.5,"disamb rp",7,0,453,453,0.5,0.5,453
"3698",5,36,"disamb","rp",66,0.5,"disamb rp",8,0,390,390,-0.5,0.5,390
"3700",5,27,"disamb","rp",66,0.5,"disamb rp",7,0,452,452,0.5,0.5,452
"3702",5,38,"disamb","rp",66,0.5,"disamb rp",6,0,407,407,-0.5,-0.5,407
"3704",5,26,"disamb","rp",66,0.5,"disamb rp",6,0,195,195,-0.5,-0.5,195
"3706",5,44,"disamb","rp",66,0.5,"disamb rp",8,0,427,427,-0.5,0.5,427
"3708",5,45,"disamb","rp",66,0.5,"disamb rp",5,0,474,474,0.5,-0.5,474
"3710",5,30,"disamb","rp",66,0.5,"disamb rp",6,0,349,349,-0.5,-0.5,349
"3712",5,32,"disamb","rp",66,0.5,"disamb rp",8,0,595,595,-0.5,0.5,595
"3714",5,37,"disamb","rp",66,0.5,"disamb rp",5,0,524,524,0.5,-0.5,524
"3716",5,34,"disamb","rp",66,0.5,"disamb rp",6,0,931,931,-0.5,-0.5,931
"3718",5,48,"disamb","rp",66,0.5,"disamb rp",8,0,377,377,-0.5,0.5,377
"3720",5,35,"disamb","rp",66,0.5,"disamb rp",7,0,501,501,0.5,0.5,501
"4532",6,42,"disamb","rp",89,-0.5,"disamb rp",7,0,1092,1092,0.5,0.5,1092
"4534",6,36,"disamb","rp",89,-0.5,"disamb rp",5,0,606,606,0.5,-0.5,606
"4536",6,30,"disamb","rp",89,-0.5,"disamb rp",7,0,372,372,0.5,0.5,372
"4538",6,26,"disamb","rp",89,-0.5,"disamb rp",7,0,232,232,0.5,0.5,232
"4540",6,27,"disamb","rp",89,-0.5,"disamb rp",8,0,244,244,-0.5,0.5,244
"4542",6,28,"disamb","rp",89,-0.5,"disamb rp",5,0,2874,2874,0.5,-0.5,NA
"4544",6,35,"disamb","rp",89,-0.5,"disamb rp",8,0,216,216,-0.5,0.5,216
"4546",6,47,"disamb","rp",89,-0.5,"disamb rp",8,1,0,NA,-0.5,0.5,NA
"4548",6,43,"disamb","rp",89,-0.5,"disamb rp",8,0,228,228,-0.5,0.5,228
"4550",6,34,"disamb","rp",89,-0.5,"disamb rp",7,1,0,NA,0.5,0.5,NA
"4552",6,48,"disamb","rp",89,-0.5,"disamb rp",5,0,382,382,0.5,-0.5,382
"4554",6,39,"disamb","rp",89,-0.5,"disamb rp",8,1,0,NA,-0.5,0.5,NA
"4556",6,45,"disamb","rp",89,-0.5,"disamb rp",6,1,0,NA,-0.5,-0.5,NA
"4558",6,33,"disamb","rp",89,-0.5,"disamb rp",6,0,296,296,-0.5,-0.5,296
"4560",6,29,"disamb","rp",89,-0.5,"disamb rp",6,0,166,166,-0.5,-0.5,166
"4562",6,32,"disamb","rp",89,-0.5,"disamb rp",5,0,406,406,0.5,-0.5,406
"4564",6,41,"disamb","rp",89,-0.5,"disamb rp",6,0,210,210,-0.5,-0.5,210
"4566",6,31,"disamb","rp",89,-0.5,"disamb rp",8,1,0,NA,-0.5,0.5,NA
"4567",6,40,"disamb","rp",89,-0.5,"disamb rp",5,1,0,NA,0.5,-0.5,NA
"4569",6,25,"disamb","rp",89,-0.5,"disamb rp",6,1,0,NA,-0.5,-0.5,NA
"4571",6,46,"disamb","rp",89,-0.5,"disamb rp",7,0,216,216,0.5,0.5,216
"4573",6,44,"disamb","rp",89,-0.5,"disamb rp",5,0,840,840,0.5,-0.5,840
"4575",6,38,"disamb","rp",89,-0.5,"disamb rp",7,0,446,446,0.5,0.5,446
"4577",6,37,"disamb","rp",89,-0.5,"disamb rp",6,0,244,244,-0.5,-0.5,244
"5383",7,47,"disamb","rp",77,-0.5,"disamb rp",5,0,978,978,0.5,-0.5,978
"5385",7,31,"disamb","rp",77,-0.5,"disamb rp",5,0,584,584,0.5,-0.5,584
"5387",7,30,"disamb","rp",77,-0.5,"disamb rp",8,0,601,601,-0.5,0.5,601
"5389",7,44,"disamb","rp",77,-0.5,"disamb rp",6,0,425,425,-0.5,-0.5,425
"5391",7,42,"disamb","rp",77,-0.5,"disamb rp",8,0,356,356,-0.5,0.5,356
"5393",7,38,"disamb","rp",77,-0.5,"disamb rp",8,0,352,352,-0.5,0.5,352
"5395",7,39,"disamb","rp",77,-0.5,"disamb rp",5,0,238,238,0.5,-0.5,238
"5397",7,37,"disamb","rp",77,-0.5,"disamb rp",7,0,460,460,0.5,0.5,460
"5399",7,28,"disamb","rp",77,-0.5,"disamb rp",6,0,299,299,-0.5,-0.5,299
"5401",7,27,"disamb","rp",77,-0.5,"disamb rp",5,0,286,286,0.5,-0.5,286
"5403",7,34,"disamb","rp",77,-0.5,"disamb rp",8,0,287,287,-0.5,0.5,287
"5405",7,32,"disamb","rp",77,-0.5,"disamb rp",6,0,282,282,-0.5,-0.5,282
"5407",7,36,"disamb","rp",77,-0.5,"disamb rp",6,0,377,377,-0.5,-0.5,377
"5409",7,35,"disamb","rp",77,-0.5,"disamb rp",5,0,198,198,0.5,-0.5,198
"5411",7,45,"disamb","rp",77,-0.5,"disamb rp",7,0,676,676,0.5,0.5,676
"5413",7,33,"disamb","rp",77,-0.5,"disamb rp",7,0,327,327,0.5,0.5,327
"5415",7,29,"disamb","rp",77,-0.5,"disamb rp",7,0,464,464,0.5,0.5,464
"5417",7,48,"disamb","rp",77,-0.5,"disamb rp",6,1,0,NA,-0.5,-0.5,NA
"5419",7,26,"disamb","rp",77,-0.5,"disamb rp",8,0,599,599,-0.5,0.5,599
"5421",7,41,"disamb","rp",77,-0.5,"disamb rp",7,0,285,285,0.5,0.5,285
"5423",7,25,"disamb","rp",77,-0.5,"disamb rp",7,0,244,244,0.5,0.5,244
"5425",7,40,"disamb","rp",77,-0.5,"disamb rp",6,0,373,373,-0.5,-0.5,373
"5427",7,43,"disamb","rp",77,-0.5,"disamb rp",5,0,583,583,0.5,-0.5,583
"5429",7,46,"disamb","rp",77,-0.5,"disamb rp",8,0,349,349,-0.5,0.5,349
"6247",8,41,"disamb","rp",70,0.5,"disamb rp",8,0,184,184,-0.5,0.5,184
"6249",8,43,"disamb","rp",70,0.5,"disamb rp",6,0,304,304,-0.5,-0.5,304
"6251",8,48,"disamb","rp",70,0.5,"disamb rp",7,0,510,510,0.5,0.5,510
"6253",8,44,"disamb","rp",70,0.5,"disamb rp",7,0,786,786,0.5,0.5,786
"6255",8,28,"disamb","rp",70,0.5,"disamb rp",7,0,318,318,0.5,0.5,318
"6257",8,45,"disamb","rp",70,0.5,"disamb rp",8,0,310,310,-0.5,0.5,310
"6259",8,27,"disamb","rp",70,0.5,"disamb rp",6,0,518,518,-0.5,-0.5,518
"6261",8,47,"disamb","rp",70,0.5,"disamb rp",6,0,206,206,-0.5,-0.5,206
"6263",8,36,"disamb","rp",70,0.5,"disamb rp",7,1,0,NA,0.5,0.5,NA
"6265",8,35,"disamb","rp",70,0.5,"disamb rp",6,0,388,388,-0.5,-0.5,388
"6267",8,31,"disamb","rp",70,0.5,"disamb rp",6,0,1318,1318,-0.5,-0.5,1318
"6269",8,33,"disamb","rp",70,0.5,"disamb rp",8,0,268,268,-0.5,0.5,268
"6271",8,30,"disamb","rp",70,0.5,"disamb rp",5,0,308,308,0.5,-0.5,308
"6273",8,29,"disamb","rp",70,0.5,"disamb rp",8,0,726,726,-0.5,0.5,726
"6275",8,46,"disamb","rp",70,0.5,"disamb rp",5,0,236,236,0.5,-0.5,236
"6277",8,40,"disamb","rp",70,0.5,"disamb rp",7,0,3478,3478,0.5,0.5,NA
"6279",8,34,"disamb","rp",70,0.5,"disamb rp",5,0,452,452,0.5,-0.5,452
"6281",8,25,"disamb","rp",70,0.5,"disamb rp",8,0,338,338,-0.5,0.5,338
"6283",8,38,"disamb","rp",70,0.5,"disamb rp",5,1,0,NA,0.5,-0.5,NA
"6285",8,26,"disamb","rp",70,0.5,"disamb rp",5,0,836,836,0.5,-0.5,836
"6287",8,42,"disamb","rp",70,0.5,"disamb rp",5,0,636,636,0.5,-0.5,636
"6289",8,37,"disamb","rp",70,0.5,"disamb rp",8,0,516,516,-0.5,0.5,516
"6291",8,32,"disamb","rp",70,0.5,"disamb rp",7,0,394,394,0.5,0.5,394
"6293",8,39,"disamb","rp",70,0.5,"disamb rp",6,0,320,320,-0.5,-0.5,320
"7111",9,29,"disamb","rp",70,0.5,"disamb rp",5,0,4752,4752,0.5,-0.5,NA
"7113",9,31,"disamb","rp",70,0.5,"disamb rp",7,0,254,254,0.5,0.5,254
"7115",9,44,"disamb","rp",70,0.5,"disamb rp",8,0,398,398,-0.5,0.5,398
"7117",9,32,"disamb","rp",70,0.5,"disamb rp",8,0,1226,1226,-0.5,0.5,1226
"7119",9,26,"disamb","rp",70,0.5,"disamb rp",6,0,414,414,-0.5,-0.5,414
"7121",9,33,"disamb","rp",70,0.5,"disamb rp",5,0,410,410,0.5,-0.5,410
"7123",9,47,"disamb","rp",70,0.5,"disamb rp",7,0,440,440,0.5,0.5,440
"7125",9,45,"disamb","rp",70,0.5,"disamb rp",5,0,658,658,0.5,-0.5,658
"7127",9,37,"disamb","rp",70,0.5,"disamb rp",5,0,742,742,0.5,-0.5,742
"7129",9,46,"disamb","rp",70,0.5,"disamb rp",6,0,318,318,-0.5,-0.5,318
"7131",9,25,"disamb","rp",70,0.5,"disamb rp",5,0,370,370,0.5,-0.5,370
"7133",9,40,"disamb","rp",70,0.5,"disamb rp",8,0,282,282,-0.5,0.5,282
"7135",9,27,"disamb","rp",70,0.5,"disamb rp",7,0,358,358,0.5,0.5,358
"7137",9,41,"disamb","rp",70,0.5,"disamb rp",5,0,618,618,0.5,-0.5,618
"7139",9,30,"disamb","rp",70,0.5,"disamb rp",6,0,270,270,-0.5,-0.5,270
"7141",9,38,"disamb","rp",70,0.5,"disamb rp",6,0,290,290,-0.5,-0.5,290
"7143",9,39,"disamb","rp",70,0.5,"disamb rp",7,0,270,270,0.5,0.5,270
"7145",9,43,"disamb","rp",70,0.5,"disamb rp",7,0,262,262,0.5,0.5,262
"7147",9,28,"disamb","rp",70,0.5,"disamb rp",8,0,336,336,-0.5,0.5,336
"7149",9,34,"disamb","rp",70,0.5,"disamb rp",6,0,376,376,-0.5,-0.5,376
"7151",9,36,"disamb","rp",70,0.5,"disamb rp",8,0,216,216,-0.5,0.5,216
"7153",9,35,"disamb","rp",70,0.5,"disamb rp",7,0,204,204,0.5,0.5,204
"7155",9,48,"disamb","rp",70,0.5,"disamb rp",8,0,280,280,-0.5,0.5,280
"7157",9,42,"disamb","rp",70,0.5,"disamb rp",6,0,548,548,-0.5,-0.5,548
"7976",10,30,"disamb","rp",63,0.5,"disamb rp",7,0,762,762,0.5,0.5,762
"7978",10,32,"disamb","rp",63,0.5,"disamb rp",5,0,362,362,0.5,-0.5,362
"7980",10,41,"disamb","rp",63,0.5,"disamb rp",6,0,602,602,-0.5,-0.5,602
"7982",10,36,"disamb","rp",63,0.5,"disamb rp",5,0,466,466,0.5,-0.5,466
"7984",10,40,"disamb","rp",63,0.5,"disamb rp",5,0,446,446,0.5,-0.5,446
"7986",10,27,"disamb","rp",63,0.5,"disamb rp",8,0,420,420,-0.5,0.5,420
"7988",10,46,"disamb","rp",63,0.5,"disamb rp",7,0,330,330,0.5,0.5,330
"7990",10,42,"disamb","rp",63,0.5,"disamb rp",7,0,344,344,0.5,0.5,344
"7992",10,37,"disamb","rp",63,0.5,"disamb rp",6,0,446,446,-0.5,-0.5,446
"7994",10,28,"disamb","rp",63,0.5,"disamb rp",5,0,354,354,0.5,-0.5,354
"7996",10,35,"disamb","rp",63,0.5,"disamb rp",8,0,306,306,-0.5,0.5,306
"7998",10,48,"disamb","rp",63,0.5,"disamb rp",5,0,326,326,0.5,-0.5,326
"8000",10,33,"disamb","rp",63,0.5,"disamb rp",6,0,426,426,-0.5,-0.5,426
"8002",10,25,"disamb","rp",63,0.5,"disamb rp",6,0,328,328,-0.5,-0.5,328
"8004",10,29,"disamb","rp",63,0.5,"disamb rp",6,0,584,584,-0.5,-0.5,584
"8006",10,31,"disamb","rp",63,0.5,"disamb rp",8,0,264,264,-0.5,0.5,264
"8008",10,44,"disamb","rp",63,0.5,"disamb rp",5,0,484,484,0.5,-0.5,484
"8010",10,34,"disamb","rp",63,0.5,"disamb rp",7,0,776,776,0.5,0.5,776
"8012",10,26,"disamb","rp",63,0.5,"disamb rp",7,0,350,350,0.5,0.5,350
"8014",10,39,"disamb","rp",63,0.5,"disamb rp",8,0,308,308,-0.5,0.5,308
"8016",10,47,"disamb","rp",63,0.5,"disamb rp",8,0,216,216,-0.5,0.5,216
"8018",10,38,"disamb","rp",63,0.5,"disamb rp",7,0,396,396,0.5,0.5,396
"8020",10,45,"disamb","rp",63,0.5,"disamb rp",6,0,330,330,-0.5,-0.5,330
"8022",10,43,"disamb","rp",63,0.5,"disamb rp",8,0,304,304,-0.5,0.5,304
"8840",11,25,"disamb","rp",75,-0.5,"disamb rp",7,0,1670,1670,0.5,0.5,1670
"8842",11,45,"disamb","rp",75,-0.5,"disamb rp",7,0,836,836,0.5,0.5,836
"8844",11,26,"disamb","rp",75,-0.5,"disamb rp",8,0,666,666,-0.5,0.5,666
"8846",11,46,"disamb","rp",75,-0.5,"disamb rp",8,0,420,420,-0.5,0.5,420
"8848",11,27,"disamb","rp",75,-0.5,"disamb rp",5,0,432,432,0.5,-0.5,432
"8850",11,31,"disamb","rp",75,-0.5,"disamb rp",5,0,714,714,0.5,-0.5,714
"8852",11,41,"disamb","rp",75,-0.5,"disamb rp",7,0,1262,1262,0.5,0.5,1262
"8854",11,30,"disamb","rp",75,-0.5,"disamb rp",8,0,888,888,-0.5,0.5,888
"8856",11,38,"disamb","rp",75,-0.5,"disamb rp",8,0,666,666,-0.5,0.5,666
"8858",11,47,"disamb","rp",75,-0.5,"disamb rp",5,0,758,758,0.5,-0.5,758
"8860",11,36,"disamb","rp",75,-0.5,"disamb rp",6,0,522,522,-0.5,-0.5,522
"8862",11,37,"disamb","rp",75,-0.5,"disamb rp",7,0,518,518,0.5,0.5,518
"8864",11,32,"disamb","rp",75,-0.5,"disamb rp",6,0,552,552,-0.5,-0.5,552
"8866",11,44,"disamb","rp",75,-0.5,"disamb rp",6,0,876,876,-0.5,-0.5,876
"8868",11,43,"disamb","rp",75,-0.5,"disamb rp",5,0,784,784,0.5,-0.5,784
"8870",11,28,"disamb","rp",75,-0.5,"disamb rp",6,0,252,252,-0.5,-0.5,252
"8872",11,48,"disamb","rp",75,-0.5,"disamb rp",6,0,1188,1188,-0.5,-0.5,1188
"8874",11,42,"disamb","rp",75,-0.5,"disamb rp",8,0,390,390,-0.5,0.5,390
"8876",11,40,"disamb","rp",75,-0.5,"disamb rp",6,0,806,806,-0.5,-0.5,806
"8878",11,35,"disamb","rp",75,-0.5,"disamb rp",5,0,836,836,0.5,-0.5,836
"8880",11,33,"disamb","rp",75,-0.5,"disamb rp",7,0,686,686,0.5,0.5,686
"8882",11,39,"disamb","rp",75,-0.5,"disamb rp",5,0,628,628,0.5,-0.5,628
"8884",11,29,"disamb","rp",75,-0.5,"disamb rp",7,0,386,386,0.5,0.5,386
"8886",11,34,"disamb","rp",75,-0.5,"disamb rp",8,0,416,416,-0.5,0.5,416
"9704",12,33,"disamb","rp",63,0.5,"disamb rp",6,0,309,309,-0.5,-0.5,309
"9706",12,34,"disamb","rp",63,0.5,"disamb rp",7,0,208,208,0.5,0.5,208
"9708",12,43,"disamb","rp",63,0.5,"disamb rp",8,0,226,226,-0.5,0.5,226
"9710",12,35,"disamb","rp",63,0.5,"disamb rp",8,0,565,565,-0.5,0.5,565
"9712",12,38,"disamb","rp",63,0.5,"disamb rp",7,0,195,195,0.5,0.5,195
"9714",12,44,"disamb","rp",63,0.5,"disamb rp",5,0,200,200,0.5,-0.5,200
"9716",12,25,"disamb","rp",63,0.5,"disamb rp",6,0,164,164,-0.5,-0.5,164
"9718",12,36,"disamb","rp",63,0.5,"disamb rp",5,0,476,476,0.5,-0.5,476
"9720",12,28,"disamb","rp",63,0.5,"disamb rp",5,0,657,657,0.5,-0.5,657
"9722",12,31,"disamb","rp",63,0.5,"disamb rp",8,0,125,125,-0.5,0.5,125
"9724",12,29,"disamb","rp",63,0.5,"disamb rp",6,0,136,136,-0.5,-0.5,136
"9726",12,30,"disamb","rp",63,0.5,"disamb rp",7,0,246,246,0.5,0.5,246
"9728",12,45,"disamb","rp",63,0.5,"disamb rp",6,0,288,288,-0.5,-0.5,288
"9730",12,27,"disamb","rp",63,0.5,"disamb rp",8,0,448,448,-0.5,0.5,448
"9732",12,46,"disamb","rp",63,0.5,"disamb rp",7,1,0,NA,0.5,0.5,NA
"9734",12,41,"disamb","rp",63,0.5,"disamb rp",6,0,333,333,-0.5,-0.5,333
"9736",12,37,"disamb","rp",63,0.5,"disamb rp",6,0,303,303,-0.5,-0.5,303
"9738",12,32,"disamb","rp",63,0.5,"disamb rp",5,0,216,216,0.5,-0.5,216
"9740",12,42,"disamb","rp",63,0.5,"disamb rp",7,0,505,505,0.5,0.5,505
"9742",12,47,"disamb","rp",63,0.5,"disamb rp",8,0,226,226,-0.5,0.5,226
"9744",12,48,"disamb","rp",63,0.5,"disamb rp",5,1,0,NA,0.5,-0.5,NA
"9746",12,39,"disamb","rp",63,0.5,"disamb rp",8,1,0,NA,-0.5,0.5,NA
"9748",12,26,"disamb","rp",63,0.5,"disamb rp",7,0,1650,1650,0.5,0.5,NA
"9750",12,40,"disamb","rp",63,0.5,"disamb rp",5,0,199,199,0.5,-0.5,199
"10567",13,47,"disamb","rp",70,0.5,"disamb rp",6,0,326,326,-0.5,-0.5,326
"10569",13,27,"disamb","rp",70,0.5,"disamb rp",6,0,1220,1220,-0.5,-0.5,1220
"10571",13,41,"disamb","rp",70,0.5,"disamb rp",8,0,548,548,-0.5,0.5,548
"10573",13,35,"disamb","rp",70,0.5,"disamb rp",6,0,454,454,-0.5,-0.5,454
"10575",13,37,"disamb","rp",70,0.5,"disamb rp",8,0,1270,1270,-0.5,0.5,1270
"10577",13,43,"disamb","rp",70,0.5,"disamb rp",6,0,546,546,-0.5,-0.5,546
"10579",13,44,"disamb","rp",70,0.5,"disamb rp",7,0,2148,2148,0.5,0.5,2148
"10581",13,46,"disamb","rp",70,0.5,"disamb rp",5,0,1914,1914,0.5,-0.5,1914
"10583",13,25,"disamb","rp",70,0.5,"disamb rp",8,0,1344,1344,-0.5,0.5,1344
"10585",13,30,"disamb","rp",70,0.5,"disamb rp",5,0,474,474,0.5,-0.5,474
"10587",13,29,"disamb","rp",70,0.5,"disamb rp",8,0,1120,1120,-0.5,0.5,1120
"10589",13,31,"disamb","rp",70,0.5,"disamb rp",6,0,220,220,-0.5,-0.5,220
"10591",13,38,"disamb","rp",70,0.5,"disamb rp",5,0,1020,1020,0.5,-0.5,1020
"10593",13,32,"disamb","rp",70,0.5,"disamb rp",7,0,758,758,0.5,0.5,758
"10595",13,34,"disamb","rp",70,0.5,"disamb rp",5,0,416,416,0.5,-0.5,416
"10597",13,26,"disamb","rp",70,0.5,"disamb rp",5,0,370,370,0.5,-0.5,370
"10599",13,39,"disamb","rp",70,0.5,"disamb rp",6,0,348,348,-0.5,-0.5,348
"10601",13,33,"disamb","rp",70,0.5,"disamb rp",8,0,376,376,-0.5,0.5,376
"10603",13,36,"disamb","rp",70,0.5,"disamb rp",7,0,310,310,0.5,0.5,310
"10605",13,48,"disamb","rp",70,0.5,"disamb rp",7,0,486,486,0.5,0.5,486
"10607",13,40,"disamb","rp",70,0.5,"disamb rp",7,0,720,720,0.5,0.5,720
"10609",13,45,"disamb","rp",70,0.5,"disamb rp",8,0,452,452,-0.5,0.5,452
"10611",13,42,"disamb","rp",70,0.5,"disamb rp",5,0,962,962,0.5,-0.5,962
"10613",13,28,"disamb","rp",70,0.5,"disamb rp",7,0,1044,1044,0.5,0.5,1044
"11432",14,41,"disamb","rp",72,-0.5,"disamb rp",5,0,584,584,0.5,-0.5,584
"11434",14,34,"disamb","rp",72,-0.5,"disamb rp",6,0,316,316,-0.5,-0.5,316
"11436",14,35,"disamb","rp",72,-0.5,"disamb rp",7,0,204,204,0.5,0.5,204
"11438",14,27,"disamb","rp",72,-0.5,"disamb rp",7,0,686,686,0.5,0.5,686
"11440",14,44,"disamb","rp",72,-0.5,"disamb rp",8,0,1514,1514,-0.5,0.5,1514
"11442",14,33,"disamb","rp",72,-0.5,"disamb rp",5,0,290,290,0.5,-0.5,290
"11444",14,28,"disamb","rp",72,-0.5,"disamb rp",8,0,464,464,-0.5,0.5,464
"11446",14,26,"disamb","rp",72,-0.5,"disamb rp",6,0,338,338,-0.5,-0.5,338
"11448",14,37,"disamb","rp",72,-0.5,"disamb rp",5,0,356,356,0.5,-0.5,356
"11450",14,36,"disamb","rp",72,-0.5,"disamb rp",8,0,204,204,-0.5,0.5,204
"11452",14,46,"disamb","rp",72,-0.5,"disamb rp",6,1,0,NA,-0.5,-0.5,NA
"11454",14,29,"disamb","rp",72,-0.5,"disamb rp",5,0,1208,1208,0.5,-0.5,1208
"11456",14,38,"disamb","rp",72,-0.5,"disamb rp",6,0,350,350,-0.5,-0.5,350
"11458",14,39,"disamb","rp",72,-0.5,"disamb rp",7,0,396,396,0.5,0.5,396
"11460",14,47,"disamb","rp",72,-0.5,"disamb rp",7,0,1090,1090,0.5,0.5,1090
"11462",14,25,"disamb","rp",72,-0.5,"disamb rp",5,0,266,266,0.5,-0.5,266
"11464",14,48,"disamb","rp",72,-0.5,"disamb rp",8,0,568,568,-0.5,0.5,568
"11466",14,42,"disamb","rp",72,-0.5,"disamb rp",6,0,660,660,-0.5,-0.5,660
"11468",14,45,"disamb","rp",72,-0.5,"disamb rp",5,0,402,402,0.5,-0.5,402
"11470",14,43,"disamb","rp",72,-0.5,"disamb rp",7,0,458,458,0.5,0.5,458
"11472",14,32,"disamb","rp",72,-0.5,"disamb rp",8,0,478,478,-0.5,0.5,478
"11474",14,40,"disamb","rp",72,-0.5,"disamb rp",8,0,246,246,-0.5,0.5,246
"11476",14,30,"disamb","rp",72,-0.5,"disamb rp",6,0,266,266,-0.5,-0.5,266
"11478",14,31,"disamb","rp",72,-0.5,"disamb rp",7,0,212,212,0.5,0.5,212
"12272",15,34,"disamb","rp",73,-0.5,"disamb rp",7,0,260,260,0.5,0.5,260
"12274",15,30,"disamb","rp",73,-0.5,"disamb rp",7,0,464,464,0.5,0.5,464
"12276",15,35,"disamb","rp",73,-0.5,"disamb rp",8,0,258,258,-0.5,0.5,258
"12278",15,38,"disamb","rp",73,-0.5,"disamb rp",7,0,546,546,0.5,0.5,546
"12280",15,46,"disamb","rp",73,-0.5,"disamb rp",7,0,266,266,0.5,0.5,266
"12281",15,36,"disamb","rp",73,-0.5,"disamb rp",5,0,758,758,0.5,-0.5,758
"12283",15,25,"disamb","rp",73,-0.5,"disamb rp",6,0,454,454,-0.5,-0.5,454
"12285",15,28,"disamb","rp",73,-0.5,"disamb rp",5,0,482,482,0.5,-0.5,482
"12287",15,33,"disamb","rp",73,-0.5,"disamb rp",6,0,2834,2834,-0.5,-0.5,2834
"12289",15,42,"disamb","rp",73,-0.5,"disamb rp",7,0,3436,3436,0.5,0.5,3436
"12291",15,45,"disamb","rp",73,-0.5,"disamb rp",6,0,614,614,-0.5,-0.5,614
"12293",15,29,"disamb","rp",73,-0.5,"disamb rp",6,0,780,780,-0.5,-0.5,780
"12295",15,41,"disamb","rp",73,-0.5,"disamb rp",6,0,660,660,-0.5,-0.5,660
"12297",15,31,"disamb","rp",73,-0.5,"disamb rp",8,0,506,506,-0.5,0.5,506
"12299",15,47,"disamb","rp",73,-0.5,"disamb rp",8,0,434,434,-0.5,0.5,434
"12300",15,37,"disamb","rp",73,-0.5,"disamb rp",6,0,1428,1428,-0.5,-0.5,1428
"12302",15,27,"disamb","rp",73,-0.5,"disamb rp",8,0,376,376,-0.5,0.5,376
"12303",15,48,"disamb","rp",73,-0.5,"disamb rp",5,0,998,998,0.5,-0.5,998
"12305",15,40,"disamb","rp",73,-0.5,"disamb rp",5,0,290,290,0.5,-0.5,290
"12307",15,43,"disamb","rp",73,-0.5,"disamb rp",8,0,384,384,-0.5,0.5,384
"12309",15,39,"disamb","rp",73,-0.5,"disamb rp",8,0,460,460,-0.5,0.5,460
"12311",15,26,"disamb","rp",73,-0.5,"disamb rp",7,0,488,488,0.5,0.5,488
"12312",15,44,"disamb","rp",73,-0.5,"disamb rp",5,0,1514,1514,0.5,-0.5,1514
"12314",15,32,"disamb","rp",73,-0.5,"disamb rp",5,0,1050,1050,0.5,-0.5,1050
"13088",16,33,"disamb","rp",69,0.5,"disamb rp",7,0,346,346,0.5,0.5,346
"13090",16,25,"disamb","rp",69,0.5,"disamb rp",7,0,368,368,0.5,0.5,368
"13092",16,36,"disamb","rp",69,0.5,"disamb rp",6,0,346,346,-0.5,-0.5,346
"13094",16,47,"disamb","rp",69,0.5,"disamb rp",5,0,582,582,0.5,-0.5,582
"13096",16,48,"disamb","rp",69,0.5,"disamb rp",6,0,402,402,-0.5,-0.5,402
"13098",16,30,"disamb","rp",69,0.5,"disamb rp",8,0,552,552,-0.5,0.5,552
"13100",16,27,"disamb","rp",69,0.5,"disamb rp",5,0,3776,3776,0.5,-0.5,NA
"13102",16,41,"disamb","rp",69,0.5,"disamb rp",7,0,198,198,0.5,0.5,198
"13104",16,46,"disamb","rp",69,0.5,"disamb rp",8,0,234,234,-0.5,0.5,234
"13106",16,38,"disamb","rp",69,0.5,"disamb rp",8,0,346,346,-0.5,0.5,346
"13108",16,44,"disamb","rp",69,0.5,"disamb rp",6,0,238,238,-0.5,-0.5,238
"13110",16,28,"disamb","rp",69,0.5,"disamb rp",6,0,284,284,-0.5,-0.5,284
"13112",16,31,"disamb","rp",69,0.5,"disamb rp",5,0,342,342,0.5,-0.5,342
"13114",16,29,"disamb","rp",69,0.5,"disamb rp",7,0,806,806,0.5,0.5,806
"13116",16,37,"disamb","rp",69,0.5,"disamb rp",7,0,670,670,0.5,0.5,670
"13118",16,32,"disamb","rp",69,0.5,"disamb rp",6,0,850,850,-0.5,-0.5,850
"13120",16,43,"disamb","rp",69,0.5,"disamb rp",5,0,376,376,0.5,-0.5,376
"13122",16,26,"disamb","rp",69,0.5,"disamb rp",8,0,480,480,-0.5,0.5,480
"13124",16,34,"disamb","rp",69,0.5,"disamb rp",8,0,374,374,-0.5,0.5,374
"13126",16,35,"disamb","rp",69,0.5,"disamb rp",5,0,506,506,0.5,-0.5,506
"13128",16,42,"disamb","rp",69,0.5,"disamb rp",8,0,750,750,-0.5,0.5,750
"13130",16,45,"disamb","rp",69,0.5,"disamb rp",7,0,586,586,0.5,0.5,586
"13132",16,40,"disamb","rp",69,0.5,"disamb rp",6,0,358,358,-0.5,-0.5,358
"13134",16,39,"disamb","rp",69,0.5,"disamb rp",5,0,390,390,0.5,-0.5,390
"13952",17,35,"disamb","rp",82,-0.5,"disamb rp",6,0,346,346,-0.5,-0.5,346
"13954",17,40,"disamb","rp",82,-0.5,"disamb rp",7,0,430,430,0.5,0.5,430
"13956",17,42,"disamb","rp",82,-0.5,"disamb rp",5,0,506,506,0.5,-0.5,506
"13958",17,31,"disamb","rp",82,-0.5,"disamb rp",6,1,0,NA,-0.5,-0.5,NA
"13960",17,33,"disamb","rp",82,-0.5,"disamb rp",8,0,1502,1502,-0.5,0.5,1502
"13962",17,29,"disamb","rp",82,-0.5,"disamb rp",8,0,304,304,-0.5,0.5,304
"13964",17,28,"disamb","rp",82,-0.5,"disamb rp",7,0,358,358,0.5,0.5,358
"13966",17,41,"disamb","rp",82,-0.5,"disamb rp",8,0,334,334,-0.5,0.5,334
"13968",17,44,"disamb","rp",82,-0.5,"disamb rp",7,0,346,346,0.5,0.5,346
"13970",17,37,"disamb","rp",82,-0.5,"disamb rp",8,0,598,598,-0.5,0.5,598
"13972",17,30,"disamb","rp",82,-0.5,"disamb rp",5,0,228,228,0.5,-0.5,228
"13974",17,38,"disamb","rp",82,-0.5,"disamb rp",5,0,304,304,0.5,-0.5,304
"13976",17,47,"disamb","rp",82,-0.5,"disamb rp",6,0,232,232,-0.5,-0.5,232
"13978",17,32,"disamb","rp",82,-0.5,"disamb rp",7,0,1682,1682,0.5,0.5,1682
"13980",17,45,"disamb","rp",82,-0.5,"disamb rp",8,0,414,414,-0.5,0.5,414
"13982",17,39,"disamb","rp",82,-0.5,"disamb rp",6,0,648,648,-0.5,-0.5,648
"13984",17,27,"disamb","rp",82,-0.5,"disamb rp",6,0,406,406,-0.5,-0.5,406
"13986",17,43,"disamb","rp",82,-0.5,"disamb rp",6,0,416,416,-0.5,-0.5,416
"13988",17,48,"disamb","rp",82,-0.5,"disamb rp",7,1,0,NA,0.5,0.5,NA
"13990",17,34,"disamb","rp",82,-0.5,"disamb rp",5,0,376,376,0.5,-0.5,376
"13992",17,25,"disamb","rp",82,-0.5,"disamb rp",8,0,274,274,-0.5,0.5,274
"13994",17,36,"disamb","rp",82,-0.5,"disamb rp",7,0,400,400,0.5,0.5,400
"13996",17,26,"disamb","rp",82,-0.5,"disamb rp",5,0,1492,1492,0.5,-0.5,1492
"13998",17,46,"disamb","rp",82,-0.5,"disamb rp",5,0,308,308,0.5,-0.5,308
"14816",18,47,"disamb","rp",89,-0.5,"disamb rp",7,1,0,NA,0.5,0.5,NA
"14818",18,28,"disamb","rp",89,-0.5,"disamb rp",8,1,0,NA,-0.5,0.5,NA
"14820",18,27,"disamb","rp",89,-0.5,"disamb rp",7,1,0,NA,0.5,0.5,NA
"14822",18,38,"disamb","rp",89,-0.5,"disamb rp",6,1,0,NA,-0.5,-0.5,NA
"14824",18,34,"disamb","rp",89,-0.5,"disamb rp",6,1,0,NA,-0.5,-0.5,NA
"14826",18,39,"disamb","rp",89,-0.5,"disamb rp",7,1,0,NA,0.5,0.5,NA
"14828",18,31,"disamb","rp",89,-0.5,"disamb rp",7,1,0,NA,0.5,0.5,NA
"14830",18,37,"disamb","rp",89,-0.5,"disamb rp",5,0,260,260,0.5,-0.5,260
"14832",18,45,"disamb","rp",89,-0.5,"disamb rp",5,1,0,NA,0.5,-0.5,NA
"14834",18,40,"disamb","rp",89,-0.5,"disamb rp",8,0,290,290,-0.5,0.5,290
"14836",18,33,"disamb","rp",89,-0.5,"disamb rp",5,1,0,NA,0.5,-0.5,NA
"14838",18,48,"disamb","rp",89,-0.5,"disamb rp",8,1,0,NA,-0.5,0.5,NA
"14840",18,30,"disamb","rp",89,-0.5,"disamb rp",6,1,0,NA,-0.5,-0.5,NA
"14842",18,42,"disamb","rp",89,-0.5,"disamb rp",6,0,330,330,-0.5,-0.5,330
"14844",18,25,"disamb","rp",89,-0.5,"disamb rp",5,0,382,382,0.5,-0.5,382
"14846",18,32,"disamb","rp",89,-0.5,"disamb rp",8,0,320,320,-0.5,0.5,320
"14848",18,44,"disamb","rp",89,-0.5,"disamb rp",8,1,0,NA,-0.5,0.5,NA
"14850",18,29,"disamb","rp",89,-0.5,"disamb rp",5,0,346,346,0.5,-0.5,346
"14852",18,41,"disamb","rp",89,-0.5,"disamb rp",5,0,892,892,0.5,-0.5,892
"14854",18,35,"disamb","rp",89,-0.5,"disamb rp",7,1,0,NA,0.5,0.5,NA
"14856",18,46,"disamb","rp",89,-0.5,"disamb rp",6,0,216,216,-0.5,-0.5,216
"14858",18,26,"disamb","rp",89,-0.5,"disamb rp",6,0,284,284,-0.5,-0.5,284
"14860",18,36,"disamb","rp",89,-0.5,"disamb rp",8,0,300,300,-0.5,0.5,300
"14862",18,43,"disamb","rp",89,-0.5,"disamb rp",7,0,398,398,0.5,0.5,398
"15679",19,29,"disamb","rp",53,0.5,"disamb rp",6,0,314,314,-0.5,-0.5,314
"15681",19,45,"disamb","rp",53,0.5,"disamb rp",6,0,246,246,-0.5,-0.5,246
"15683",19,27,"disamb","rp",53,0.5,"disamb rp",8,0,362,362,-0.5,0.5,362
"15685",19,46,"disamb","rp",53,0.5,"disamb rp",7,1,0,NA,0.5,0.5,NA
"15687",19,41,"disamb","rp",53,0.5,"disamb rp",6,0,300,300,-0.5,-0.5,300
"15689",19,30,"disamb","rp",53,0.5,"disamb rp",7,0,290,290,0.5,0.5,290
"15691",19,47,"disamb","rp",53,0.5,"disamb rp",8,0,760,760,-0.5,0.5,760
"15693",19,33,"disamb","rp",53,0.5,"disamb rp",6,0,278,278,-0.5,-0.5,278
"15695",19,39,"disamb","rp",53,0.5,"disamb rp",8,0,364,364,-0.5,0.5,364
"15697",19,40,"disamb","rp",53,0.5,"disamb rp",5,0,354,354,0.5,-0.5,354
"15699",19,48,"disamb","rp",53,0.5,"disamb rp",5,1,0,NA,0.5,-0.5,NA
"15701",19,32,"disamb","rp",53,0.5,"disamb rp",5,0,326,326,0.5,-0.5,326
"15703",19,42,"disamb","rp",53,0.5,"disamb rp",7,0,506,506,0.5,0.5,506
"15705",19,31,"disamb","rp",53,0.5,"disamb rp",8,0,336,336,-0.5,0.5,336
"15707",19,34,"disamb","rp",53,0.5,"disamb rp",7,0,376,376,0.5,0.5,376
"15709",19,35,"disamb","rp",53,0.5,"disamb rp",8,0,142,142,-0.5,0.5,142
"15711",19,37,"disamb","rp",53,0.5,"disamb rp",6,0,356,356,-0.5,-0.5,356
"15713",19,26,"disamb","rp",53,0.5,"disamb rp",7,0,322,322,0.5,0.5,322
"15715",19,43,"disamb","rp",53,0.5,"disamb rp",8,0,496,496,-0.5,0.5,496
"15717",19,25,"disamb","rp",53,0.5,"disamb rp",6,0,120,120,-0.5,-0.5,120
"15719",19,28,"disamb","rp",53,0.5,"disamb rp",5,0,178,178,0.5,-0.5,178
"15721",19,44,"disamb","rp",53,0.5,"disamb rp",5,0,220,220,0.5,-0.5,220
"15723",19,36,"disamb","rp",53,0.5,"disamb rp",5,0,352,352,0.5,-0.5,352
"15725",19,38,"disamb","rp",53,0.5,"disamb rp",7,0,520,520,0.5,0.5,520
"16543",20,41,"disamb","rp",81,-0.5,"disamb rp",7,0,96,96,0.5,0.5,96
"16545",20,37,"disamb","rp",81,-0.5,"disamb rp",7,1,0,NA,0.5,0.5,NA
"16547",20,47,"disamb","rp",81,-0.5,"disamb rp",5,0,322,322,0.5,-0.5,322
"16549",20,25,"disamb","rp",81,-0.5,"disamb rp",7,0,310,310,0.5,0.5,310
"16551",20,39,"disamb","rp",81,-0.5,"disamb rp",5,1,0,NA,0.5,-0.5,NA
"16553",20,40,"disamb","rp",81,-0.5,"disamb rp",6,0,354,354,-0.5,-0.5,354
"16555",20,30,"disamb","rp",81,-0.5,"disamb rp",8,1,0,NA,-0.5,0.5,NA
"16557",20,34,"disamb","rp",81,-0.5,"disamb rp",8,0,210,210,-0.5,0.5,210
"16559",20,26,"disamb","rp",81,-0.5,"disamb rp",8,0,208,208,-0.5,0.5,208
"16561",20,28,"disamb","rp",81,-0.5,"disamb rp",6,0,336,336,-0.5,-0.5,336
"16563",20,36,"disamb","rp",81,-0.5,"disamb rp",6,0,304,304,-0.5,-0.5,304
"16565",20,45,"disamb","rp",81,-0.5,"disamb rp",7,0,382,382,0.5,0.5,382
"16567",20,42,"disamb","rp",81,-0.5,"disamb rp",8,0,344,344,-0.5,0.5,344
"16569",20,29,"disamb","rp",81,-0.5,"disamb rp",7,0,366,366,0.5,0.5,366
"16571",20,44,"disamb","rp",81,-0.5,"disamb rp",6,0,1280,1280,-0.5,-0.5,NA
"16573",20,46,"disamb","rp",81,-0.5,"disamb rp",8,0,610,610,-0.5,0.5,610
"16575",20,32,"disamb","rp",81,-0.5,"disamb rp",6,0,430,430,-0.5,-0.5,430
"16577",20,38,"disamb","rp",81,-0.5,"disamb rp",8,1,0,NA,-0.5,0.5,NA
"16579",20,43,"disamb","rp",81,-0.5,"disamb rp",5,0,358,358,0.5,-0.5,358
"16581",20,33,"disamb","rp",81,-0.5,"disamb rp",7,0,368,368,0.5,0.5,368
"16583",20,31,"disamb","rp",81,-0.5,"disamb rp",5,0,502,502,0.5,-0.5,502
"16585",20,35,"disamb","rp",81,-0.5,"disamb rp",5,0,390,390,0.5,-0.5,390
"16587",20,48,"disamb","rp",81,-0.5,"disamb rp",6,1,0,NA,-0.5,-0.5,NA
"16589",20,27,"disamb","rp",81,-0.5,"disamb rp",5,0,510,510,0.5,-0.5,510
"17407",21,31,"disamb","rp",86,-0.5,"disamb rp",6,0,4404,4404,-0.5,-0.5,NA
"17409",21,37,"disamb","rp",86,-0.5,"disamb rp",8,0,1198,1198,-0.5,0.5,1198
"17411",21,36,"disamb","rp",86,-0.5,"disamb rp",7,0,3178,3178,0.5,0.5,3178
"17413",21,46,"disamb","rp",86,-0.5,"disamb rp",5,0,478,478,0.5,-0.5,478
"17415",21,28,"disamb","rp",86,-0.5,"disamb rp",7,0,714,714,0.5,0.5,714
"17417",21,34,"disamb","rp",86,-0.5,"disamb rp",5,0,1342,1342,0.5,-0.5,1342
"17419",21,35,"disamb","rp",86,-0.5,"disamb rp",6,0,758,758,-0.5,-0.5,758
"17421",21,48,"disamb","rp",86,-0.5,"disamb rp",7,0,608,608,0.5,0.5,608
"17423",21,47,"disamb","rp",86,-0.5,"disamb rp",6,0,1620,1620,-0.5,-0.5,1620
"17425",21,40,"disamb","rp",86,-0.5,"disamb rp",7,0,754,754,0.5,0.5,754
"17427",21,41,"disamb","rp",86,-0.5,"disamb rp",8,0,416,416,-0.5,0.5,416
"17429",21,44,"disamb","rp",86,-0.5,"disamb rp",7,0,524,524,0.5,0.5,524
"17431",21,43,"disamb","rp",86,-0.5,"disamb rp",6,0,1362,1362,-0.5,-0.5,1362
"17433",21,25,"disamb","rp",86,-0.5,"disamb rp",8,0,376,376,-0.5,0.5,376
"17435",21,39,"disamb","rp",86,-0.5,"disamb rp",6,0,424,424,-0.5,-0.5,424
"17437",21,32,"disamb","rp",86,-0.5,"disamb rp",7,0,1456,1456,0.5,0.5,1456
"17439",21,27,"disamb","rp",86,-0.5,"disamb rp",6,0,608,608,-0.5,-0.5,608
"17441",21,26,"disamb","rp",86,-0.5,"disamb rp",5,0,1890,1890,0.5,-0.5,1890
"17443",21,45,"disamb","rp",86,-0.5,"disamb rp",8,0,1064,1064,-0.5,0.5,1064
"17445",21,38,"disamb","rp",86,-0.5,"disamb rp",5,0,1132,1132,0.5,-0.5,1132
"17447",21,33,"disamb","rp",86,-0.5,"disamb rp",8,0,816,816,-0.5,0.5,816
"17449",21,30,"disamb","rp",86,-0.5,"disamb rp",5,0,1030,1030,0.5,-0.5,1030
"17451",21,29,"disamb","rp",86,-0.5,"disamb rp",8,0,1338,1338,-0.5,0.5,1338
"17453",21,42,"disamb","rp",86,-0.5,"disamb rp",5,0,820,820,0.5,-0.5,820
"18272",22,47,"disamb","rp",53,0.5,"disamb rp",7,0,464,464,0.5,0.5,464
"18274",22,36,"disamb","rp",53,0.5,"disamb rp",8,0,338,338,-0.5,0.5,338
"18276",22,25,"disamb","rp",53,0.5,"disamb rp",5,0,440,440,0.5,-0.5,440
"18278",22,43,"disamb","rp",53,0.5,"disamb rp",7,0,348,348,0.5,0.5,348
"18280",22,27,"disamb","rp",53,0.5,"disamb rp",7,0,372,372,0.5,0.5,372
"18282",22,38,"disamb","rp",53,0.5,"disamb rp",6,0,386,386,-0.5,-0.5,386
"18284",22,35,"disamb","rp",53,0.5,"disamb rp",7,0,330,330,0.5,0.5,330
"18286",22,40,"disamb","rp",53,0.5,"disamb rp",8,0,320,320,-0.5,0.5,320
"18288",22,45,"disamb","rp",53,0.5,"disamb rp",5,0,298,298,0.5,-0.5,298
"18290",22,39,"disamb","rp",53,0.5,"disamb rp",7,0,402,402,0.5,0.5,402
"18292",22,28,"disamb","rp",53,0.5,"disamb rp",8,0,310,310,-0.5,0.5,310
"18294",22,42,"disamb","rp",53,0.5,"disamb rp",6,0,458,458,-0.5,-0.5,458
"18296",22,37,"disamb","rp",53,0.5,"disamb rp",5,0,392,392,0.5,-0.5,392
"18298",22,30,"disamb","rp",53,0.5,"disamb rp",6,0,392,392,-0.5,-0.5,392
"18300",22,31,"disamb","rp",53,0.5,"disamb rp",7,0,424,424,0.5,0.5,424
"18302",22,32,"disamb","rp",53,0.5,"disamb rp",8,0,316,316,-0.5,0.5,316
"18304",22,46,"disamb","rp",53,0.5,"disamb rp",6,0,408,408,-0.5,-0.5,408
"18306",22,34,"disamb","rp",53,0.5,"disamb rp",6,0,396,396,-0.5,-0.5,396
"18308",22,33,"disamb","rp",53,0.5,"disamb rp",5,0,360,360,0.5,-0.5,360
"18310",22,26,"disamb","rp",53,0.5,"disamb rp",6,0,502,502,-0.5,-0.5,502
"18312",22,29,"disamb","rp",53,0.5,"disamb rp",5,0,372,372,0.5,-0.5,372
"18314",22,41,"disamb","rp",53,0.5,"disamb rp",5,0,360,360,0.5,-0.5,360
"18316",22,48,"disamb","rp",53,0.5,"disamb rp",8,1,0,NA,-0.5,0.5,NA
"18318",22,44,"disamb","rp",53,0.5,"disamb rp",8,0,346,346,-0.5,0.5,346
"19136",23,34,"disamb","rp",79,-0.5,"disamb rp",8,0,250,250,-0.5,0.5,250
"19138",23,28,"disamb","rp",79,-0.5,"disamb rp",6,1,0,NA,-0.5,-0.5,NA
"19140",23,43,"disamb","rp",79,-0.5,"disamb rp",5,0,966,966,0.5,-0.5,966
"19142",23,33,"disamb","rp",79,-0.5,"disamb rp",7,0,176,176,0.5,0.5,176
"19144",23,45,"disamb","rp",79,-0.5,"disamb rp",7,1,0,NA,0.5,0.5,NA
"19146",23,35,"disamb","rp",79,-0.5,"disamb rp",5,0,247,247,0.5,-0.5,247
"19148",23,37,"disamb","rp",79,-0.5,"disamb rp",7,0,467,467,0.5,0.5,467
"19150",23,29,"disamb","rp",79,-0.5,"disamb rp",7,0,242,242,0.5,0.5,242
"19152",23,38,"disamb","rp",79,-0.5,"disamb rp",8,0,420,420,-0.5,0.5,420
"19154",23,32,"disamb","rp",79,-0.5,"disamb rp",6,0,284,284,-0.5,-0.5,284
"19156",23,30,"disamb","rp",79,-0.5,"disamb rp",8,0,302,302,-0.5,0.5,302
"19158",23,44,"disamb","rp",79,-0.5,"disamb rp",6,1,0,NA,-0.5,-0.5,NA
"19160",23,31,"disamb","rp",79,-0.5,"disamb rp",5,0,298,298,0.5,-0.5,298
"19162",23,41,"disamb","rp",79,-0.5,"disamb rp",7,0,343,343,0.5,0.5,343
"19164",23,26,"disamb","rp",79,-0.5,"disamb rp",8,0,407,407,-0.5,0.5,407
"19166",23,36,"disamb","rp",79,-0.5,"disamb rp",6,0,343,343,-0.5,-0.5,343
"19168",23,47,"disamb","rp",79,-0.5,"disamb rp",5,1,0,NA,0.5,-0.5,NA
"19170",23,40,"disamb","rp",79,-0.5,"disamb rp",6,0,270,270,-0.5,-0.5,270
"19172",23,39,"disamb","rp",79,-0.5,"disamb rp",5,1,0,NA,0.5,-0.5,NA
"19174",23,46,"disamb","rp",79,-0.5,"disamb rp",8,0,286,286,-0.5,0.5,286
"19176",23,42,"disamb","rp",79,-0.5,"disamb rp",8,0,219,219,-0.5,0.5,219
"19178",23,25,"disamb","rp",79,-0.5,"disamb rp",7,0,532,532,0.5,0.5,532
"19180",23,48,"disamb","rp",79,-0.5,"disamb rp",6,1,0,NA,-0.5,-0.5,NA
"19182",23,27,"disamb","rp",79,-0.5,"disamb rp",5,0,272,272,0.5,-0.5,272
"19994",24,34,"disamb","rp",86,-0.5,"disamb rp",7,0,436,436,0.5,0.5,436
"19995",24,39,"disamb","rp",86,-0.5,"disamb rp",8,0,400,400,-0.5,0.5,400
"19997",24,46,"disamb","rp",86,-0.5,"disamb rp",7,0,448,448,0.5,0.5,448
"19999",24,44,"disamb","rp",86,-0.5,"disamb rp",5,0,994,994,0.5,-0.5,994
"20001",24,30,"disamb","rp",86,-0.5,"disamb rp",7,0,234,234,0.5,0.5,234
"20003",24,40,"disamb","rp",86,-0.5,"disamb rp",5,0,856,856,0.5,-0.5,856
"20005",24,37,"disamb","rp",86,-0.5,"disamb rp",6,0,430,430,-0.5,-0.5,430
"20007",24,31,"disamb","rp",86,-0.5,"disamb rp",8,0,464,464,-0.5,0.5,464
"20009",24,26,"disamb","rp",86,-0.5,"disamb rp",7,0,518,518,0.5,0.5,518
"20011",24,42,"disamb","rp",86,-0.5,"disamb rp",7,0,546,546,0.5,0.5,546
"20013",24,27,"disamb","rp",86,-0.5,"disamb rp",8,0,738,738,-0.5,0.5,738
"20015",24,35,"disamb","rp",86,-0.5,"disamb rp",8,0,702,702,-0.5,0.5,702
"20017",24,48,"disamb","rp",86,-0.5,"disamb rp",5,0,1352,1352,0.5,-0.5,1352
"20019",24,32,"disamb","rp",86,-0.5,"disamb rp",5,0,446,446,0.5,-0.5,446
"20021",24,36,"disamb","rp",86,-0.5,"disamb rp",5,0,532,532,0.5,-0.5,532
"20023",24,38,"disamb","rp",86,-0.5,"disamb rp",7,0,282,282,0.5,0.5,282
"20025",24,45,"disamb","rp",86,-0.5,"disamb rp",6,0,514,514,-0.5,-0.5,514
"20027",24,33,"disamb","rp",86,-0.5,"disamb rp",6,0,718,718,-0.5,-0.5,718
"20029",24,28,"disamb","rp",86,-0.5,"disamb rp",5,0,376,376,0.5,-0.5,376
"20031",24,41,"disamb","rp",86,-0.5,"disamb rp",6,0,442,442,-0.5,-0.5,442
"20033",24,43,"disamb","rp",86,-0.5,"disamb rp",8,0,424,424,-0.5,0.5,424
"20035",24,25,"disamb","rp",86,-0.5,"disamb rp",6,0,438,438,-0.5,-0.5,438
"20037",24,29,"disamb","rp",86,-0.5,"disamb rp",6,0,582,582,-0.5,-0.5,582
"20039",24,47,"disamb","rp",86,-0.5,"disamb rp",8,0,562,562,-0.5,0.5,562
"20845",25,29,"disamb","rp",52,0.5,"disamb rp",7,0,348,348,0.5,0.5,348
"20847",25,43,"disamb","rp",52,0.5,"disamb rp",5,0,326,326,0.5,-0.5,326
"20849",25,34,"disamb","rp",52,0.5,"disamb rp",8,0,338,338,-0.5,0.5,338
"20851",25,46,"disamb","rp",52,0.5,"disamb rp",8,0,218,218,-0.5,0.5,218
"20853",25,26,"disamb","rp",52,0.5,"disamb rp",8,0,208,208,-0.5,0.5,208
"20855",25,37,"disamb","rp",52,0.5,"disamb rp",7,0,196,196,0.5,0.5,196
"20857",25,45,"disamb","rp",52,0.5,"disamb rp",7,1,0,NA,0.5,0.5,NA
"20859",25,44,"disamb","rp",52,0.5,"disamb rp",6,0,406,406,-0.5,-0.5,406
"20861",25,35,"disamb","rp",52,0.5,"disamb rp",5,0,192,192,0.5,-0.5,192
"20863",25,47,"disamb","rp",52,0.5,"disamb rp",5,0,196,196,0.5,-0.5,196
"20865",25,27,"disamb","rp",52,0.5,"disamb rp",5,0,362,362,0.5,-0.5,362
"20867",25,32,"disamb","rp",52,0.5,"disamb rp",6,0,304,304,-0.5,-0.5,304
"20869",25,25,"disamb","rp",52,0.5,"disamb rp",7,0,216,216,0.5,0.5,216
"20871",25,31,"disamb","rp",52,0.5,"disamb rp",5,0,208,208,0.5,-0.5,208
"20873",25,38,"disamb","rp",52,0.5,"disamb rp",8,0,154,154,-0.5,0.5,154
"20875",25,36,"disamb","rp",52,0.5,"disamb rp",6,0,138,138,-0.5,-0.5,138
"20877",25,48,"disamb","rp",52,0.5,"disamb rp",6,0,166,166,-0.5,-0.5,166
"20879",25,40,"disamb","rp",52,0.5,"disamb rp",6,0,146,146,-0.5,-0.5,146
"20881",25,42,"disamb","rp",52,0.5,"disamb rp",8,0,166,166,-0.5,0.5,166
"20883",25,28,"disamb","rp",52,0.5,"disamb rp",6,0,176,176,-0.5,-0.5,176
"20885",25,33,"disamb","rp",52,0.5,"disamb rp",7,0,144,144,0.5,0.5,144
"20887",25,41,"disamb","rp",52,0.5,"disamb rp",7,0,166,166,0.5,0.5,166
"20889",25,30,"disamb","rp",52,0.5,"disamb rp",8,0,154,154,-0.5,0.5,154
"20891",25,39,"disamb","rp",52,0.5,"disamb rp",5,0,148,148,0.5,-0.5,148
"21709",26,42,"disamb","rp",83,-0.5,"disamb rp",5,0,332,332,0.5,-0.5,332
"21711",26,37,"disamb","rp",83,-0.5,"disamb rp",8,0,506,506,-0.5,0.5,506
"21713",26,26,"disamb","rp",83,-0.5,"disamb rp",5,0,3384,3384,0.5,-0.5,NA
"21715",26,33,"disamb","rp",83,-0.5,"disamb rp",8,0,580,580,-0.5,0.5,580
"21717",26,31,"disamb","rp",83,-0.5,"disamb rp",6,0,222,222,-0.5,-0.5,222
"21719",26,47,"disamb","rp",83,-0.5,"disamb rp",6,0,278,278,-0.5,-0.5,278
"21721",26,43,"disamb","rp",83,-0.5,"disamb rp",6,0,416,416,-0.5,-0.5,416
"21723",26,27,"disamb","rp",83,-0.5,"disamb rp",6,0,1006,1006,-0.5,-0.5,1006
"21725",26,38,"disamb","rp",83,-0.5,"disamb rp",5,0,720,720,0.5,-0.5,720
"21727",26,46,"disamb","rp",83,-0.5,"disamb rp",5,0,590,590,0.5,-0.5,590
"21729",26,34,"disamb","rp",83,-0.5,"disamb rp",5,0,638,638,0.5,-0.5,638
"21731",26,45,"disamb","rp",83,-0.5,"disamb rp",8,0,726,726,-0.5,0.5,726
"21733",26,44,"disamb","rp",83,-0.5,"disamb rp",7,0,558,558,0.5,0.5,558
"21735",26,39,"disamb","rp",83,-0.5,"disamb rp",6,0,790,790,-0.5,-0.5,790
"21737",26,25,"disamb","rp",83,-0.5,"disamb rp",8,0,460,460,-0.5,0.5,460
"21739",26,28,"disamb","rp",83,-0.5,"disamb rp",7,0,302,302,0.5,0.5,302
"21741",26,35,"disamb","rp",83,-0.5,"disamb rp",6,0,478,478,-0.5,-0.5,478
"21743",26,48,"disamb","rp",83,-0.5,"disamb rp",7,0,358,358,0.5,0.5,358
"21745",26,41,"disamb","rp",83,-0.5,"disamb rp",8,0,578,578,-0.5,0.5,578
"21747",26,32,"disamb","rp",83,-0.5,"disamb rp",7,0,460,460,0.5,0.5,460
"21749",26,40,"disamb","rp",83,-0.5,"disamb rp",7,0,1006,1006,0.5,0.5,1006
"21751",26,29,"disamb","rp",83,-0.5,"disamb rp",8,0,422,422,-0.5,0.5,422
"21753",26,30,"disamb","rp",83,-0.5,"disamb rp",5,0,824,824,0.5,-0.5,824
"21755",26,36,"disamb","rp",83,-0.5,"disamb rp",7,0,356,356,0.5,0.5,356
"22573",27,46,"disamb","rp",85,-0.5,"disamb rp",6,0,256,256,-0.5,-0.5,256
"22575",27,42,"disamb","rp",85,-0.5,"disamb rp",6,0,522,522,-0.5,-0.5,522
"22577",27,36,"disamb","rp",85,-0.5,"disamb rp",8,0,120,120,-0.5,0.5,120
"22579",27,35,"disamb","rp",85,-0.5,"disamb rp",7,0,750,750,0.5,0.5,750
"22581",27,39,"disamb","rp",85,-0.5,"disamb rp",7,1,0,NA,0.5,0.5,NA
"22583",27,37,"disamb","rp",85,-0.5,"disamb rp",5,0,2350,2350,0.5,-0.5,2350
"22585",27,45,"disamb","rp",85,-0.5,"disamb rp",5,0,500,500,0.5,-0.5,500
"22587",27,25,"disamb","rp",85,-0.5,"disamb rp",5,0,128,128,0.5,-0.5,128
"22589",27,28,"disamb","rp",85,-0.5,"disamb rp",8,0,176,176,-0.5,0.5,176
"22591",27,30,"disamb","rp",85,-0.5,"disamb rp",6,0,5172,5172,-0.5,-0.5,NA
"22593",27,31,"disamb","rp",85,-0.5,"disamb rp",7,0,984,984,0.5,0.5,984
"22595",27,33,"disamb","rp",85,-0.5,"disamb rp",5,0,366,366,0.5,-0.5,366
"22597",27,27,"disamb","rp",85,-0.5,"disamb rp",7,0,706,706,0.5,0.5,706
"22599",27,47,"disamb","rp",85,-0.5,"disamb rp",7,0,628,628,0.5,0.5,628
"22601",27,38,"disamb","rp",85,-0.5,"disamb rp",6,0,810,810,-0.5,-0.5,810
"22603",27,41,"disamb","rp",85,-0.5,"disamb rp",5,0,596,596,0.5,-0.5,596
"22605",27,29,"disamb","rp",85,-0.5,"disamb rp",5,0,276,276,0.5,-0.5,276
"22607",27,48,"disamb","rp",85,-0.5,"disamb rp",8,0,1624,1624,-0.5,0.5,1624
"22609",27,26,"disamb","rp",85,-0.5,"disamb rp",6,0,526,526,-0.5,-0.5,526
"22611",27,32,"disamb","rp",85,-0.5,"disamb rp",8,0,230,230,-0.5,0.5,230
"22613",27,44,"disamb","rp",85,-0.5,"disamb rp",8,0,648,648,-0.5,0.5,648
"22615",27,43,"disamb","rp",85,-0.5,"disamb rp",7,0,362,362,0.5,0.5,362
"22617",27,34,"disamb","rp",85,-0.5,"disamb rp",6,0,324,324,-0.5,-0.5,324
"22619",27,40,"disamb","rp",85,-0.5,"disamb rp",8,0,196,196,-0.5,0.5,196
"23437",28,27,"disamb","rp",63,0.5,"disamb rp",8,0,4524,4524,-0.5,0.5,4524
"23439",28,26,"disamb","rp",63,0.5,"disamb rp",7,0,2084,2084,0.5,0.5,2084
"23441",28,28,"disamb","rp",63,0.5,"disamb rp",5,0,660,660,0.5,-0.5,660
"23443",28,29,"disamb","rp",63,0.5,"disamb rp",6,0,372,372,-0.5,-0.5,372
"23445",28,33,"disamb","rp",63,0.5,"disamb rp",6,0,318,318,-0.5,-0.5,318
"23447",28,44,"disamb","rp",63,0.5,"disamb rp",5,0,636,636,0.5,-0.5,636
"23449",28,45,"disamb","rp",63,0.5,"disamb rp",6,0,360,360,-0.5,-0.5,360
"23451",28,47,"disamb","rp",63,0.5,"disamb rp",8,0,866,866,-0.5,0.5,866
"23453",28,48,"disamb","rp",63,0.5,"disamb rp",5,0,6954,6954,0.5,-0.5,NA
"23455",28,37,"disamb","rp",63,0.5,"disamb rp",6,0,756,756,-0.5,-0.5,756
"23457",28,38,"disamb","rp",63,0.5,"disamb rp",7,0,430,430,0.5,0.5,430
"23459",28,30,"disamb","rp",63,0.5,"disamb rp",7,0,322,322,0.5,0.5,322
"23461",28,40,"disamb","rp",63,0.5,"disamb rp",5,0,408,408,0.5,-0.5,408
"23463",28,35,"disamb","rp",63,0.5,"disamb rp",8,0,322,322,-0.5,0.5,322
"23465",28,25,"disamb","rp",63,0.5,"disamb rp",6,0,306,306,-0.5,-0.5,306
"23467",28,31,"disamb","rp",63,0.5,"disamb rp",8,0,350,350,-0.5,0.5,350
"23469",28,32,"disamb","rp",63,0.5,"disamb rp",5,0,302,302,0.5,-0.5,302
"23471",28,39,"disamb","rp",63,0.5,"disamb rp",8,0,528,528,-0.5,0.5,528
"23473",28,46,"disamb","rp",63,0.5,"disamb rp",7,0,312,312,0.5,0.5,312
"23475",28,34,"disamb","rp",63,0.5,"disamb rp",7,0,838,838,0.5,0.5,838
"23477",28,41,"disamb","rp",63,0.5,"disamb rp",6,0,582,582,-0.5,-0.5,582
"23479",28,43,"disamb","rp",63,0.5,"disamb rp",8,0,310,310,-0.5,0.5,310
"23481",28,36,"disamb","rp",63,0.5,"disamb rp",5,0,396,396,0.5,-0.5,396
"23483",28,42,"disamb","rp",63,0.5,"disamb rp",7,0,542,542,0.5,0.5,542
"24296",29,42,"disamb","rp",65,0.5,"disamb rp",8,0,842,842,-0.5,0.5,842
"24298",29,39,"disamb","rp",65,0.5,"disamb rp",5,0,452,452,0.5,-0.5,452
"24300",29,43,"disamb","rp",65,0.5,"disamb rp",5,0,288,288,0.5,-0.5,288
"24302",29,46,"disamb","rp",65,0.5,"disamb rp",8,1,0,NA,-0.5,0.5,NA
"24304",29,45,"disamb","rp",65,0.5,"disamb rp",7,0,4664,4664,0.5,0.5,NA
"24306",29,29,"disamb","rp",65,0.5,"disamb rp",7,0,498,498,0.5,0.5,498
"24308",29,31,"disamb","rp",65,0.5,"disamb rp",5,0,244,244,0.5,-0.5,244
"24310",29,38,"disamb","rp",65,0.5,"disamb rp",8,0,396,396,-0.5,0.5,396
"24312",29,41,"disamb","rp",65,0.5,"disamb rp",7,0,294,294,0.5,0.5,294
"24314",29,28,"disamb","rp",65,0.5,"disamb rp",6,0,314,314,-0.5,-0.5,314
"24316",29,26,"disamb","rp",65,0.5,"disamb rp",8,0,1170,1170,-0.5,0.5,1170
"24318",29,32,"disamb","rp",65,0.5,"disamb rp",6,0,450,450,-0.5,-0.5,450
"24320",29,27,"disamb","rp",65,0.5,"disamb rp",5,0,1014,1014,0.5,-0.5,1014
"24322",29,36,"disamb","rp",65,0.5,"disamb rp",6,0,228,228,-0.5,-0.5,228
"24324",29,34,"disamb","rp",65,0.5,"disamb rp",8,0,702,702,-0.5,0.5,702
"24326",29,35,"disamb","rp",65,0.5,"disamb rp",5,0,670,670,0.5,-0.5,670
"24327",29,40,"disamb","rp",65,0.5,"disamb rp",6,0,182,182,-0.5,-0.5,182
"24329",29,44,"disamb","rp",65,0.5,"disamb rp",6,0,476,476,-0.5,-0.5,476
"24331",29,30,"disamb","rp",65,0.5,"disamb rp",8,0,274,274,-0.5,0.5,274
"24333",29,25,"disamb","rp",65,0.5,"disamb rp",7,0,200,200,0.5,0.5,200
"24335",29,33,"disamb","rp",65,0.5,"disamb rp",7,0,300,300,0.5,0.5,300
"24337",29,37,"disamb","rp",65,0.5,"disamb rp",7,0,266,266,0.5,0.5,266
"24339",29,47,"disamb","rp",65,0.5,"disamb rp",5,0,344,344,0.5,-0.5,344
"24341",29,48,"disamb","rp",65,0.5,"disamb rp",6,0,510,510,-0.5,-0.5,510
"25148",30,36,"disamb","rp",60,0.5,"disamb rp",7,1,0,NA,0.5,0.5,NA
"25150",30,44,"disamb","rp",60,0.5,"disamb rp",7,0,972,972,0.5,0.5,972
"25152",30,32,"disamb","rp",60,0.5,"disamb rp",7,0,226,226,0.5,0.5,226
"25154",30,25,"disamb","rp",60,0.5,"disamb rp",8,0,532,532,-0.5,0.5,532
"25156",30,27,"disamb","rp",60,0.5,"disamb rp",6,0,826,826,-0.5,-0.5,826
"25158",30,37,"disamb","rp",60,0.5,"disamb rp",8,0,172,172,-0.5,0.5,172
"25160",30,38,"disamb","rp",60,0.5,"disamb rp",5,1,0,NA,0.5,-0.5,NA
"25162",30,47,"disamb","rp",60,0.5,"disamb rp",6,0,186,186,-0.5,-0.5,186
"25164",30,33,"disamb","rp",60,0.5,"disamb rp",8,0,346,346,-0.5,0.5,346
"25166",30,30,"disamb","rp",60,0.5,"disamb rp",5,0,740,740,0.5,-0.5,740
"25168",30,48,"disamb","rp",60,0.5,"disamb rp",7,0,644,644,0.5,0.5,644
"25170",30,40,"disamb","rp",60,0.5,"disamb rp",7,0,504,504,0.5,0.5,504
"25172",30,46,"disamb","rp",60,0.5,"disamb rp",5,1,0,NA,0.5,-0.5,NA
"25174",30,35,"disamb","rp",60,0.5,"disamb rp",6,0,188,188,-0.5,-0.5,188
"25176",30,43,"disamb","rp",60,0.5,"disamb rp",6,0,662,662,-0.5,-0.5,662
"25178",30,41,"disamb","rp",60,0.5,"disamb rp",8,1,0,NA,-0.5,0.5,NA
"25180",30,39,"disamb","rp",60,0.5,"disamb rp",6,1,0,NA,-0.5,-0.5,NA
"25182",30,42,"disamb","rp",60,0.5,"disamb rp",5,0,124,124,0.5,-0.5,124
"25184",30,31,"disamb","rp",60,0.5,"disamb rp",6,0,244,244,-0.5,-0.5,244
"25186",30,26,"disamb","rp",60,0.5,"disamb rp",5,1,0,NA,0.5,-0.5,NA
"25188",30,34,"disamb","rp",60,0.5,"disamb rp",5,1,0,NA,0.5,-0.5,NA
"25190",30,45,"disamb","rp",60,0.5,"disamb rp",8,1,0,NA,-0.5,0.5,NA
"25192",30,29,"disamb","rp",60,0.5,"disamb rp",8,1,0,NA,-0.5,0.5,NA
"25194",30,28,"disamb","rp",60,0.5,"disamb rp",7,1,0,NA,0.5,0.5,NA
"26012",31,34,"disamb","rp",85,-0.5,"disamb rp",6,0,502,502,-0.5,-0.5,502
"26014",31,41,"disamb","rp",85,-0.5,"disamb rp",5,0,406,406,0.5,-0.5,406
"26016",31,40,"disamb","rp",85,-0.5,"disamb rp",8,0,366,366,-0.5,0.5,366
"26018",31,42,"disamb","rp",85,-0.5,"disamb rp",6,0,314,314,-0.5,-0.5,314
"26020",31,31,"disamb","rp",85,-0.5,"disamb rp",7,0,1048,1048,0.5,0.5,1048
"26022",31,35,"disamb","rp",85,-0.5,"disamb rp",7,0,564,564,0.5,0.5,564
"26024",31,38,"disamb","rp",85,-0.5,"disamb rp",6,0,324,324,-0.5,-0.5,324
"26026",31,29,"disamb","rp",85,-0.5,"disamb rp",5,0,842,842,0.5,-0.5,842
"26028",31,37,"disamb","rp",85,-0.5,"disamb rp",5,0,418,418,0.5,-0.5,418
"26030",31,46,"disamb","rp",85,-0.5,"disamb rp",6,0,270,270,-0.5,-0.5,270
"26032",31,44,"disamb","rp",85,-0.5,"disamb rp",8,0,636,636,-0.5,0.5,636
"26034",31,28,"disamb","rp",85,-0.5,"disamb rp",8,0,456,456,-0.5,0.5,456
"26036",31,30,"disamb","rp",85,-0.5,"disamb rp",6,0,544,544,-0.5,-0.5,544
"26038",31,32,"disamb","rp",85,-0.5,"disamb rp",8,0,510,510,-0.5,0.5,510
"26040",31,39,"disamb","rp",85,-0.5,"disamb rp",7,0,600,600,0.5,0.5,600
"26042",31,25,"disamb","rp",85,-0.5,"disamb rp",5,0,624,624,0.5,-0.5,624
"26044",31,33,"disamb","rp",85,-0.5,"disamb rp",5,0,398,398,0.5,-0.5,398
"26046",31,47,"disamb","rp",85,-0.5,"disamb rp",7,0,508,508,0.5,0.5,508
"26048",31,45,"disamb","rp",85,-0.5,"disamb rp",5,0,472,472,0.5,-0.5,472
"26050",31,48,"disamb","rp",85,-0.5,"disamb rp",8,0,290,290,-0.5,0.5,290
"26052",31,36,"disamb","rp",85,-0.5,"disamb rp",8,0,1176,1176,-0.5,0.5,1176
"26054",31,43,"disamb","rp",85,-0.5,"disamb rp",7,0,410,410,0.5,0.5,410
"26056",31,26,"disamb","rp",85,-0.5,"disamb rp",6,0,518,518,-0.5,-0.5,518
"26058",31,27,"disamb","rp",85,-0.5,"disamb rp",7,0,548,548,0.5,0.5,548
"26875",32,44,"disamb","rp",59,0.5,"disamb rp",5,0,2306,2306,0.5,-0.5,2306
"26877",32,43,"disamb","rp",59,0.5,"disamb rp",8,0,396,396,-0.5,0.5,396
"26879",32,40,"disamb","rp",59,0.5,"disamb rp",5,0,1158,1158,0.5,-0.5,1158
"26881",32,42,"disamb","rp",59,0.5,"disamb rp",7,0,428,428,0.5,0.5,428
"26883",32,39,"disamb","rp",59,0.5,"disamb rp",8,0,1844,1844,-0.5,0.5,1844
"26885",32,46,"disamb","rp",59,0.5,"disamb rp",7,0,498,498,0.5,0.5,498
"26887",32,48,"disamb","rp",59,0.5,"disamb rp",5,0,3962,3962,0.5,-0.5,NA
"26889",32,32,"disamb","rp",59,0.5,"disamb rp",5,0,468,468,0.5,-0.5,468
"26891",32,26,"disamb","rp",59,0.5,"disamb rp",7,0,680,680,0.5,0.5,680
"26893",32,45,"disamb","rp",59,0.5,"disamb rp",6,0,394,394,-0.5,-0.5,394
"26895",32,25,"disamb","rp",59,0.5,"disamb rp",6,0,474,474,-0.5,-0.5,474
"26897",32,30,"disamb","rp",59,0.5,"disamb rp",7,0,348,348,0.5,0.5,348
"26899",32,33,"disamb","rp",59,0.5,"disamb rp",6,0,444,444,-0.5,-0.5,444
"26901",32,36,"disamb","rp",59,0.5,"disamb rp",5,0,382,382,0.5,-0.5,382
"26903",32,35,"disamb","rp",59,0.5,"disamb rp",8,0,334,334,-0.5,0.5,334
"26905",32,41,"disamb","rp",59,0.5,"disamb rp",6,0,436,436,-0.5,-0.5,436
"26907",32,27,"disamb","rp",59,0.5,"disamb rp",8,0,586,586,-0.5,0.5,586
"26909",32,34,"disamb","rp",59,0.5,"disamb rp",7,0,642,642,0.5,0.5,642
"26911",32,28,"disamb","rp",59,0.5,"disamb rp",5,0,266,266,0.5,-0.5,266
"26913",32,31,"disamb","rp",59,0.5,"disamb rp",8,0,228,228,-0.5,0.5,228
"26915",32,29,"disamb","rp",59,0.5,"disamb rp",6,0,492,492,-0.5,-0.5,492
"26917",32,47,"disamb","rp",59,0.5,"disamb rp",8,0,486,486,-0.5,0.5,486
"26919",32,37,"disamb","rp",59,0.5,"disamb rp",6,0,426,426,-0.5,-0.5,426
"26921",32,38,"disamb","rp",59,0.5,"disamb rp",7,0,544,544,0.5,0.5,544
"27740",33,33,"disamb","rp",71,0.5,"disamb rp",7,0,454,454,0.5,0.5,454
"27742",33,43,"disamb","rp",71,0.5,"disamb rp",5,0,2956,2956,0.5,-0.5,2956
"27744",33,31,"disamb","rp",71,0.5,"disamb rp",5,0,992,992,0.5,-0.5,992
"27746",33,34,"disamb","rp",71,0.5,"disamb rp",8,0,510,510,-0.5,0.5,510
"27748",33,42,"disamb","rp",71,0.5,"disamb rp",8,0,310,310,-0.5,0.5,310
"27750",33,25,"disamb","rp",71,0.5,"disamb rp",7,0,422,422,0.5,0.5,422
"27752",33,26,"disamb","rp",71,0.5,"disamb rp",8,0,4220,4220,-0.5,0.5,4220
"27754",33,35,"disamb","rp",71,0.5,"disamb rp",5,0,496,496,0.5,-0.5,496
"27756",33,47,"disamb","rp",71,0.5,"disamb rp",5,0,486,486,0.5,-0.5,486
"27758",33,32,"disamb","rp",71,0.5,"disamb rp",6,0,530,530,-0.5,-0.5,530
"27760",33,40,"disamb","rp",71,0.5,"disamb rp",6,0,544,544,-0.5,-0.5,544
"27762",33,36,"disamb","rp",71,0.5,"disamb rp",6,0,238,238,-0.5,-0.5,238
"27764",33,48,"disamb","rp",71,0.5,"disamb rp",6,0,540,540,-0.5,-0.5,540
"27766",33,27,"disamb","rp",71,0.5,"disamb rp",5,0,474,474,0.5,-0.5,474
"27768",33,41,"disamb","rp",71,0.5,"disamb rp",7,0,2680,2680,0.5,0.5,2680
"27770",33,37,"disamb","rp",71,0.5,"disamb rp",7,0,1196,1196,0.5,0.5,1196
"27772",33,45,"disamb","rp",71,0.5,"disamb rp",7,0,680,680,0.5,0.5,680
"27774",33,44,"disamb","rp",71,0.5,"disamb rp",6,0,714,714,-0.5,-0.5,714
"27776",33,29,"disamb","rp",71,0.5,"disamb rp",7,0,394,394,0.5,0.5,394
"27778",33,28,"disamb","rp",71,0.5,"disamb rp",6,0,260,260,-0.5,-0.5,260
"27780",33,30,"disamb","rp",71,0.5,"disamb rp",8,0,240,240,-0.5,0.5,240
"27782",33,39,"disamb","rp",71,0.5,"disamb rp",5,0,632,632,0.5,-0.5,632
"27784",33,38,"disamb","rp",71,0.5,"disamb rp",8,1,0,NA,-0.5,0.5,NA
"27786",33,46,"disamb","rp",71,0.5,"disamb rp",8,0,552,552,-0.5,0.5,552
"28603",34,37,"disamb","rp",74,-0.5,"disamb rp",8,0,4900,4900,-0.5,0.5,NA
"28605",34,32,"disamb","rp",74,-0.5,"disamb rp",7,0,171,171,0.5,0.5,171
"28607",34,30,"disamb","rp",74,-0.5,"disamb rp",5,0,569,569,0.5,-0.5,569
"28609",34,27,"disamb","rp",74,-0.5,"disamb rp",6,0,468,468,-0.5,-0.5,468
"28611",34,34,"disamb","rp",74,-0.5,"disamb rp",5,0,400,400,0.5,-0.5,400
"28613",34,46,"disamb","rp",74,-0.5,"disamb rp",5,0,354,354,0.5,-0.5,354
"28615",34,38,"disamb","rp",74,-0.5,"disamb rp",5,0,319,319,0.5,-0.5,319
"28617",34,39,"disamb","rp",74,-0.5,"disamb rp",6,0,288,288,-0.5,-0.5,288
"28619",34,45,"disamb","rp",74,-0.5,"disamb rp",8,0,399,399,-0.5,0.5,399
"28621",34,29,"disamb","rp",74,-0.5,"disamb rp",8,0,181,181,-0.5,0.5,181
"28623",34,33,"disamb","rp",74,-0.5,"disamb rp",8,0,229,229,-0.5,0.5,229
"28625",34,48,"disamb","rp",74,-0.5,"disamb rp",7,0,638,638,0.5,0.5,638
"28627",34,41,"disamb","rp",74,-0.5,"disamb rp",8,0,248,248,-0.5,0.5,248
"28629",34,40,"disamb","rp",74,-0.5,"disamb rp",7,0,274,274,0.5,0.5,274
"28631",34,31,"disamb","rp",74,-0.5,"disamb rp",6,0,393,393,-0.5,-0.5,393
"28633",34,43,"disamb","rp",74,-0.5,"disamb rp",6,0,1843,1843,-0.5,-0.5,1843
"28635",34,25,"disamb","rp",74,-0.5,"disamb rp",8,0,290,290,-0.5,0.5,290
"28637",34,36,"disamb","rp",74,-0.5,"disamb rp",7,0,279,279,0.5,0.5,279
"28639",34,47,"disamb","rp",74,-0.5,"disamb rp",6,0,248,248,-0.5,-0.5,248
"28641",34,42,"disamb","rp",74,-0.5,"disamb rp",5,0,254,254,0.5,-0.5,254
"28643",34,44,"disamb","rp",74,-0.5,"disamb rp",7,0,189,189,0.5,0.5,189
"28645",34,28,"disamb","rp",74,-0.5,"disamb rp",7,0,380,380,0.5,0.5,380
"28647",34,26,"disamb","rp",74,-0.5,"disamb rp",5,0,344,344,0.5,-0.5,344
"28649",34,35,"disamb","rp",74,-0.5,"disamb rp",6,1,0,NA,-0.5,-0.5,NA
"29467",35,47,"disamb","rp",60,0.5,"disamb rp",6,0,600,600,-0.5,-0.5,600
"29469",35,33,"disamb","rp",60,0.5,"disamb rp",8,0,324,324,-0.5,0.5,324
"29471",35,43,"disamb","rp",60,0.5,"disamb rp",6,0,386,386,-0.5,-0.5,386
"29473",35,32,"disamb","rp",60,0.5,"disamb rp",7,0,302,302,0.5,0.5,302
"29475",35,42,"disamb","rp",60,0.5,"disamb rp",5,0,282,282,0.5,-0.5,282
"29477",35,26,"disamb","rp",60,0.5,"disamb rp",5,0,186,186,0.5,-0.5,186
"29479",35,39,"disamb","rp",60,0.5,"disamb rp",6,0,170,170,-0.5,-0.5,170
"29481",35,28,"disamb","rp",60,0.5,"disamb rp",7,0,196,196,0.5,0.5,196
"29483",35,36,"disamb","rp",60,0.5,"disamb rp",7,0,1080,1080,0.5,0.5,1080
"29485",35,48,"disamb","rp",60,0.5,"disamb rp",7,1,0,NA,0.5,0.5,NA
"29487",35,34,"disamb","rp",60,0.5,"disamb rp",5,0,356,356,0.5,-0.5,356
"29489",35,38,"disamb","rp",60,0.5,"disamb rp",5,0,678,678,0.5,-0.5,678
"29491",35,46,"disamb","rp",60,0.5,"disamb rp",5,0,150,150,0.5,-0.5,150
"29493",35,35,"disamb","rp",60,0.5,"disamb rp",6,0,246,246,-0.5,-0.5,246
"29495",35,44,"disamb","rp",60,0.5,"disamb rp",7,0,188,188,0.5,0.5,188
"29497",35,40,"disamb","rp",60,0.5,"disamb rp",7,0,2034,2034,0.5,0.5,NA
"29499",35,31,"disamb","rp",60,0.5,"disamb rp",6,0,190,190,-0.5,-0.5,190
"29501",35,41,"disamb","rp",60,0.5,"disamb rp",8,0,266,266,-0.5,0.5,266
"29503",35,27,"disamb","rp",60,0.5,"disamb rp",6,0,464,464,-0.5,-0.5,464
"29505",35,37,"disamb","rp",60,0.5,"disamb rp",8,0,364,364,-0.5,0.5,364
"29507",35,30,"disamb","rp",60,0.5,"disamb rp",5,0,334,334,0.5,-0.5,334
"29509",35,45,"disamb","rp",60,0.5,"disamb rp",8,1,0,NA,-0.5,0.5,NA
"29511",35,29,"disamb","rp",60,0.5,"disamb rp",8,0,572,572,-0.5,0.5,572
"29513",35,25,"disamb","rp",60,0.5,"disamb rp",8,0,426,426,-0.5,0.5,426
"30332",36,41,"disamb","rp",57,0.5,"disamb rp",5,0,357,357,0.5,-0.5,357
"30334",36,43,"disamb","rp",57,0.5,"disamb rp",7,0,347,347,0.5,0.5,347
"30336",36,26,"disamb","rp",57,0.5,"disamb rp",6,0,339,339,-0.5,-0.5,339
"30338",36,27,"disamb","rp",57,0.5,"disamb rp",7,0,3302,3302,0.5,0.5,3302
"30340",36,42,"disamb","rp",57,0.5,"disamb rp",6,0,366,366,-0.5,-0.5,366
"30342",36,33,"disamb","rp",57,0.5,"disamb rp",5,0,400,400,0.5,-0.5,400
"30344",36,40,"disamb","rp",57,0.5,"disamb rp",8,0,3364,3364,-0.5,0.5,3364
"30346",36,47,"disamb","rp",57,0.5,"disamb rp",7,0,743,743,0.5,0.5,743
"30348",36,35,"disamb","rp",57,0.5,"disamb rp",7,0,197,197,0.5,0.5,197
"30350",36,46,"disamb","rp",57,0.5,"disamb rp",6,0,191,191,-0.5,-0.5,191
"30352",36,28,"disamb","rp",57,0.5,"disamb rp",8,0,263,263,-0.5,0.5,263
"30354",36,34,"disamb","rp",57,0.5,"disamb rp",6,0,234,234,-0.5,-0.5,234
"30356",36,36,"disamb","rp",57,0.5,"disamb rp",8,0,269,269,-0.5,0.5,269
"30358",36,38,"disamb","rp",57,0.5,"disamb rp",6,0,512,512,-0.5,-0.5,512
"30360",36,25,"disamb","rp",57,0.5,"disamb rp",5,0,334,334,0.5,-0.5,334
"30362",36,37,"disamb","rp",57,0.5,"disamb rp",5,0,288,288,0.5,-0.5,288
"30364",36,31,"disamb","rp",57,0.5,"disamb rp",7,0,394,394,0.5,0.5,394
"30366",36,45,"disamb","rp",57,0.5,"disamb rp",5,0,185,185,0.5,-0.5,185
"30368",36,30,"disamb","rp",57,0.5,"disamb rp",6,0,95,95,-0.5,-0.5,95
"30370",36,32,"disamb","rp",57,0.5,"disamb rp",8,0,225,225,-0.5,0.5,225
"30372",36,44,"disamb","rp",57,0.5,"disamb rp",8,0,143,143,-0.5,0.5,143
"30374",36,48,"disamb","rp",57,0.5,"disamb rp",8,0,263,263,-0.5,0.5,263
"30376",36,39,"disamb","rp",57,0.5,"disamb rp",7,0,289,289,0.5,0.5,289
"30378",36,29,"disamb","rp",57,0.5,"disamb rp",5,0,243,243,0.5,-0.5,243
"31195",37,42,"disamb","rp",80,-0.5,"disamb rp",7,0,408,408,0.5,0.5,408
"31197",37,36,"disamb","rp",80,-0.5,"disamb rp",5,0,162,162,0.5,-0.5,162
"31199",37,32,"disamb","rp",80,-0.5,"disamb rp",5,0,1168,1168,0.5,-0.5,1168
"31201",37,48,"disamb","rp",80,-0.5,"disamb rp",5,0,423,423,0.5,-0.5,423
"31203",37,25,"disamb","rp",80,-0.5,"disamb rp",6,0,171,171,-0.5,-0.5,171
"31205",37,30,"disamb","rp",80,-0.5,"disamb rp",7,0,295,295,0.5,0.5,295
"31207",37,39,"disamb","rp",80,-0.5,"disamb rp",8,0,405,405,-0.5,0.5,405
"31209",37,35,"disamb","rp",80,-0.5,"disamb rp",8,0,410,410,-0.5,0.5,410
"31211",37,28,"disamb","rp",80,-0.5,"disamb rp",5,0,275,275,0.5,-0.5,275
"31213",37,34,"disamb","rp",80,-0.5,"disamb rp",7,0,280,280,0.5,0.5,280
"31215",37,38,"disamb","rp",80,-0.5,"disamb rp",7,0,669,669,0.5,0.5,669
"31217",37,26,"disamb","rp",80,-0.5,"disamb rp",7,0,587,587,0.5,0.5,587
"31219",37,40,"disamb","rp",80,-0.5,"disamb rp",5,0,700,700,0.5,-0.5,700
"31221",37,47,"disamb","rp",80,-0.5,"disamb rp",8,0,455,455,-0.5,0.5,455
"31223",37,44,"disamb","rp",80,-0.5,"disamb rp",5,0,1974,1974,0.5,-0.5,NA
"31225",37,43,"disamb","rp",80,-0.5,"disamb rp",8,0,498,498,-0.5,0.5,498
"31227",37,33,"disamb","rp",80,-0.5,"disamb rp",6,0,569,569,-0.5,-0.5,569
"31229",37,29,"disamb","rp",80,-0.5,"disamb rp",6,0,529,529,-0.5,-0.5,529
"31231",37,46,"disamb","rp",80,-0.5,"disamb rp",7,0,264,264,0.5,0.5,264
"31233",37,41,"disamb","rp",80,-0.5,"disamb rp",6,0,342,342,-0.5,-0.5,342
"31235",37,37,"disamb","rp",80,-0.5,"disamb rp",6,0,242,242,-0.5,-0.5,242
"31237",37,31,"disamb","rp",80,-0.5,"disamb rp",8,0,506,506,-0.5,0.5,506
"31239",37,27,"disamb","rp",80,-0.5,"disamb rp",8,0,374,374,-0.5,0.5,374
"31241",37,45,"disamb","rp",80,-0.5,"disamb rp",6,0,994,994,-0.5,-0.5,994
"32059",38,34,"disamb","rp",64,0.5,"disamb rp",8,0,278,278,-0.5,0.5,278
"32061",38,28,"disamb","rp",64,0.5,"disamb rp",6,0,265,265,-0.5,-0.5,265
"32063",38,43,"disamb","rp",64,0.5,"disamb rp",5,0,248,248,0.5,-0.5,248
"32065",38,38,"disamb","rp",64,0.5,"disamb rp",8,0,546,546,-0.5,0.5,546
"32067",38,30,"disamb","rp",64,0.5,"disamb rp",8,0,289,289,-0.5,0.5,289
"32069",38,47,"disamb","rp",64,0.5,"disamb rp",5,0,443,443,0.5,-0.5,443
"32071",38,39,"disamb","rp",64,0.5,"disamb rp",5,0,335,335,0.5,-0.5,335
"32073",38,45,"disamb","rp",64,0.5,"disamb rp",7,0,415,415,0.5,0.5,415
"32075",38,32,"disamb","rp",64,0.5,"disamb rp",6,0,339,339,-0.5,-0.5,339
"32077",38,29,"disamb","rp",64,0.5,"disamb rp",7,0,313,313,0.5,0.5,313
"32079",38,35,"disamb","rp",64,0.5,"disamb rp",5,0,266,266,0.5,-0.5,266
"32081",38,41,"disamb","rp",64,0.5,"disamb rp",7,0,461,461,0.5,0.5,461
"32083",38,25,"disamb","rp",64,0.5,"disamb rp",7,0,422,422,0.5,0.5,422
"32085",38,31,"disamb","rp",64,0.5,"disamb rp",5,0,216,216,0.5,-0.5,216
"32087",38,48,"disamb","rp",64,0.5,"disamb rp",6,0,539,539,-0.5,-0.5,539
"32089",38,44,"disamb","rp",64,0.5,"disamb rp",6,0,248,248,-0.5,-0.5,248
"32091",38,37,"disamb","rp",64,0.5,"disamb rp",7,0,254,254,0.5,0.5,254
"32093",38,36,"disamb","rp",64,0.5,"disamb rp",6,0,327,327,-0.5,-0.5,327
"32095",38,42,"disamb","rp",64,0.5,"disamb rp",8,0,431,431,-0.5,0.5,431
"32097",38,26,"disamb","rp",64,0.5,"disamb rp",8,0,211,211,-0.5,0.5,211
"32099",38,40,"disamb","rp",64,0.5,"disamb rp",6,0,2745,2745,-0.5,-0.5,NA
"32101",38,46,"disamb","rp",64,0.5,"disamb rp",8,0,234,234,-0.5,0.5,234
"32103",38,33,"disamb","rp",64,0.5,"disamb rp",7,0,385,385,0.5,0.5,385
"32105",38,27,"disamb","rp",64,0.5,"disamb rp",5,0,628,628,0.5,-0.5,628
"32924",39,41,"disamb","rp",75,-0.5,"disamb rp",8,0,448,448,-0.5,0.5,448
"32926",39,33,"disamb","rp",75,-0.5,"disamb rp",8,1,0,NA,-0.5,0.5,NA
"32928",39,25,"disamb","rp",75,-0.5,"disamb rp",8,0,509,509,-0.5,0.5,509
"32930",39,37,"disamb","rp",75,-0.5,"disamb rp",8,0,1502,1502,-0.5,0.5,1502
"32932",39,27,"disamb","rp",75,-0.5,"disamb rp",6,0,1003,1003,-0.5,-0.5,1003
"32934",39,31,"disamb","rp",75,-0.5,"disamb rp",6,0,82,82,-0.5,-0.5,82
"32936",39,30,"disamb","rp",75,-0.5,"disamb rp",5,0,689,689,0.5,-0.5,689
"32938",39,42,"disamb","rp",75,-0.5,"disamb rp",5,0,539,539,0.5,-0.5,539
"32940",39,40,"disamb","rp",75,-0.5,"disamb rp",7,0,569,569,0.5,0.5,569
"32942",39,39,"disamb","rp",75,-0.5,"disamb rp",6,0,527,527,-0.5,-0.5,527
"32944",39,26,"disamb","rp",75,-0.5,"disamb rp",5,0,590,590,0.5,-0.5,590
"32946",39,43,"disamb","rp",75,-0.5,"disamb rp",6,0,355,355,-0.5,-0.5,355
"32948",39,48,"disamb","rp",75,-0.5,"disamb rp",7,0,1067,1067,0.5,0.5,1067
"32950",39,44,"disamb","rp",75,-0.5,"disamb rp",7,0,970,970,0.5,0.5,970
"32952",39,45,"disamb","rp",75,-0.5,"disamb rp",8,0,813,813,-0.5,0.5,813
"32954",39,46,"disamb","rp",75,-0.5,"disamb rp",5,0,1025,1025,0.5,-0.5,1025
"32956",39,29,"disamb","rp",75,-0.5,"disamb rp",8,0,574,574,-0.5,0.5,574
"32958",39,36,"disamb","rp",75,-0.5,"disamb rp",7,0,335,335,0.5,0.5,335
"32960",39,34,"disamb","rp",75,-0.5,"disamb rp",5,0,829,829,0.5,-0.5,829
"32962",39,28,"disamb","rp",75,-0.5,"disamb rp",7,0,1585,1585,0.5,0.5,1585
"32964",39,35,"disamb","rp",75,-0.5,"disamb rp",6,0,392,392,-0.5,-0.5,392
"32966",39,38,"disamb","rp",75,-0.5,"disamb rp",5,0,345,345,0.5,-0.5,345
"32968",39,32,"disamb","rp",75,-0.5,"disamb rp",7,0,1204,1204,0.5,0.5,1204
"32970",39,47,"disamb","rp",75,-0.5,"disamb rp",6,0,572,572,-0.5,-0.5,572
"33787",40,41,"disamb","rp",83,-0.5,"disamb rp",5,0,206,206,0.5,-0.5,206
"33789",40,42,"disamb","rp",83,-0.5,"disamb rp",6,0,338,338,-0.5,-0.5,338
"33791",40,34,"disamb","rp",83,-0.5,"disamb rp",6,0,375,375,-0.5,-0.5,375
"33793",40,43,"disamb","rp",83,-0.5,"disamb rp",7,0,307,307,0.5,0.5,307
"33795",40,30,"disamb","rp",83,-0.5,"disamb rp",6,0,339,339,-0.5,-0.5,339
"33797",40,29,"disamb","rp",83,-0.5,"disamb rp",5,1,0,NA,0.5,-0.5,NA
"33799",40,37,"disamb","rp",83,-0.5,"disamb rp",5,0,499,499,0.5,-0.5,499
"33801",40,28,"disamb","rp",83,-0.5,"disamb rp",8,0,362,362,-0.5,0.5,362
"33803",40,32,"disamb","rp",83,-0.5,"disamb rp",8,0,290,290,-0.5,0.5,290
"33805",40,40,"disamb","rp",83,-0.5,"disamb rp",8,0,142,142,-0.5,0.5,142
"33807",40,27,"disamb","rp",83,-0.5,"disamb rp",7,0,310,310,0.5,0.5,310
"33809",40,35,"disamb","rp",83,-0.5,"disamb rp",7,0,359,359,0.5,0.5,359
"33811",40,31,"disamb","rp",83,-0.5,"disamb rp",7,0,226,226,0.5,0.5,226
"33813",40,33,"disamb","rp",83,-0.5,"disamb rp",5,0,409,409,0.5,-0.5,409
"33815",40,46,"disamb","rp",83,-0.5,"disamb rp",6,0,297,297,-0.5,-0.5,297
"33817",40,47,"disamb","rp",83,-0.5,"disamb rp",7,0,420,420,0.5,0.5,420
"33819",40,38,"disamb","rp",83,-0.5,"disamb rp",6,0,380,380,-0.5,-0.5,380
"33821",40,39,"disamb","rp",83,-0.5,"disamb rp",7,0,363,363,0.5,0.5,363
"33823",40,25,"disamb","rp",83,-0.5,"disamb rp",5,0,375,375,0.5,-0.5,375
"33825",40,48,"disamb","rp",83,-0.5,"disamb rp",8,1,0,NA,-0.5,0.5,NA
"33827",40,45,"disamb","rp",83,-0.5,"disamb rp",5,0,306,306,0.5,-0.5,306
"33829",40,26,"disamb","rp",83,-0.5,"disamb rp",6,0,255,255,-0.5,-0.5,255
"33831",40,36,"disamb","rp",83,-0.5,"disamb rp",8,0,303,303,-0.5,0.5,303
"33833",40,44,"disamb","rp",83,-0.5,"disamb rp",8,0,297,297,-0.5,0.5,297
