"","subject","item","region","measure","proficiency","sort","condition","skips","rawdata","nozero","ambiguity","gender"
"290",1,18,"disamb","rp",71,"disamb rp",2,0,264,264,0.5,0.5
"292",1,15,"disamb","rp",71,"disamb rp",3,0,329,329,-0.5,-0.5
"294",1,1,"disamb","rp",71,"disamb rp",1,0,181,181,0.5,-0.5
"296",1,6,"disamb","rp",71,"disamb rp",2,0,277,277,0.5,0.5
"298",1,3,"disamb","rp",71,"disamb rp",3,0,562,562,-0.5,-0.5
"300",1,14,"disamb","rp",71,"disamb rp",2,0,1215,1215,0.5,0.5
"302",1,4,"disamb","rp",71,"disamb rp",4,0,206,206,-0.5,0.5
"304",1,17,"disamb","rp",71,"disamb rp",1,1,0,NA,0.5,-0.5
"306",1,5,"disamb","rp",71,"disamb rp",1,1,0,NA,0.5,-0.5
"308",1,13,"disamb","rp",71,"disamb rp",1,0,310,310,0.5,-0.5
"310",1,22,"disamb","rp",71,"disamb rp",2,0,519,519,0.5,0.5
"312",1,8,"disamb","rp",71,"disamb rp",4,0,283,283,-0.5,0.5
"314",1,9,"disamb","rp",71,"disamb rp",1,0,218,218,0.5,-0.5
"316",1,19,"disamb","rp",71,"disamb rp",3,0,203,203,-0.5,-0.5
"318",1,24,"disamb","rp",71,"disamb rp",4,0,199,199,-0.5,0.5
"320",1,12,"disamb","rp",71,"disamb rp",4,0,1277,1277,-0.5,0.5
"322",1,20,"disamb","rp",71,"disamb rp",4,0,223,223,-0.5,0.5
"324",1,10,"disamb","rp",71,"disamb rp",2,1,0,NA,0.5,0.5
"326",1,11,"disamb","rp",71,"disamb rp",3,0,263,263,-0.5,-0.5
"328",1,16,"disamb","rp",71,"disamb rp",4,0,902,902,-0.5,0.5
"330",1,7,"disamb","rp",71,"disamb rp",3,0,444,444,-0.5,-0.5
"332",1,2,"disamb","rp",71,"disamb rp",2,0,315,315,0.5,0.5
"334",1,21,"disamb","rp",71,"disamb rp",1,0,196,196,0.5,-0.5
"336",1,23,"disamb","rp",71,"disamb rp",3,0,441,441,-0.5,-0.5
"1154",2,16,"disamb","rp",71,"disamb rp",1,0,1244,1244,0.5,-0.5
"1156",2,4,"disamb","rp",71,"disamb rp",1,0,1162,1162,0.5,-0.5
"1158",2,2,"disamb","rp",71,"disamb rp",3,0,877,877,-0.5,-0.5
"1160",2,13,"disamb","rp",71,"disamb rp",2,0,1119,1119,0.5,0.5
"1162",2,19,"disamb","rp",71,"disamb rp",4,0,1130,1130,-0.5,0.5
"1164",2,12,"disamb","rp",71,"disamb rp",1,0,232,232,0.5,-0.5
"1166",2,10,"disamb","rp",71,"disamb rp",3,0,747,747,-0.5,-0.5
"1168",2,3,"disamb","rp",71,"disamb rp",4,0,939,939,-0.5,0.5
"1170",2,9,"disamb","rp",71,"disamb rp",2,0,1107,1107,0.5,0.5
"1172",2,21,"disamb","rp",71,"disamb rp",2,0,229,229,0.5,0.5
"1174",2,15,"disamb","rp",71,"disamb rp",4,0,501,501,-0.5,0.5
"1176",2,18,"disamb","rp",71,"disamb rp",3,0,264,264,-0.5,-0.5
"1178",2,6,"disamb","rp",71,"disamb rp",3,0,166,166,-0.5,-0.5
"1180",2,5,"disamb","rp",71,"disamb rp",2,0,154,154,0.5,0.5
"1182",2,14,"disamb","rp",71,"disamb rp",3,0,867,867,-0.5,-0.5
"1184",2,1,"disamb","rp",71,"disamb rp",2,0,467,467,0.5,0.5
"1186",2,20,"disamb","rp",71,"disamb rp",1,1,0,NA,0.5,-0.5
"1188",2,11,"disamb","rp",71,"disamb rp",4,0,210,210,-0.5,0.5
"1190",2,7,"disamb","rp",71,"disamb rp",4,0,464,464,-0.5,0.5
"1192",2,23,"disamb","rp",71,"disamb rp",4,0,523,523,-0.5,0.5
"1194",2,8,"disamb","rp",71,"disamb rp",1,0,362,362,0.5,-0.5
"1196",2,17,"disamb","rp",71,"disamb rp",2,0,565,565,0.5,0.5
"1198",2,24,"disamb","rp",71,"disamb rp",1,0,241,241,0.5,-0.5
"1200",2,22,"disamb","rp",71,"disamb rp",3,0,234,234,-0.5,-0.5
"2018",3,18,"disamb","rp",74,"disamb rp",4,0,288,288,-0.5,0.5
"2020",3,7,"disamb","rp",74,"disamb rp",1,0,266,266,0.5,-0.5
"2022",3,16,"disamb","rp",74,"disamb rp",2,0,695,695,0.5,0.5
"2024",3,5,"disamb","rp",74,"disamb rp",3,0,414,414,-0.5,-0.5
"2026",3,24,"disamb","rp",74,"disamb rp",2,0,355,355,0.5,0.5
"2028",3,4,"disamb","rp",74,"disamb rp",2,0,198,198,0.5,0.5
"2030",3,14,"disamb","rp",74,"disamb rp",4,0,167,167,-0.5,0.5
"2032",3,1,"disamb","rp",74,"disamb rp",3,0,285,285,-0.5,-0.5
"2034",3,9,"disamb","rp",74,"disamb rp",3,0,615,615,-0.5,-0.5
"2036",3,22,"disamb","rp",74,"disamb rp",4,0,220,220,-0.5,0.5
"2038",3,10,"disamb","rp",74,"disamb rp",4,0,205,205,-0.5,0.5
"2040",3,6,"disamb","rp",74,"disamb rp",4,0,238,238,-0.5,0.5
"2042",3,23,"disamb","rp",74,"disamb rp",1,0,279,279,0.5,-0.5
"2044",3,17,"disamb","rp",74,"disamb rp",3,0,286,286,-0.5,-0.5
"2046",3,19,"disamb","rp",74,"disamb rp",1,0,452,452,0.5,-0.5
"2048",3,13,"disamb","rp",74,"disamb rp",3,0,558,558,-0.5,-0.5
"2050",3,20,"disamb","rp",74,"disamb rp",2,0,756,756,0.5,0.5
"2052",3,11,"disamb","rp",74,"disamb rp",1,0,302,302,0.5,-0.5
"2054",3,2,"disamb","rp",74,"disamb rp",4,0,177,177,-0.5,0.5
"2056",3,12,"disamb","rp",74,"disamb rp",2,0,310,310,0.5,0.5
"2058",3,21,"disamb","rp",74,"disamb rp",3,0,397,397,-0.5,-0.5
"2060",3,15,"disamb","rp",74,"disamb rp",1,0,915,915,0.5,-0.5
"2062",3,8,"disamb","rp",74,"disamb rp",2,0,391,391,0.5,0.5
"2064",3,3,"disamb","rp",74,"disamb rp",1,0,697,697,0.5,-0.5
"2858",4,7,"disamb","rp",72,"disamb rp",2,0,720,720,0.5,0.5
"2860",4,8,"disamb","rp",72,"disamb rp",3,0,282,282,-0.5,-0.5
"2862",4,11,"disamb","rp",72,"disamb rp",2,0,520,520,0.5,0.5
"2864",4,22,"disamb","rp",72,"disamb rp",1,0,798,798,0.5,-0.5
"2866",4,1,"disamb","rp",72,"disamb rp",4,0,628,628,-0.5,0.5
"2868",4,20,"disamb","rp",72,"disamb rp",3,0,287,287,-0.5,-0.5
"2870",4,23,"disamb","rp",72,"disamb rp",2,0,282,282,0.5,0.5
"2872",4,3,"disamb","rp",72,"disamb rp",2,0,5626,5626,0.5,0.5
"2875",4,19,"disamb","rp",72,"disamb rp",2,0,262,262,0.5,0.5
"2877",4,13,"disamb","rp",72,"disamb rp",4,0,224,224,-0.5,0.5
"2879",4,9,"disamb","rp",72,"disamb rp",4,0,269,269,-0.5,0.5
"2881",4,2,"disamb","rp",72,"disamb rp",1,0,529,529,0.5,-0.5
"2884",4,4,"disamb","rp",72,"disamb rp",3,0,479,479,-0.5,-0.5
"2886",4,12,"disamb","rp",72,"disamb rp",3,0,488,488,-0.5,-0.5
"2888",4,16,"disamb","rp",72,"disamb rp",3,0,400,400,-0.5,-0.5
"2891",4,18,"disamb","rp",72,"disamb rp",1,0,325,325,0.5,-0.5
"2893",4,24,"disamb","rp",72,"disamb rp",3,0,293,293,-0.5,-0.5
"2895",4,6,"disamb","rp",72,"disamb rp",1,0,369,369,0.5,-0.5
"2897",4,17,"disamb","rp",72,"disamb rp",4,0,263,263,-0.5,0.5
"2900",4,14,"disamb","rp",72,"disamb rp",1,0,613,613,0.5,-0.5
"3673",5,13,"disamb","rp",66,"disamb rp",1,0,288,288,0.5,-0.5
"3675",5,4,"disamb","rp",66,"disamb rp",4,0,325,325,-0.5,0.5
"3677",5,9,"disamb","rp",66,"disamb rp",1,0,289,289,0.5,-0.5
"3679",5,8,"disamb","rp",66,"disamb rp",4,0,505,505,-0.5,0.5
"3681",5,7,"disamb","rp",66,"disamb rp",3,0,481,481,-0.5,-0.5
"3683",5,16,"disamb","rp",66,"disamb rp",4,0,886,886,-0.5,0.5
"3685",5,19,"disamb","rp",66,"disamb rp",3,0,1122,1122,-0.5,-0.5
"3687",5,17,"disamb","rp",66,"disamb rp",1,0,448,448,0.5,-0.5
"3689",5,3,"disamb","rp",66,"disamb rp",3,0,292,292,-0.5,-0.5
"3691",5,14,"disamb","rp",66,"disamb rp",2,0,1818,1818,0.5,0.5
"3693",5,1,"disamb","rp",66,"disamb rp",1,0,522,522,0.5,-0.5
"3695",5,15,"disamb","rp",66,"disamb rp",3,0,279,279,-0.5,-0.5
"3697",5,22,"disamb","rp",66,"disamb rp",2,1,0,NA,0.5,0.5
"3699",5,18,"disamb","rp",66,"disamb rp",2,0,414,414,0.5,0.5
"3701",5,5,"disamb","rp",66,"disamb rp",1,0,320,320,0.5,-0.5
"3703",5,2,"disamb","rp",66,"disamb rp",2,0,402,402,0.5,0.5
"3705",5,23,"disamb","rp",66,"disamb rp",3,0,542,542,-0.5,-0.5
"3707",5,21,"disamb","rp",66,"disamb rp",1,0,1138,1138,0.5,-0.5
"3709",5,20,"disamb","rp",66,"disamb rp",4,0,382,382,-0.5,0.5
"3711",5,10,"disamb","rp",66,"disamb rp",2,0,332,332,0.5,0.5
"3713",5,12,"disamb","rp",66,"disamb rp",4,0,405,405,-0.5,0.5
"3715",5,11,"disamb","rp",66,"disamb rp",3,0,750,750,-0.5,-0.5
"3717",5,24,"disamb","rp",66,"disamb rp",4,0,363,363,-0.5,0.5
"3719",5,6,"disamb","rp",66,"disamb rp",2,0,443,443,0.5,0.5
"4531",6,12,"disamb","rp",89,"disamb rp",1,0,740,740,0.5,-0.5
"4533",6,16,"disamb","rp",89,"disamb rp",1,0,588,588,0.5,-0.5
"4535",6,13,"disamb","rp",89,"disamb rp",2,0,386,386,0.5,0.5
"4537",6,7,"disamb","rp",89,"disamb rp",4,0,884,884,-0.5,0.5
"4539",6,18,"disamb","rp",89,"disamb rp",3,0,284,284,-0.5,-0.5
"4541",6,21,"disamb","rp",89,"disamb rp",2,0,254,254,0.5,0.5
"4543",6,14,"disamb","rp",89,"disamb rp",3,0,684,684,-0.5,-0.5
"4545",6,4,"disamb","rp",89,"disamb rp",1,0,464,464,0.5,-0.5
"4547",6,5,"disamb","rp",89,"disamb rp",2,1,0,NA,0.5,0.5
"4549",6,10,"disamb","rp",89,"disamb rp",3,0,170,170,-0.5,-0.5
"4551",6,3,"disamb","rp",89,"disamb rp",4,1,0,NA,-0.5,0.5
"4553",6,11,"disamb","rp",89,"disamb rp",4,0,204,204,-0.5,0.5
"4555",6,24,"disamb","rp",89,"disamb rp",1,0,230,230,0.5,-0.5
"4557",6,17,"disamb","rp",89,"disamb rp",2,0,710,710,0.5,0.5
"4559",6,2,"disamb","rp",89,"disamb rp",3,0,270,270,-0.5,-0.5
"4561",6,9,"disamb","rp",89,"disamb rp",2,0,268,268,0.5,0.5
"4563",6,15,"disamb","rp",89,"disamb rp",4,0,404,404,-0.5,0.5
"4565",6,19,"disamb","rp",89,"disamb rp",4,0,710,710,-0.5,0.5
"4568",6,1,"disamb","rp",89,"disamb rp",2,0,394,394,0.5,0.5
"4570",6,8,"disamb","rp",89,"disamb rp",1,0,312,312,0.5,-0.5
"4572",6,20,"disamb","rp",89,"disamb rp",1,0,476,476,0.5,-0.5
"4574",6,23,"disamb","rp",89,"disamb rp",4,0,336,336,-0.5,0.5
"4576",6,6,"disamb","rp",89,"disamb rp",3,0,306,306,-0.5,-0.5
"5384",7,20,"disamb","rp",77,"disamb rp",2,0,305,305,0.5,0.5
"5386",7,4,"disamb","rp",77,"disamb rp",2,0,235,235,0.5,0.5
"5388",7,14,"disamb","rp",77,"disamb rp",4,0,242,242,-0.5,0.5
"5390",7,24,"disamb","rp",77,"disamb rp",2,0,145,145,0.5,0.5
"5392",7,8,"disamb","rp",77,"disamb rp",2,0,128,128,0.5,0.5
"5394",7,21,"disamb","rp",77,"disamb rp",3,0,325,325,-0.5,-0.5
"5396",7,18,"disamb","rp",77,"disamb rp",4,0,212,212,-0.5,0.5
"5398",7,5,"disamb","rp",77,"disamb rp",3,0,165,165,-0.5,-0.5
"5400",7,1,"disamb","rp",77,"disamb rp",3,0,313,313,-0.5,-0.5
"5402",7,19,"disamb","rp",77,"disamb rp",1,0,431,431,0.5,-0.5
"5404",7,16,"disamb","rp",77,"disamb rp",2,0,560,560,0.5,0.5
"5406",7,15,"disamb","rp",77,"disamb rp",1,0,300,300,0.5,-0.5
"5408",7,23,"disamb","rp",77,"disamb rp",1,0,185,185,0.5,-0.5
"5410",7,10,"disamb","rp",77,"disamb rp",4,1,0,NA,-0.5,0.5
"5412",7,9,"disamb","rp",77,"disamb rp",3,0,212,212,-0.5,-0.5
"5414",7,6,"disamb","rp",77,"disamb rp",4,0,188,188,-0.5,0.5
"5416",7,2,"disamb","rp",77,"disamb rp",4,0,263,263,-0.5,0.5
"5418",7,7,"disamb","rp",77,"disamb rp",1,0,331,331,0.5,-0.5
"5420",7,13,"disamb","rp",77,"disamb rp",3,0,304,304,-0.5,-0.5
"5422",7,12,"disamb","rp",77,"disamb rp",2,0,176,176,0.5,0.5
"5424",7,11,"disamb","rp",77,"disamb rp",1,0,168,168,0.5,-0.5
"5426",7,3,"disamb","rp",77,"disamb rp",1,0,154,154,0.5,-0.5
"5428",7,17,"disamb","rp",77,"disamb rp",3,1,0,NA,-0.5,-0.5
"5430",7,22,"disamb","rp",77,"disamb rp",4,0,461,461,-0.5,0.5
"6248",8,1,"disamb","rp",70,"disamb rp",4,0,1208,1208,-0.5,0.5
"6250",8,10,"disamb","rp",70,"disamb rp",1,0,312,312,0.5,-0.5
"6252",8,21,"disamb","rp",70,"disamb rp",4,0,814,814,-0.5,0.5
"6254",8,16,"disamb","rp",70,"disamb rp",3,0,364,364,-0.5,-0.5
"6256",8,9,"disamb","rp",70,"disamb rp",4,0,396,396,-0.5,0.5
"6258",8,13,"disamb","rp",70,"disamb rp",4,0,504,504,-0.5,0.5
"6260",8,4,"disamb","rp",70,"disamb rp",3,0,1926,1926,-0.5,-0.5
"6262",8,17,"disamb","rp",70,"disamb rp",4,0,2890,2890,-0.5,0.5
"6264",8,14,"disamb","rp",70,"disamb rp",1,0,308,308,0.5,-0.5
"6266",8,12,"disamb","rp",70,"disamb rp",3,0,346,346,-0.5,-0.5
"6268",8,15,"disamb","rp",70,"disamb rp",2,0,304,304,0.5,0.5
"6270",8,8,"disamb","rp",70,"disamb rp",3,0,572,572,-0.5,-0.5
"6272",8,6,"disamb","rp",70,"disamb rp",1,0,290,290,0.5,-0.5
"6274",8,20,"disamb","rp",70,"disamb rp",3,0,338,338,-0.5,-0.5
"6276",8,2,"disamb","rp",70,"disamb rp",1,0,194,194,0.5,-0.5
"6278",8,11,"disamb","rp",70,"disamb rp",2,0,404,404,0.5,0.5
"6280",8,7,"disamb","rp",70,"disamb rp",2,0,308,308,0.5,0.5
"6282",8,24,"disamb","rp",70,"disamb rp",3,0,174,174,-0.5,-0.5
"6284",8,5,"disamb","rp",70,"disamb rp",4,0,254,254,-0.5,0.5
"6286",8,18,"disamb","rp",70,"disamb rp",1,0,692,692,0.5,-0.5
"6288",8,23,"disamb","rp",70,"disamb rp",2,0,284,284,0.5,0.5
"6290",8,19,"disamb","rp",70,"disamb rp",2,0,262,262,0.5,0.5
"6292",8,22,"disamb","rp",70,"disamb rp",1,0,254,254,0.5,-0.5
"6294",8,3,"disamb","rp",70,"disamb rp",2,0,366,366,0.5,0.5
"7112",9,16,"disamb","rp",70,"disamb rp",4,0,798,798,-0.5,0.5
"7114",9,21,"disamb","rp",70,"disamb rp",1,0,634,634,0.5,-0.5
"7116",9,5,"disamb","rp",70,"disamb rp",1,0,402,402,0.5,-0.5
"7118",9,11,"disamb","rp",70,"disamb rp",3,0,278,278,-0.5,-0.5
"7120",9,14,"disamb","rp",70,"disamb rp",2,0,6262,6262,0.5,0.5
"7122",9,3,"disamb","rp",70,"disamb rp",3,0,278,278,-0.5,-0.5
"7124",9,2,"disamb","rp",70,"disamb rp",2,0,310,310,0.5,0.5
"7126",9,10,"disamb","rp",70,"disamb rp",2,0,240,240,0.5,0.5
"7128",9,24,"disamb","rp",70,"disamb rp",4,0,242,242,-0.5,0.5
"7130",9,7,"disamb","rp",70,"disamb rp",3,0,274,274,-0.5,-0.5
"7132",9,20,"disamb","rp",70,"disamb rp",4,0,250,250,-0.5,0.5
"7134",9,19,"disamb","rp",70,"disamb rp",3,0,2000,2000,-0.5,-0.5
"7136",9,15,"disamb","rp",70,"disamb rp",3,0,298,298,-0.5,-0.5
"7138",9,1,"disamb","rp",70,"disamb rp",1,0,3018,3018,0.5,-0.5
"7140",9,18,"disamb","rp",70,"disamb rp",2,0,1552,1552,0.5,0.5
"7142",9,17,"disamb","rp",70,"disamb rp",1,0,984,984,0.5,-0.5
"7144",9,23,"disamb","rp",70,"disamb rp",3,0,458,458,-0.5,-0.5
"7146",9,9,"disamb","rp",70,"disamb rp",1,0,490,490,0.5,-0.5
"7148",9,13,"disamb","rp",70,"disamb rp",1,0,458,458,0.5,-0.5
"7150",9,4,"disamb","rp",70,"disamb rp",4,0,766,766,-0.5,0.5
"7152",9,22,"disamb","rp",70,"disamb rp",2,0,1100,1100,0.5,0.5
"7154",9,8,"disamb","rp",70,"disamb rp",4,0,372,372,-0.5,0.5
"7156",9,12,"disamb","rp",70,"disamb rp",4,0,192,192,-0.5,0.5
"7158",9,6,"disamb","rp",70,"disamb rp",2,0,248,248,0.5,0.5
"7975",10,23,"disamb","rp",63,"disamb rp",4,0,2400,2400,-0.5,0.5
"7977",10,18,"disamb","rp",63,"disamb rp",3,0,252,252,-0.5,-0.5
"7979",10,19,"disamb","rp",63,"disamb rp",4,0,204,204,-0.5,0.5
"7981",10,16,"disamb","rp",63,"disamb rp",1,0,1862,1862,0.5,-0.5
"7983",10,17,"disamb","rp",63,"disamb rp",2,0,258,258,0.5,0.5
"7985",10,1,"disamb","rp",63,"disamb rp",2,0,4518,4518,0.5,0.5
"7987",10,22,"disamb","rp",63,"disamb rp",3,0,404,404,-0.5,-0.5
"7989",10,20,"disamb","rp",63,"disamb rp",1,0,154,154,0.5,-0.5
"7991",10,14,"disamb","rp",63,"disamb rp",3,0,244,244,-0.5,-0.5
"7993",10,11,"disamb","rp",63,"disamb rp",4,0,340,340,-0.5,0.5
"7995",10,15,"disamb","rp",63,"disamb rp",4,0,430,430,-0.5,0.5
"7997",10,7,"disamb","rp",63,"disamb rp",4,0,640,640,-0.5,0.5
"7999",10,13,"disamb","rp",63,"disamb rp",2,0,392,392,0.5,0.5
"8001",10,24,"disamb","rp",63,"disamb rp",1,0,2706,2706,0.5,-0.5
"8003",10,8,"disamb","rp",63,"disamb rp",1,0,236,236,0.5,-0.5
"8005",10,3,"disamb","rp",63,"disamb rp",4,0,924,924,-0.5,0.5
"8007",10,6,"disamb","rp",63,"disamb rp",3,0,238,238,-0.5,-0.5
"8009",10,4,"disamb","rp",63,"disamb rp",1,0,1156,1156,0.5,-0.5
"8011",10,5,"disamb","rp",63,"disamb rp",2,0,242,242,0.5,0.5
"8013",10,21,"disamb","rp",63,"disamb rp",2,0,136,136,0.5,0.5
"8015",10,9,"disamb","rp",63,"disamb rp",2,0,218,218,0.5,0.5
"8017",10,2,"disamb","rp",63,"disamb rp",3,0,234,234,-0.5,-0.5
"8019",10,12,"disamb","rp",63,"disamb rp",1,0,172,172,0.5,-0.5
"8021",10,10,"disamb","rp",63,"disamb rp",3,0,188,188,-0.5,-0.5
"8839",11,3,"disamb","rp",75,"disamb rp",1,0,170,170,0.5,-0.5
"8841",11,18,"disamb","rp",75,"disamb rp",4,0,432,432,-0.5,0.5
"8843",11,24,"disamb","rp",75,"disamb rp",2,0,318,318,0.5,0.5
"8845",11,15,"disamb","rp",75,"disamb rp",1,0,380,380,0.5,-0.5
"8847",11,9,"disamb","rp",75,"disamb rp",3,0,326,326,-0.5,-0.5
"8849",11,10,"disamb","rp",75,"disamb rp",4,0,574,574,-0.5,0.5
"8851",11,2,"disamb","rp",75,"disamb rp",4,0,372,372,-0.5,0.5
"8853",11,19,"disamb","rp",75,"disamb rp",1,0,1086,1086,0.5,-0.5
"8855",11,12,"disamb","rp",75,"disamb rp",2,0,2080,2080,0.5,0.5
"8857",11,16,"disamb","rp",75,"disamb rp",2,0,630,630,0.5,0.5
"8859",11,22,"disamb","rp",75,"disamb rp",4,0,200,200,-0.5,0.5
"8861",11,21,"disamb","rp",75,"disamb rp",3,0,336,336,-0.5,-0.5
"8863",11,1,"disamb","rp",75,"disamb rp",3,0,362,362,-0.5,-0.5
"8865",11,20,"disamb","rp",75,"disamb rp",2,0,480,480,0.5,0.5
"8867",11,14,"disamb","rp",75,"disamb rp",4,0,460,460,-0.5,0.5
"8869",11,17,"disamb","rp",75,"disamb rp",3,0,244,244,-0.5,-0.5
"8871",11,4,"disamb","rp",75,"disamb rp",2,0,354,354,0.5,0.5
"8873",11,11,"disamb","rp",75,"disamb rp",1,0,660,660,0.5,-0.5
"8875",11,6,"disamb","rp",75,"disamb rp",4,0,302,302,-0.5,0.5
"8877",11,8,"disamb","rp",75,"disamb rp",2,0,354,354,0.5,0.5
"8879",11,23,"disamb","rp",75,"disamb rp",1,0,848,848,0.5,-0.5
"8881",11,5,"disamb","rp",75,"disamb rp",3,0,350,350,-0.5,-0.5
"8883",11,7,"disamb","rp",75,"disamb rp",1,0,2204,2204,0.5,-0.5
"8885",11,13,"disamb","rp",75,"disamb rp",3,0,356,356,-0.5,-0.5
"9703",12,14,"disamb","rp",63,"disamb rp",3,0,277,277,-0.5,-0.5
"9705",12,7,"disamb","rp",63,"disamb rp",4,0,473,473,-0.5,0.5
"9707",12,11,"disamb","rp",63,"disamb rp",4,0,368,368,-0.5,0.5
"9709",12,19,"disamb","rp",63,"disamb rp",4,1,0,NA,-0.5,0.5
"9711",12,24,"disamb","rp",63,"disamb rp",1,0,787,787,0.5,-0.5
"9713",12,18,"disamb","rp",63,"disamb rp",3,0,175,175,-0.5,-0.5
"9715",12,15,"disamb","rp",63,"disamb rp",4,0,229,229,-0.5,0.5
"9717",12,20,"disamb","rp",63,"disamb rp",1,0,150,150,0.5,-0.5
"9719",12,22,"disamb","rp",63,"disamb rp",3,1,0,NA,-0.5,-0.5
"9721",12,23,"disamb","rp",63,"disamb rp",4,0,546,546,-0.5,0.5
"9723",12,2,"disamb","rp",63,"disamb rp",3,0,172,172,-0.5,-0.5
"9725",12,6,"disamb","rp",63,"disamb rp",3,0,266,266,-0.5,-0.5
"9727",12,3,"disamb","rp",63,"disamb rp",4,0,207,207,-0.5,0.5
"9729",12,4,"disamb","rp",63,"disamb rp",1,0,905,905,0.5,-0.5
"9731",12,9,"disamb","rp",63,"disamb rp",2,0,223,223,0.5,0.5
"9733",12,1,"disamb","rp",63,"disamb rp",2,0,483,483,0.5,0.5
"9735",12,13,"disamb","rp",63,"disamb rp",2,0,218,218,0.5,0.5
"9737",12,16,"disamb","rp",63,"disamb rp",1,0,193,193,0.5,-0.5
"9739",12,8,"disamb","rp",63,"disamb rp",1,0,741,741,0.5,-0.5
"9741",12,5,"disamb","rp",63,"disamb rp",2,0,869,869,0.5,0.5
"9743",12,21,"disamb","rp",63,"disamb rp",2,0,429,429,0.5,0.5
"9745",12,10,"disamb","rp",63,"disamb rp",3,0,607,607,-0.5,-0.5
"9747",12,17,"disamb","rp",63,"disamb rp",2,0,1180,1180,0.5,0.5
"9749",12,12,"disamb","rp",63,"disamb rp",1,0,275,275,0.5,-0.5
"10568",13,7,"disamb","rp",70,"disamb rp",2,0,536,536,0.5,0.5
"10570",13,3,"disamb","rp",70,"disamb rp",2,0,544,544,0.5,0.5
"10572",13,20,"disamb","rp",70,"disamb rp",3,0,362,362,-0.5,-0.5
"10574",13,23,"disamb","rp",70,"disamb rp",2,0,900,900,0.5,0.5
"10576",13,2,"disamb","rp",70,"disamb rp",1,0,2214,2214,0.5,-0.5
"10578",13,13,"disamb","rp",70,"disamb rp",4,0,322,322,-0.5,0.5
"10580",13,24,"disamb","rp",70,"disamb rp",3,1,0,NA,-0.5,-0.5
"10582",13,11,"disamb","rp",70,"disamb rp",2,0,346,346,0.5,0.5
"10584",13,14,"disamb","rp",70,"disamb rp",1,0,4004,4004,0.5,-0.5
"10586",13,8,"disamb","rp",70,"disamb rp",3,0,324,324,-0.5,-0.5
"10588",13,15,"disamb","rp",70,"disamb rp",2,0,760,760,0.5,0.5
"10590",13,4,"disamb","rp",70,"disamb rp",3,0,312,312,-0.5,-0.5
"10592",13,1,"disamb","rp",70,"disamb rp",4,0,408,408,-0.5,0.5
"10594",13,12,"disamb","rp",70,"disamb rp",3,0,346,346,-0.5,-0.5
"10596",13,10,"disamb","rp",70,"disamb rp",1,0,310,310,0.5,-0.5
"10598",13,9,"disamb","rp",70,"disamb rp",4,0,496,496,-0.5,0.5
"10600",13,17,"disamb","rp",70,"disamb rp",4,0,306,306,-0.5,0.5
"10602",13,22,"disamb","rp",70,"disamb rp",1,0,396,396,0.5,-0.5
"10604",13,21,"disamb","rp",70,"disamb rp",4,0,534,534,-0.5,0.5
"10606",13,6,"disamb","rp",70,"disamb rp",1,0,3098,3098,0.5,-0.5
"10608",13,5,"disamb","rp",70,"disamb rp",4,0,294,294,-0.5,0.5
"10610",13,19,"disamb","rp",70,"disamb rp",2,0,338,338,0.5,0.5
"10612",13,16,"disamb","rp",70,"disamb rp",3,0,440,440,-0.5,-0.5
"10614",13,18,"disamb","rp",70,"disamb rp",1,0,372,372,0.5,-0.5
"11431",14,12,"disamb","rp",72,"disamb rp",4,0,1272,1272,-0.5,0.5
"11433",14,23,"disamb","rp",72,"disamb rp",3,0,760,760,-0.5,-0.5
"11435",14,22,"disamb","rp",72,"disamb rp",2,0,4120,4120,0.5,0.5
"11437",14,20,"disamb","rp",72,"disamb rp",4,0,4532,4532,-0.5,0.5
"11439",14,10,"disamb","rp",72,"disamb rp",2,0,824,824,0.5,0.5
"11441",14,15,"disamb","rp",72,"disamb rp",3,0,434,434,-0.5,-0.5
"11443",14,6,"disamb","rp",72,"disamb rp",2,0,1524,1524,0.5,0.5
"11445",14,4,"disamb","rp",72,"disamb rp",4,0,392,392,-0.5,0.5
"11447",14,18,"disamb","rp",72,"disamb rp",2,0,1294,1294,0.5,0.5
"11449",14,7,"disamb","rp",72,"disamb rp",3,0,1180,1180,-0.5,-0.5
"11451",14,24,"disamb","rp",72,"disamb rp",4,0,216,216,-0.5,0.5
"11453",14,16,"disamb","rp",72,"disamb rp",4,0,246,246,-0.5,0.5
"11455",14,3,"disamb","rp",72,"disamb rp",3,0,244,244,-0.5,-0.5
"11457",14,2,"disamb","rp",72,"disamb rp",2,0,1426,1426,0.5,0.5
"11459",14,21,"disamb","rp",72,"disamb rp",1,0,220,220,0.5,-0.5
"11461",14,13,"disamb","rp",72,"disamb rp",1,0,1064,1064,0.5,-0.5
"11463",14,9,"disamb","rp",72,"disamb rp",1,0,252,252,0.5,-0.5
"11465",14,17,"disamb","rp",72,"disamb rp",1,1,0,NA,0.5,-0.5
"11467",14,19,"disamb","rp",72,"disamb rp",3,0,298,298,-0.5,-0.5
"11469",14,11,"disamb","rp",72,"disamb rp",3,0,254,254,-0.5,-0.5
"11471",14,1,"disamb","rp",72,"disamb rp",1,0,252,252,0.5,-0.5
"11473",14,5,"disamb","rp",72,"disamb rp",1,0,194,194,0.5,-0.5
"11475",14,14,"disamb","rp",72,"disamb rp",2,0,238,238,0.5,0.5
"11477",14,8,"disamb","rp",72,"disamb rp",4,0,240,240,-0.5,0.5
"12271",15,7,"disamb","rp",73,"disamb rp",4,0,234,234,-0.5,0.5
"12273",15,16,"disamb","rp",73,"disamb rp",1,0,268,268,0.5,-0.5
"12275",15,14,"disamb","rp",73,"disamb rp",3,0,892,892,-0.5,-0.5
"12277",15,3,"disamb","rp",73,"disamb rp",4,0,312,312,-0.5,0.5
"12279",15,19,"disamb","rp",73,"disamb rp",4,0,1226,1226,-0.5,0.5
"12282",15,11,"disamb","rp",73,"disamb rp",4,0,296,296,-0.5,0.5
"12284",15,20,"disamb","rp",73,"disamb rp",1,0,282,282,0.5,-0.5
"12286",15,8,"disamb","rp",73,"disamb rp",1,0,348,348,0.5,-0.5
"12288",15,17,"disamb","rp",73,"disamb rp",2,0,1270,1270,0.5,0.5
"12290",15,13,"disamb","rp",73,"disamb rp",2,0,294,294,0.5,0.5
"12292",15,22,"disamb","rp",73,"disamb rp",3,0,376,376,-0.5,-0.5
"12294",15,18,"disamb","rp",73,"disamb rp",3,0,328,328,-0.5,-0.5
"12296",15,6,"disamb","rp",73,"disamb rp",3,0,328,328,-0.5,-0.5
"12298",15,4,"disamb","rp",73,"disamb rp",1,0,676,676,0.5,-0.5
"12301",15,12,"disamb","rp",73,"disamb rp",1,0,232,232,0.5,-0.5
"12304",15,1,"disamb","rp",73,"disamb rp",2,0,254,254,0.5,0.5
"12306",15,23,"disamb","rp",73,"disamb rp",4,0,288,288,-0.5,0.5
"12308",15,2,"disamb","rp",73,"disamb rp",3,0,292,292,-0.5,-0.5
"12310",15,24,"disamb","rp",73,"disamb rp",1,0,788,788,0.5,-0.5
"12313",15,9,"disamb","rp",73,"disamb rp",2,0,382,382,0.5,0.5
"13087",16,12,"disamb","rp",69,"disamb rp",2,0,212,212,0.5,0.5
"13089",16,11,"disamb","rp",69,"disamb rp",1,0,100,100,0.5,-0.5
"13091",16,9,"disamb","rp",69,"disamb rp",3,0,198,198,-0.5,-0.5
"13093",16,14,"disamb","rp",69,"disamb rp",4,0,192,192,-0.5,0.5
"13095",16,20,"disamb","rp",69,"disamb rp",2,0,218,218,0.5,0.5
"13097",16,7,"disamb","rp",69,"disamb rp",1,0,180,180,0.5,-0.5
"13099",16,6,"disamb","rp",69,"disamb rp",4,0,194,194,-0.5,0.5
"13101",16,18,"disamb","rp",69,"disamb rp",4,0,160,160,-0.5,0.5
"13103",16,24,"disamb","rp",69,"disamb rp",2,0,262,262,0.5,0.5
"13105",16,13,"disamb","rp",69,"disamb rp",3,0,240,240,-0.5,-0.5
"13107",16,3,"disamb","rp",69,"disamb rp",1,0,200,200,0.5,-0.5
"13109",16,4,"disamb","rp",69,"disamb rp",2,0,216,216,0.5,0.5
"13111",16,19,"disamb","rp",69,"disamb rp",1,0,220,220,0.5,-0.5
"13113",16,21,"disamb","rp",69,"disamb rp",3,0,712,712,-0.5,-0.5
"13115",16,5,"disamb","rp",69,"disamb rp",3,0,186,186,-0.5,-0.5
"13117",16,15,"disamb","rp",69,"disamb rp",1,0,200,200,0.5,-0.5
"13119",16,22,"disamb","rp",69,"disamb rp",4,0,256,256,-0.5,0.5
"13121",16,17,"disamb","rp",69,"disamb rp",3,0,118,118,-0.5,-0.5
"13123",16,16,"disamb","rp",69,"disamb rp",2,0,294,294,0.5,0.5
"13125",16,8,"disamb","rp",69,"disamb rp",2,0,238,238,0.5,0.5
"13127",16,23,"disamb","rp",69,"disamb rp",1,0,212,212,0.5,-0.5
"13129",16,2,"disamb","rp",69,"disamb rp",4,0,216,216,-0.5,0.5
"13131",16,1,"disamb","rp",69,"disamb rp",3,0,260,260,-0.5,-0.5
"13133",16,10,"disamb","rp",69,"disamb rp",4,0,554,554,-0.5,0.5
"13951",17,8,"disamb","rp",82,"disamb rp",3,0,202,202,-0.5,-0.5
"13953",17,16,"disamb","rp",82,"disamb rp",3,0,456,456,-0.5,-0.5
"13955",17,15,"disamb","rp",82,"disamb rp",2,0,602,602,0.5,0.5
"13957",17,11,"disamb","rp",82,"disamb rp",2,0,576,576,0.5,0.5
"13959",17,1,"disamb","rp",82,"disamb rp",4,0,436,436,-0.5,0.5
"13961",17,9,"disamb","rp",82,"disamb rp",4,0,736,736,-0.5,0.5
"13963",17,2,"disamb","rp",82,"disamb rp",1,0,386,386,0.5,-0.5
"13965",17,20,"disamb","rp",82,"disamb rp",3,0,332,332,-0.5,-0.5
"13967",17,24,"disamb","rp",82,"disamb rp",3,0,282,282,-0.5,-0.5
"13969",17,18,"disamb","rp",82,"disamb rp",1,0,2106,2106,0.5,-0.5
"13971",17,6,"disamb","rp",82,"disamb rp",1,0,1048,1048,0.5,-0.5
"13973",17,14,"disamb","rp",82,"disamb rp",1,0,3854,3854,0.5,-0.5
"13975",17,5,"disamb","rp",82,"disamb rp",4,0,652,652,-0.5,0.5
"13977",17,13,"disamb","rp",82,"disamb rp",4,0,514,514,-0.5,0.5
"13979",17,17,"disamb","rp",82,"disamb rp",4,0,350,350,-0.5,0.5
"13981",17,3,"disamb","rp",82,"disamb rp",2,1,0,NA,0.5,0.5
"13983",17,4,"disamb","rp",82,"disamb rp",3,0,566,566,-0.5,-0.5
"13985",17,12,"disamb","rp",82,"disamb rp",3,0,292,292,-0.5,-0.5
"13987",17,19,"disamb","rp",82,"disamb rp",2,0,244,244,0.5,0.5
"13989",17,22,"disamb","rp",82,"disamb rp",1,0,772,772,0.5,-0.5
"13991",17,23,"disamb","rp",82,"disamb rp",2,0,414,414,0.5,0.5
"13993",17,10,"disamb","rp",82,"disamb rp",1,0,894,894,0.5,-0.5
"13995",17,21,"disamb","rp",82,"disamb rp",4,0,246,246,-0.5,0.5
"13997",17,7,"disamb","rp",82,"disamb rp",2,0,314,314,0.5,0.5
"14815",18,17,"disamb","rp",89,"disamb rp",1,0,206,206,0.5,-0.5
"14817",18,5,"disamb","rp",89,"disamb rp",1,1,0,NA,0.5,-0.5
"14819",18,12,"disamb","rp",89,"disamb rp",4,1,0,NA,-0.5,0.5
"14821",18,24,"disamb","rp",89,"disamb rp",4,1,0,NA,-0.5,0.5
"14823",18,23,"disamb","rp",89,"disamb rp",3,0,562,562,-0.5,-0.5
"14825",18,16,"disamb","rp",89,"disamb rp",4,0,270,270,-0.5,0.5
"14827",18,8,"disamb","rp",89,"disamb rp",4,0,242,242,-0.5,0.5
"14829",18,1,"disamb","rp",89,"disamb rp",1,0,422,422,0.5,-0.5
"14831",18,15,"disamb","rp",89,"disamb rp",3,1,0,NA,-0.5,-0.5
"14833",18,14,"disamb","rp",89,"disamb rp",2,1,0,NA,0.5,0.5
"14835",18,3,"disamb","rp",89,"disamb rp",3,0,714,714,-0.5,-0.5
"14837",18,18,"disamb","rp",89,"disamb rp",2,0,244,244,0.5,0.5
"14839",18,21,"disamb","rp",89,"disamb rp",1,0,592,592,0.5,-0.5
"14841",18,2,"disamb","rp",89,"disamb rp",2,0,246,246,0.5,0.5
"14843",18,13,"disamb","rp",89,"disamb rp",1,0,854,854,0.5,-0.5
"14845",18,20,"disamb","rp",89,"disamb rp",4,0,430,430,-0.5,0.5
"14847",18,4,"disamb","rp",89,"disamb rp",4,1,0,NA,-0.5,0.5
"14849",18,7,"disamb","rp",89,"disamb rp",3,0,498,498,-0.5,-0.5
"14851",18,6,"disamb","rp",89,"disamb rp",2,0,270,270,0.5,0.5
"14853",18,10,"disamb","rp",89,"disamb rp",2,0,264,264,0.5,0.5
"14855",18,22,"disamb","rp",89,"disamb rp",2,0,256,256,0.5,0.5
"14857",18,9,"disamb","rp",89,"disamb rp",1,0,208,208,0.5,-0.5
"14859",18,19,"disamb","rp",89,"disamb rp",3,0,238,238,-0.5,-0.5
"14861",18,11,"disamb","rp",89,"disamb rp",3,0,570,570,-0.5,-0.5
"15680",19,8,"disamb","rp",53,"disamb rp",1,0,638,638,0.5,-0.5
"15682",19,7,"disamb","rp",53,"disamb rp",4,0,208,208,-0.5,0.5
"15684",19,11,"disamb","rp",53,"disamb rp",4,0,168,168,-0.5,0.5
"15686",19,20,"disamb","rp",53,"disamb rp",1,0,516,516,0.5,-0.5
"15688",19,21,"disamb","rp",53,"disamb rp",2,0,686,686,0.5,0.5
"15690",19,19,"disamb","rp",53,"disamb rp",4,0,180,180,-0.5,0.5
"15692",19,5,"disamb","rp",53,"disamb rp",2,0,1050,1050,0.5,0.5
"15694",19,12,"disamb","rp",53,"disamb rp",1,1,0,NA,0.5,-0.5
"15696",19,2,"disamb","rp",53,"disamb rp",3,0,164,164,-0.5,-0.5
"15698",19,13,"disamb","rp",53,"disamb rp",2,0,302,302,0.5,0.5
"15700",19,17,"disamb","rp",53,"disamb rp",2,0,322,322,0.5,0.5
"15702",19,6,"disamb","rp",53,"disamb rp",3,0,326,326,-0.5,-0.5
"15704",19,18,"disamb","rp",53,"disamb rp",3,0,308,308,-0.5,-0.5
"15706",19,3,"disamb","rp",53,"disamb rp",4,1,0,NA,-0.5,0.5
"15708",19,24,"disamb","rp",53,"disamb rp",1,1,0,NA,0.5,-0.5
"15710",19,1,"disamb","rp",53,"disamb rp",2,0,274,274,0.5,0.5
"15712",19,9,"disamb","rp",53,"disamb rp",2,0,522,522,0.5,0.5
"15714",19,10,"disamb","rp",53,"disamb rp",3,0,212,212,-0.5,-0.5
"15716",19,23,"disamb","rp",53,"disamb rp",4,0,266,266,-0.5,0.5
"15718",19,4,"disamb","rp",53,"disamb rp",1,0,124,124,0.5,-0.5
"15720",19,14,"disamb","rp",53,"disamb rp",3,0,276,276,-0.5,-0.5
"15722",19,22,"disamb","rp",53,"disamb rp",3,0,234,234,-0.5,-0.5
"15724",19,16,"disamb","rp",53,"disamb rp",1,0,194,194,0.5,-0.5
"15726",19,15,"disamb","rp",53,"disamb rp",4,0,184,184,-0.5,0.5
"16544",20,6,"disamb","rp",81,"disamb rp",4,0,268,268,-0.5,0.5
"16546",20,12,"disamb","rp",81,"disamb rp",2,1,0,NA,0.5,0.5
"16548",20,4,"disamb","rp",81,"disamb rp",2,0,378,378,0.5,0.5
"16550",20,19,"disamb","rp",81,"disamb rp",1,0,932,932,0.5,-0.5
"16552",20,7,"disamb","rp",81,"disamb rp",1,0,590,590,0.5,-0.5
"16554",20,22,"disamb","rp",81,"disamb rp",4,1,0,NA,-0.5,0.5
"16556",20,14,"disamb","rp",81,"disamb rp",4,0,188,188,-0.5,0.5
"16558",20,2,"disamb","rp",81,"disamb rp",4,0,194,194,-0.5,0.5
"16560",20,8,"disamb","rp",81,"disamb rp",2,0,206,206,0.5,0.5
"16562",20,10,"disamb","rp",81,"disamb rp",4,0,180,180,-0.5,0.5
"16564",20,23,"disamb","rp",81,"disamb rp",1,0,232,232,0.5,-0.5
"16566",20,13,"disamb","rp",81,"disamb rp",3,0,204,204,-0.5,-0.5
"16568",20,3,"disamb","rp",81,"disamb rp",1,0,718,718,0.5,-0.5
"16570",20,5,"disamb","rp",81,"disamb rp",3,1,0,NA,-0.5,-0.5
"16572",20,21,"disamb","rp",81,"disamb rp",3,0,378,378,-0.5,-0.5
"16574",20,18,"disamb","rp",81,"disamb rp",4,0,182,182,-0.5,0.5
"16576",20,9,"disamb","rp",81,"disamb rp",3,0,208,208,-0.5,-0.5
"16578",20,17,"disamb","rp",81,"disamb rp",3,0,346,346,-0.5,-0.5
"16580",20,11,"disamb","rp",81,"disamb rp",1,0,334,334,0.5,-0.5
"16582",20,1,"disamb","rp",81,"disamb rp",3,0,528,528,-0.5,-0.5
"16584",20,24,"disamb","rp",81,"disamb rp",2,0,212,212,0.5,0.5
"16586",20,16,"disamb","rp",81,"disamb rp",2,0,1588,1588,0.5,0.5
"16588",20,15,"disamb","rp",81,"disamb rp",1,0,444,444,0.5,-0.5
"16590",20,20,"disamb","rp",81,"disamb rp",2,0,216,216,0.5,0.5
"17408",21,4,"disamb","rp",86,"disamb rp",3,0,1866,1866,-0.5,-0.5
"17410",21,23,"disamb","rp",86,"disamb rp",2,0,596,596,0.5,0.5
"17412",21,22,"disamb","rp",86,"disamb rp",1,0,196,196,0.5,-0.5
"17414",21,2,"disamb","rp",86,"disamb rp",1,0,1620,1620,0.5,-0.5
"17416",21,10,"disamb","rp",86,"disamb rp",1,0,292,292,0.5,-0.5
"17418",21,12,"disamb","rp",86,"disamb rp",3,0,272,272,-0.5,-0.5
"17420",21,18,"disamb","rp",86,"disamb rp",1,0,486,486,0.5,-0.5
"17422",21,21,"disamb","rp",86,"disamb rp",4,0,566,566,-0.5,0.5
"17424",21,7,"disamb","rp",86,"disamb rp",2,0,286,286,0.5,0.5
"17426",21,14,"disamb","rp",86,"disamb rp",1,0,618,618,0.5,-0.5
"17428",21,15,"disamb","rp",86,"disamb rp",2,0,330,330,0.5,0.5
"17430",21,17,"disamb","rp",86,"disamb rp",4,0,362,362,-0.5,0.5
"17432",21,16,"disamb","rp",86,"disamb rp",3,0,288,288,-0.5,-0.5
"17434",21,20,"disamb","rp",86,"disamb rp",3,0,538,538,-0.5,-0.5
"17436",21,6,"disamb","rp",86,"disamb rp",1,0,926,926,0.5,-0.5
"17438",21,3,"disamb","rp",86,"disamb rp",2,0,332,332,0.5,0.5
"17440",21,9,"disamb","rp",86,"disamb rp",4,0,314,314,-0.5,0.5
"17442",21,19,"disamb","rp",86,"disamb rp",2,0,1734,1734,0.5,0.5
"17444",21,8,"disamb","rp",86,"disamb rp",3,0,836,836,-0.5,-0.5
"17446",21,5,"disamb","rp",86,"disamb rp",4,0,522,522,-0.5,0.5
"17448",21,24,"disamb","rp",86,"disamb rp",3,1,0,NA,-0.5,-0.5
"17450",21,1,"disamb","rp",86,"disamb rp",4,0,290,290,-0.5,0.5
"17452",21,11,"disamb","rp",86,"disamb rp",2,0,3130,3130,0.5,0.5
"17454",21,13,"disamb","rp",86,"disamb rp",4,0,874,874,-0.5,0.5
"18271",22,4,"disamb","rp",53,"disamb rp",4,0,458,458,-0.5,0.5
"18273",22,2,"disamb","rp",53,"disamb rp",2,0,480,480,0.5,0.5
"18275",22,16,"disamb","rp",53,"disamb rp",4,0,324,324,-0.5,0.5
"18277",22,7,"disamb","rp",53,"disamb rp",3,0,290,290,-0.5,-0.5
"18279",22,12,"disamb","rp",53,"disamb rp",4,0,294,294,-0.5,0.5
"18281",22,20,"disamb","rp",53,"disamb rp",4,0,330,330,-0.5,0.5
"18283",22,24,"disamb","rp",53,"disamb rp",4,0,372,372,-0.5,0.5
"18285",22,15,"disamb","rp",53,"disamb rp",3,0,294,294,-0.5,-0.5
"18287",22,22,"disamb","rp",53,"disamb rp",2,0,292,292,0.5,0.5
"18289",22,11,"disamb","rp",53,"disamb rp",3,0,320,320,-0.5,-0.5
"18291",22,19,"disamb","rp",53,"disamb rp",3,0,646,646,-0.5,-0.5
"18293",22,21,"disamb","rp",53,"disamb rp",1,0,312,312,0.5,-0.5
"18295",22,8,"disamb","rp",53,"disamb rp",4,0,466,466,-0.5,0.5
"18297",22,23,"disamb","rp",53,"disamb rp",3,0,602,602,-0.5,-0.5
"18299",22,14,"disamb","rp",53,"disamb rp",2,0,342,342,0.5,0.5
"18301",22,9,"disamb","rp",53,"disamb rp",1,0,302,302,0.5,-0.5
"18303",22,1,"disamb","rp",53,"disamb rp",1,0,776,776,0.5,-0.5
"18305",22,3,"disamb","rp",53,"disamb rp",3,0,638,638,-0.5,-0.5
"18307",22,5,"disamb","rp",53,"disamb rp",1,0,242,242,0.5,-0.5
"18309",22,13,"disamb","rp",53,"disamb rp",1,0,530,530,0.5,-0.5
"18311",22,6,"disamb","rp",53,"disamb rp",2,0,428,428,0.5,0.5
"18313",22,18,"disamb","rp",53,"disamb rp",2,0,256,256,0.5,0.5
"18315",22,10,"disamb","rp",53,"disamb rp",2,0,268,268,0.5,0.5
"18317",22,17,"disamb","rp",53,"disamb rp",1,0,294,294,0.5,-0.5
"19135",23,20,"disamb","rp",79,"disamb rp",2,0,902,902,0.5,0.5
"19137",23,23,"disamb","rp",79,"disamb rp",1,0,762,762,0.5,-0.5
"19139",23,16,"disamb","rp",79,"disamb rp",2,0,3153,3153,0.5,0.5
"19141",23,8,"disamb","rp",79,"disamb rp",2,0,4424,4424,0.5,0.5
"19143",23,5,"disamb","rp",79,"disamb rp",3,0,509,509,-0.5,-0.5
"19145",23,7,"disamb","rp",79,"disamb rp",1,0,223,223,0.5,-0.5
"19147",23,2,"disamb","rp",79,"disamb rp",4,0,151,151,-0.5,0.5
"19149",23,21,"disamb","rp",79,"disamb rp",3,0,209,209,-0.5,-0.5
"19151",23,6,"disamb","rp",79,"disamb rp",4,0,273,273,-0.5,0.5
"19153",23,17,"disamb","rp",79,"disamb rp",3,0,381,381,-0.5,-0.5
"19155",23,12,"disamb","rp",79,"disamb rp",2,0,158,158,0.5,0.5
"19157",23,13,"disamb","rp",79,"disamb rp",3,0,252,252,-0.5,-0.5
"19159",23,24,"disamb","rp",79,"disamb rp",2,1,0,NA,0.5,0.5
"19161",23,11,"disamb","rp",79,"disamb rp",1,0,292,292,0.5,-0.5
"19163",23,4,"disamb","rp",79,"disamb rp",2,0,495,495,0.5,0.5
"19165",23,22,"disamb","rp",79,"disamb rp",4,0,263,263,-0.5,0.5
"19167",23,14,"disamb","rp",79,"disamb rp",4,0,303,303,-0.5,0.5
"19169",23,3,"disamb","rp",79,"disamb rp",1,1,0,NA,0.5,-0.5
"19171",23,9,"disamb","rp",79,"disamb rp",3,0,224,224,-0.5,-0.5
"19173",23,15,"disamb","rp",79,"disamb rp",1,0,1092,1092,0.5,-0.5
"19175",23,1,"disamb","rp",79,"disamb rp",3,0,881,881,-0.5,-0.5
"19177",23,10,"disamb","rp",79,"disamb rp",4,0,226,226,-0.5,0.5
"19179",23,18,"disamb","rp",79,"disamb rp",4,0,184,184,-0.5,0.5
"19181",23,19,"disamb","rp",79,"disamb rp",1,0,315,315,0.5,-0.5
"19993",24,11,"disamb","rp",86,"disamb rp",4,0,420,420,-0.5,0.5
"19996",24,13,"disamb","rp",86,"disamb rp",2,0,280,280,0.5,0.5
"19998",24,4,"disamb","rp",86,"disamb rp",1,0,712,712,0.5,-0.5
"20000",24,12,"disamb","rp",86,"disamb rp",1,0,352,352,0.5,-0.5
"20002",24,16,"disamb","rp",86,"disamb rp",1,0,574,574,0.5,-0.5
"20004",24,1,"disamb","rp",86,"disamb rp",2,0,288,288,0.5,0.5
"20006",24,2,"disamb","rp",86,"disamb rp",3,0,338,338,-0.5,-0.5
"20008",24,18,"disamb","rp",86,"disamb rp",3,0,310,310,-0.5,-0.5
"20010",24,6,"disamb","rp",86,"disamb rp",3,0,648,648,-0.5,-0.5
"20012",24,14,"disamb","rp",86,"disamb rp",3,0,334,334,-0.5,-0.5
"20014",24,23,"disamb","rp",86,"disamb rp",4,0,420,420,-0.5,0.5
"20016",24,8,"disamb","rp",86,"disamb rp",1,0,1658,1658,0.5,-0.5
"20018",24,10,"disamb","rp",86,"disamb rp",3,0,268,268,-0.5,-0.5
"20020",24,7,"disamb","rp",86,"disamb rp",4,0,304,304,-0.5,0.5
"20022",24,20,"disamb","rp",86,"disamb rp",1,0,624,624,0.5,-0.5
"20024",24,5,"disamb","rp",86,"disamb rp",2,0,528,528,0.5,0.5
"20026",24,17,"disamb","rp",86,"disamb rp",2,0,348,348,0.5,0.5
"20028",24,24,"disamb","rp",86,"disamb rp",1,0,288,288,0.5,-0.5
"20030",24,9,"disamb","rp",86,"disamb rp",2,0,352,352,0.5,0.5
"20032",24,19,"disamb","rp",86,"disamb rp",4,0,296,296,-0.5,0.5
"20034",24,3,"disamb","rp",86,"disamb rp",4,0,350,350,-0.5,0.5
"20036",24,22,"disamb","rp",86,"disamb rp",3,0,798,798,-0.5,-0.5
"20038",24,15,"disamb","rp",86,"disamb rp",4,0,742,742,-0.5,0.5
"20846",25,2,"disamb","rp",52,"disamb rp",4,0,132,132,-0.5,0.5
"20848",25,5,"disamb","rp",52,"disamb rp",3,0,162,162,-0.5,-0.5
"20850",25,17,"disamb","rp",52,"disamb rp",3,0,214,214,-0.5,-0.5
"20852",25,10,"disamb","rp",52,"disamb rp",4,0,186,186,-0.5,0.5
"20854",25,23,"disamb","rp",52,"disamb rp",1,0,278,278,0.5,-0.5
"20856",25,18,"disamb","rp",52,"disamb rp",4,0,172,172,-0.5,0.5
"20858",25,14,"disamb","rp",52,"disamb rp",4,0,186,186,-0.5,0.5
"20860",25,6,"disamb","rp",52,"disamb rp",4,0,162,162,-0.5,0.5
"20862",25,16,"disamb","rp",52,"disamb rp",2,0,184,184,0.5,0.5
"20864",25,20,"disamb","rp",52,"disamb rp",2,0,214,214,0.5,0.5
"20866",25,24,"disamb","rp",52,"disamb rp",2,0,188,188,0.5,0.5
"20868",25,22,"disamb","rp",52,"disamb rp",4,0,144,144,-0.5,0.5
"20870",25,9,"disamb","rp",52,"disamb rp",3,0,412,412,-0.5,-0.5
"20872",25,7,"disamb","rp",52,"disamb rp",1,0,148,148,0.5,-0.5
"20874",25,15,"disamb","rp",52,"disamb rp",1,0,188,188,0.5,-0.5
"20876",25,12,"disamb","rp",52,"disamb rp",2,0,222,222,0.5,0.5
"20878",25,3,"disamb","rp",52,"disamb rp",1,0,156,156,0.5,-0.5
"20880",25,4,"disamb","rp",52,"disamb rp",2,0,454,454,0.5,0.5
"20882",25,19,"disamb","rp",52,"disamb rp",1,0,184,184,0.5,-0.5
"20884",25,21,"disamb","rp",52,"disamb rp",3,0,422,422,-0.5,-0.5
"20886",25,11,"disamb","rp",52,"disamb rp",1,0,190,190,0.5,-0.5
"20888",25,1,"disamb","rp",52,"disamb rp",3,0,330,330,-0.5,-0.5
"20890",25,13,"disamb","rp",52,"disamb rp",3,0,388,388,-0.5,-0.5
"20892",25,8,"disamb","rp",52,"disamb rp",2,0,198,198,0.5,0.5
"21710",26,14,"disamb","rp",83,"disamb rp",1,0,322,322,0.5,-0.5
"21712",26,17,"disamb","rp",83,"disamb rp",4,0,854,854,-0.5,0.5
"21714",26,20,"disamb","rp",83,"disamb rp",3,0,274,274,-0.5,-0.5
"21716",26,6,"disamb","rp",83,"disamb rp",1,0,484,484,0.5,-0.5
"21718",26,15,"disamb","rp",83,"disamb rp",2,0,378,378,0.5,0.5
"21720",26,23,"disamb","rp",83,"disamb rp",2,0,276,276,0.5,0.5
"21722",26,16,"disamb","rp",83,"disamb rp",3,0,272,272,-0.5,-0.5
"21724",26,21,"disamb","rp",83,"disamb rp",4,0,326,326,-0.5,0.5
"21726",26,24,"disamb","rp",83,"disamb rp",3,0,530,530,-0.5,-0.5
"21728",26,12,"disamb","rp",83,"disamb rp",3,0,232,232,-0.5,-0.5
"21730",26,4,"disamb","rp",83,"disamb rp",3,0,332,332,-0.5,-0.5
"21732",26,18,"disamb","rp",83,"disamb rp",1,0,300,300,0.5,-0.5
"21734",26,11,"disamb","rp",83,"disamb rp",2,0,324,324,0.5,0.5
"21736",26,7,"disamb","rp",83,"disamb rp",2,0,592,592,0.5,0.5
"21738",26,1,"disamb","rp",83,"disamb rp",4,0,296,296,-0.5,0.5
"21740",26,9,"disamb","rp",83,"disamb rp",4,0,496,496,-0.5,0.5
"21742",26,3,"disamb","rp",83,"disamb rp",2,0,290,290,0.5,0.5
"21744",26,19,"disamb","rp",83,"disamb rp",2,0,284,284,0.5,0.5
"21746",26,2,"disamb","rp",83,"disamb rp",1,0,326,326,0.5,-0.5
"21748",26,8,"disamb","rp",83,"disamb rp",3,0,282,282,-0.5,-0.5
"21750",26,5,"disamb","rp",83,"disamb rp",4,0,554,554,-0.5,0.5
"21752",26,22,"disamb","rp",83,"disamb rp",1,0,312,312,0.5,-0.5
"21754",26,10,"disamb","rp",83,"disamb rp",1,0,424,424,0.5,-0.5
"21756",26,13,"disamb","rp",83,"disamb rp",4,0,518,518,-0.5,0.5
"22574",27,1,"disamb","rp",85,"disamb rp",1,0,354,354,0.5,-0.5
"22576",27,22,"disamb","rp",85,"disamb rp",2,0,452,452,0.5,0.5
"22578",27,6,"disamb","rp",85,"disamb rp",2,0,392,392,0.5,0.5
"22580",27,2,"disamb","rp",85,"disamb rp",2,0,700,700,0.5,0.5
"22582",27,7,"disamb","rp",85,"disamb rp",3,0,264,264,-0.5,-0.5
"22584",27,19,"disamb","rp",85,"disamb rp",3,0,216,216,-0.5,-0.5
"22586",27,10,"disamb","rp",85,"disamb rp",2,0,580,580,0.5,0.5
"22588",27,24,"disamb","rp",85,"disamb rp",4,0,214,214,-0.5,0.5
"22590",27,17,"disamb","rp",85,"disamb rp",1,0,174,174,0.5,-0.5
"22592",27,3,"disamb","rp",85,"disamb rp",3,1,0,NA,-0.5,-0.5
"22594",27,13,"disamb","rp",85,"disamb rp",1,0,256,256,0.5,-0.5
"22596",27,8,"disamb","rp",85,"disamb rp",4,0,304,304,-0.5,0.5
"22598",27,21,"disamb","rp",85,"disamb rp",1,0,2538,2538,0.5,-0.5
"22600",27,4,"disamb","rp",85,"disamb rp",4,0,266,266,-0.5,0.5
"22602",27,9,"disamb","rp",85,"disamb rp",1,0,1676,1676,0.5,-0.5
"22604",27,12,"disamb","rp",85,"disamb rp",4,0,238,238,-0.5,0.5
"22606",27,16,"disamb","rp",85,"disamb rp",4,1,0,NA,-0.5,0.5
"22608",27,20,"disamb","rp",85,"disamb rp",4,0,204,204,-0.5,0.5
"22610",27,15,"disamb","rp",85,"disamb rp",3,0,310,310,-0.5,-0.5
"22612",27,23,"disamb","rp",85,"disamb rp",3,0,322,322,-0.5,-0.5
"22614",27,14,"disamb","rp",85,"disamb rp",2,0,216,216,0.5,0.5
"22616",27,11,"disamb","rp",85,"disamb rp",3,0,794,794,-0.5,-0.5
"22618",27,5,"disamb","rp",85,"disamb rp",1,0,508,508,0.5,-0.5
"22620",27,18,"disamb","rp",85,"disamb rp",2,0,166,166,0.5,0.5
"23438",28,4,"disamb","rp",63,"disamb rp",1,0,2746,2746,0.5,-0.5
"23440",28,8,"disamb","rp",63,"disamb rp",1,0,696,696,0.5,-0.5
"23442",28,24,"disamb","rp",63,"disamb rp",1,0,408,408,0.5,-0.5
"23444",28,3,"disamb","rp",63,"disamb rp",4,0,344,344,-0.5,0.5
"23446",28,7,"disamb","rp",63,"disamb rp",4,0,346,346,-0.5,0.5
"23448",28,5,"disamb","rp",63,"disamb rp",2,0,9852,9852,0.5,0.5
"23450",28,21,"disamb","rp",63,"disamb rp",2,0,434,434,0.5,0.5
"23452",28,12,"disamb","rp",63,"disamb rp",1,0,236,236,0.5,-0.5
"23454",28,22,"disamb","rp",63,"disamb rp",3,0,318,318,-0.5,-0.5
"23456",28,14,"disamb","rp",63,"disamb rp",3,0,308,308,-0.5,-0.5
"23458",28,10,"disamb","rp",63,"disamb rp",3,0,240,240,-0.5,-0.5
"23460",28,11,"disamb","rp",63,"disamb rp",4,0,394,394,-0.5,0.5
"23462",28,20,"disamb","rp",63,"disamb rp",1,0,296,296,0.5,-0.5
"23464",28,1,"disamb","rp",63,"disamb rp",2,0,200,200,0.5,0.5
"23466",28,23,"disamb","rp",63,"disamb rp",4,0,540,540,-0.5,0.5
"23468",28,18,"disamb","rp",63,"disamb rp",3,0,526,526,-0.5,-0.5
"23470",28,17,"disamb","rp",63,"disamb rp",2,0,1114,1114,0.5,0.5
"23472",28,13,"disamb","rp",63,"disamb rp",2,0,238,238,0.5,0.5
"23474",28,19,"disamb","rp",63,"disamb rp",4,0,1072,1072,-0.5,0.5
"23476",28,2,"disamb","rp",63,"disamb rp",3,0,510,510,-0.5,-0.5
"23478",28,9,"disamb","rp",63,"disamb rp",2,0,2434,2434,0.5,0.5
"23480",28,15,"disamb","rp",63,"disamb rp",4,0,178,178,-0.5,0.5
"23482",28,6,"disamb","rp",63,"disamb rp",3,0,402,402,-0.5,-0.5
"23484",28,16,"disamb","rp",63,"disamb rp",1,0,318,318,0.5,-0.5
"24295",29,18,"disamb","rp",65,"disamb rp",4,0,292,292,-0.5,0.5
"24297",29,3,"disamb","rp",65,"disamb rp",1,0,412,412,0.5,-0.5
"24299",29,12,"disamb","rp",65,"disamb rp",2,0,742,742,0.5,0.5
"24301",29,20,"disamb","rp",65,"disamb rp",2,0,492,492,0.5,0.5
"24303",29,9,"disamb","rp",65,"disamb rp",3,0,372,372,-0.5,-0.5
"24305",29,1,"disamb","rp",65,"disamb rp",3,0,344,344,-0.5,-0.5
"24307",29,14,"disamb","rp",65,"disamb rp",4,0,682,682,-0.5,0.5
"24309",29,16,"disamb","rp",65,"disamb rp",2,0,1726,1726,0.5,0.5
"24311",29,17,"disamb","rp",65,"disamb rp",3,1,0,NA,-0.5,-0.5
"24313",29,24,"disamb","rp",65,"disamb rp",2,0,356,356,0.5,0.5
"24315",29,5,"disamb","rp",65,"disamb rp",3,0,292,292,-0.5,-0.5
"24317",29,6,"disamb","rp",65,"disamb rp",4,0,196,196,-0.5,0.5
"24319",29,19,"disamb","rp",65,"disamb rp",1,0,386,386,0.5,-0.5
"24321",29,15,"disamb","rp",65,"disamb rp",1,0,442,442,0.5,-0.5
"24323",29,11,"disamb","rp",65,"disamb rp",1,0,314,314,0.5,-0.5
"24325",29,22,"disamb","rp",65,"disamb rp",4,0,280,280,-0.5,0.5
"24328",29,4,"disamb","rp",65,"disamb rp",2,0,384,384,0.5,0.5
"24330",29,23,"disamb","rp",65,"disamb rp",1,0,274,274,0.5,-0.5
"24332",29,21,"disamb","rp",65,"disamb rp",3,0,764,764,-0.5,-0.5
"24334",29,7,"disamb","rp",65,"disamb rp",1,0,754,754,0.5,-0.5
"24336",29,13,"disamb","rp",65,"disamb rp",3,0,256,256,-0.5,-0.5
"24338",29,8,"disamb","rp",65,"disamb rp",2,0,472,472,0.5,0.5
"24340",29,2,"disamb","rp",65,"disamb rp",4,0,238,238,-0.5,0.5
"25147",30,23,"disamb","rp",60,"disamb rp",2,0,786,786,0.5,0.5
"25149",30,24,"disamb","rp",60,"disamb rp",3,0,598,598,-0.5,-0.5
"25151",30,2,"disamb","rp",60,"disamb rp",1,0,416,416,0.5,-0.5
"25153",30,8,"disamb","rp",60,"disamb rp",3,0,342,342,-0.5,-0.5
"25155",30,9,"disamb","rp",60,"disamb rp",4,0,220,220,-0.5,0.5
"25157",30,14,"disamb","rp",60,"disamb rp",1,0,394,394,0.5,-0.5
"25159",30,20,"disamb","rp",60,"disamb rp",3,0,354,354,-0.5,-0.5
"25161",30,3,"disamb","rp",60,"disamb rp",2,0,390,390,0.5,0.5
"25163",30,13,"disamb","rp",60,"disamb rp",4,0,242,242,-0.5,0.5
"25165",30,16,"disamb","rp",60,"disamb rp",3,0,934,934,-0.5,-0.5
"25167",30,15,"disamb","rp",60,"disamb rp",2,0,1876,1876,0.5,0.5
"25169",30,12,"disamb","rp",60,"disamb rp",3,0,260,260,-0.5,-0.5
"25171",30,21,"disamb","rp",60,"disamb rp",4,0,178,178,-0.5,0.5
"25173",30,19,"disamb","rp",60,"disamb rp",2,1,0,NA,0.5,0.5
"25175",30,5,"disamb","rp",60,"disamb rp",4,0,222,222,-0.5,0.5
"25177",30,7,"disamb","rp",60,"disamb rp",2,0,808,808,0.5,0.5
"25179",30,1,"disamb","rp",60,"disamb rp",4,0,726,726,-0.5,0.5
"25181",30,17,"disamb","rp",60,"disamb rp",4,0,362,362,-0.5,0.5
"25183",30,4,"disamb","rp",60,"disamb rp",3,0,186,186,-0.5,-0.5
"25185",30,18,"disamb","rp",60,"disamb rp",1,1,0,NA,0.5,-0.5
"25187",30,22,"disamb","rp",60,"disamb rp",1,0,662,662,0.5,-0.5
"25189",30,10,"disamb","rp",60,"disamb rp",1,1,0,NA,0.5,-0.5
"25191",30,6,"disamb","rp",60,"disamb rp",1,0,168,168,0.5,-0.5
"25193",30,11,"disamb","rp",60,"disamb rp",2,0,478,478,0.5,0.5
"26011",31,18,"disamb","rp",85,"disamb rp",2,0,378,378,0.5,0.5
"26013",31,7,"disamb","rp",85,"disamb rp",3,1,0,NA,-0.5,-0.5
"26015",31,19,"disamb","rp",85,"disamb rp",3,0,692,692,-0.5,-0.5
"26017",31,15,"disamb","rp",85,"disamb rp",3,0,218,218,-0.5,-0.5
"26019",31,16,"disamb","rp",85,"disamb rp",4,0,510,510,-0.5,0.5
"26021",31,8,"disamb","rp",85,"disamb rp",4,0,464,464,-0.5,0.5
"26023",31,13,"disamb","rp",85,"disamb rp",1,0,774,774,0.5,-0.5
"26025",31,17,"disamb","rp",85,"disamb rp",1,0,274,274,0.5,-0.5
"26027",31,23,"disamb","rp",85,"disamb rp",3,0,484,484,-0.5,-0.5
"26029",31,21,"disamb","rp",85,"disamb rp",1,0,384,384,0.5,-0.5
"26031",31,14,"disamb","rp",85,"disamb rp",2,0,592,592,0.5,0.5
"26033",31,10,"disamb","rp",85,"disamb rp",2,0,348,348,0.5,0.5
"26035",31,3,"disamb","rp",85,"disamb rp",3,1,0,NA,-0.5,-0.5
"26037",31,22,"disamb","rp",85,"disamb rp",2,0,660,660,0.5,0.5
"26039",31,4,"disamb","rp",85,"disamb rp",4,0,290,290,-0.5,0.5
"26041",31,24,"disamb","rp",85,"disamb rp",4,0,222,222,-0.5,0.5
"26043",31,6,"disamb","rp",85,"disamb rp",2,0,464,464,0.5,0.5
"26045",31,20,"disamb","rp",85,"disamb rp",4,0,596,596,-0.5,0.5
"26047",31,2,"disamb","rp",85,"disamb rp",2,0,302,302,0.5,0.5
"26049",31,9,"disamb","rp",85,"disamb rp",1,0,258,258,0.5,-0.5
"26051",31,1,"disamb","rp",85,"disamb rp",1,0,410,410,0.5,-0.5
"26053",31,12,"disamb","rp",85,"disamb rp",4,0,234,234,-0.5,0.5
"26055",31,5,"disamb","rp",85,"disamb rp",1,0,386,386,0.5,-0.5
"26057",31,11,"disamb","rp",85,"disamb rp",3,0,198,198,-0.5,-0.5
"26876",32,19,"disamb","rp",59,"disamb rp",4,0,384,384,-0.5,0.5
"26878",32,6,"disamb","rp",59,"disamb rp",3,0,368,368,-0.5,-0.5
"26880",32,3,"disamb","rp",59,"disamb rp",4,0,338,338,-0.5,0.5
"26882",32,13,"disamb","rp",59,"disamb rp",2,0,384,384,0.5,0.5
"26884",32,17,"disamb","rp",59,"disamb rp",2,0,944,944,0.5,0.5
"26886",32,8,"disamb","rp",59,"disamb rp",1,0,286,286,0.5,-0.5
"26888",32,9,"disamb","rp",59,"disamb rp",2,0,1478,1478,0.5,0.5
"26890",32,12,"disamb","rp",59,"disamb rp",1,0,334,334,0.5,-0.5
"26892",32,24,"disamb","rp",59,"disamb rp",1,0,692,692,0.5,-0.5
"26894",32,7,"disamb","rp",59,"disamb rp",4,0,466,466,-0.5,0.5
"26896",32,16,"disamb","rp",59,"disamb rp",1,0,338,338,0.5,-0.5
"26898",32,23,"disamb","rp",59,"disamb rp",4,0,418,418,-0.5,0.5
"26900",32,21,"disamb","rp",59,"disamb rp",2,0,522,522,0.5,0.5
"26902",32,15,"disamb","rp",59,"disamb rp",4,0,278,278,-0.5,0.5
"26904",32,22,"disamb","rp",59,"disamb rp",3,0,1434,1434,-0.5,-0.5
"26906",32,4,"disamb","rp",59,"disamb rp",1,0,476,476,0.5,-0.5
"26908",32,11,"disamb","rp",59,"disamb rp",4,0,370,370,-0.5,0.5
"26910",32,1,"disamb","rp",59,"disamb rp",2,0,400,400,0.5,0.5
"26912",32,18,"disamb","rp",59,"disamb rp",3,0,280,280,-0.5,-0.5
"26914",32,20,"disamb","rp",59,"disamb rp",1,0,460,460,0.5,-0.5
"26916",32,10,"disamb","rp",59,"disamb rp",3,0,222,222,-0.5,-0.5
"26918",32,2,"disamb","rp",59,"disamb rp",3,0,230,230,-0.5,-0.5
"26920",32,14,"disamb","rp",59,"disamb rp",3,0,430,430,-0.5,-0.5
"26922",32,5,"disamb","rp",59,"disamb rp",2,0,432,432,0.5,0.5
"27739",33,5,"disamb","rp",71,"disamb rp",3,0,356,356,-0.5,-0.5
"27741",33,24,"disamb","rp",71,"disamb rp",2,0,1338,1338,0.5,0.5
"27743",33,1,"disamb","rp",71,"disamb rp",3,0,714,714,-0.5,-0.5
"27745",33,2,"disamb","rp",71,"disamb rp",4,0,1158,1158,-0.5,0.5
"27747",33,12,"disamb","rp",71,"disamb rp",2,0,4586,4586,0.5,0.5
"27749",33,15,"disamb","rp",71,"disamb rp",1,0,632,632,0.5,-0.5
"27751",33,8,"disamb","rp",71,"disamb rp",2,0,374,374,0.5,0.5
"27753",33,22,"disamb","rp",71,"disamb rp",4,0,1202,1202,-0.5,0.5
"27755",33,6,"disamb","rp",71,"disamb rp",4,0,482,482,-0.5,0.5
"27757",33,23,"disamb","rp",71,"disamb rp",1,0,1508,1508,0.5,-0.5
"27759",33,9,"disamb","rp",71,"disamb rp",3,0,270,270,-0.5,-0.5
"27761",33,21,"disamb","rp",71,"disamb rp",3,0,350,350,-0.5,-0.5
"27763",33,4,"disamb","rp",71,"disamb rp",2,0,1556,1556,0.5,0.5
"27765",33,16,"disamb","rp",71,"disamb rp",2,0,744,744,0.5,0.5
"27767",33,18,"disamb","rp",71,"disamb rp",4,0,214,214,-0.5,0.5
"27769",33,19,"disamb","rp",71,"disamb rp",1,0,436,436,0.5,-0.5
"27771",33,17,"disamb","rp",71,"disamb rp",3,0,4836,4836,-0.5,-0.5
"27773",33,14,"disamb","rp",71,"disamb rp",4,0,512,512,-0.5,0.5
"27775",33,10,"disamb","rp",71,"disamb rp",4,0,410,410,-0.5,0.5
"27777",33,11,"disamb","rp",71,"disamb rp",1,0,1634,1634,0.5,-0.5
"27779",33,13,"disamb","rp",71,"disamb rp",3,1,0,NA,-0.5,-0.5
"27781",33,20,"disamb","rp",71,"disamb rp",2,0,180,180,0.5,0.5
"27783",33,7,"disamb","rp",71,"disamb rp",1,0,432,432,0.5,-0.5
"27785",33,3,"disamb","rp",71,"disamb rp",1,0,658,658,0.5,-0.5
"28604",34,11,"disamb","rp",74,"disamb rp",2,0,266,266,0.5,0.5
"28606",34,8,"disamb","rp",74,"disamb rp",3,0,368,368,-0.5,-0.5
"28608",34,15,"disamb","rp",74,"disamb rp",2,0,2443,2443,0.5,0.5
"28610",34,20,"disamb","rp",74,"disamb rp",3,0,205,205,-0.5,-0.5
"28612",34,12,"disamb","rp",74,"disamb rp",3,0,241,241,-0.5,-0.5
"28614",34,24,"disamb","rp",74,"disamb rp",3,0,387,387,-0.5,-0.5
"28616",34,2,"disamb","rp",74,"disamb rp",1,0,256,256,0.5,-0.5
"28618",34,10,"disamb","rp",74,"disamb rp",1,0,255,255,0.5,-0.5
"28620",34,4,"disamb","rp",74,"disamb rp",3,0,213,213,-0.5,-0.5
"28622",34,6,"disamb","rp",74,"disamb rp",1,0,331,331,0.5,-0.5
"28624",34,22,"disamb","rp",74,"disamb rp",1,1,0,NA,0.5,-0.5
"28626",34,17,"disamb","rp",74,"disamb rp",4,1,0,NA,-0.5,0.5
"28628",34,16,"disamb","rp",74,"disamb rp",3,0,299,299,-0.5,-0.5
"28630",34,14,"disamb","rp",74,"disamb rp",1,0,1442,1442,0.5,-0.5
"28632",34,1,"disamb","rp",74,"disamb rp",4,1,0,NA,-0.5,0.5
"28634",34,21,"disamb","rp",74,"disamb rp",4,0,395,395,-0.5,0.5
"28636",34,19,"disamb","rp",74,"disamb rp",2,0,210,210,0.5,0.5
"28638",34,23,"disamb","rp",74,"disamb rp",2,0,863,863,0.5,0.5
"28640",34,3,"disamb","rp",74,"disamb rp",2,0,113,113,0.5,0.5
"28642",34,18,"disamb","rp",74,"disamb rp",1,0,317,317,0.5,-0.5
"28644",34,9,"disamb","rp",74,"disamb rp",4,0,196,196,-0.5,0.5
"28646",34,13,"disamb","rp",74,"disamb rp",4,0,214,214,-0.5,0.5
"28648",34,7,"disamb","rp",74,"disamb rp",2,0,214,214,0.5,0.5
"28650",34,5,"disamb","rp",74,"disamb rp",4,0,204,204,-0.5,0.5
"29468",35,16,"disamb","rp",60,"disamb rp",3,0,362,362,-0.5,-0.5
"29470",35,9,"disamb","rp",60,"disamb rp",4,0,342,342,-0.5,0.5
"29472",35,11,"disamb","rp",60,"disamb rp",2,0,280,280,0.5,0.5
"29474",35,17,"disamb","rp",60,"disamb rp",4,0,248,248,-0.5,0.5
"29476",35,3,"disamb","rp",60,"disamb rp",2,0,190,190,0.5,0.5
"29478",35,13,"disamb","rp",60,"disamb rp",4,0,952,952,-0.5,0.5
"29480",35,10,"disamb","rp",60,"disamb rp",1,0,716,716,0.5,-0.5
"29482",35,4,"disamb","rp",60,"disamb rp",3,0,706,706,-0.5,-0.5
"29484",35,20,"disamb","rp",60,"disamb rp",3,0,664,664,-0.5,-0.5
"29486",35,18,"disamb","rp",60,"disamb rp",1,0,280,280,0.5,-0.5
"29488",35,2,"disamb","rp",60,"disamb rp",1,0,668,668,0.5,-0.5
"29490",35,24,"disamb","rp",60,"disamb rp",3,0,294,294,-0.5,-0.5
"29492",35,21,"disamb","rp",60,"disamb rp",4,0,902,902,-0.5,0.5
"29494",35,1,"disamb","rp",60,"disamb rp",4,0,160,160,-0.5,0.5
"29496",35,7,"disamb","rp",60,"disamb rp",2,0,290,290,0.5,0.5
"29498",35,5,"disamb","rp",60,"disamb rp",4,0,622,622,-0.5,0.5
"29500",35,19,"disamb","rp",60,"disamb rp",2,0,202,202,0.5,0.5
"29502",35,15,"disamb","rp",60,"disamb rp",2,0,2250,2250,0.5,0.5
"29504",35,22,"disamb","rp",60,"disamb rp",1,0,762,762,0.5,-0.5
"29506",35,14,"disamb","rp",60,"disamb rp",1,0,318,318,0.5,-0.5
"29508",35,23,"disamb","rp",60,"disamb rp",2,0,782,782,0.5,0.5
"29510",35,12,"disamb","rp",60,"disamb rp",3,0,250,250,-0.5,-0.5
"29512",35,6,"disamb","rp",60,"disamb rp",1,0,408,408,0.5,-0.5
"29514",35,8,"disamb","rp",60,"disamb rp",3,0,730,730,-0.5,-0.5
"30331",36,6,"disamb","rp",57,"disamb rp",2,0,426,426,0.5,0.5
"30333",36,18,"disamb","rp",57,"disamb rp",2,0,129,129,0.5,0.5
"30335",36,10,"disamb","rp",57,"disamb rp",2,0,832,832,0.5,0.5
"30337",36,17,"disamb","rp",57,"disamb rp",1,0,243,243,0.5,-0.5
"30339",36,12,"disamb","rp",57,"disamb rp",4,0,300,300,-0.5,0.5
"30341",36,23,"disamb","rp",57,"disamb rp",3,0,404,404,-0.5,-0.5
"30343",36,2,"disamb","rp",57,"disamb rp",2,0,265,265,0.5,0.5
"30345",36,11,"disamb","rp",57,"disamb rp",3,0,322,322,-0.5,-0.5
"30347",36,5,"disamb","rp",57,"disamb rp",1,0,114,114,0.5,-0.5
"30349",36,22,"disamb","rp",57,"disamb rp",2,0,1956,1956,0.5,0.5
"30351",36,24,"disamb","rp",57,"disamb rp",4,0,208,208,-0.5,0.5
"30353",36,1,"disamb","rp",57,"disamb rp",1,0,537,537,0.5,-0.5
"30355",36,19,"disamb","rp",57,"disamb rp",3,0,374,374,-0.5,-0.5
"30357",36,16,"disamb","rp",57,"disamb rp",4,0,189,189,-0.5,0.5
"30359",36,9,"disamb","rp",57,"disamb rp",1,0,339,339,0.5,-0.5
"30361",36,21,"disamb","rp",57,"disamb rp",1,0,337,337,0.5,-0.5
"30363",36,8,"disamb","rp",57,"disamb rp",4,0,216,216,-0.5,0.5
"30365",36,7,"disamb","rp",57,"disamb rp",3,0,562,562,-0.5,-0.5
"30367",36,3,"disamb","rp",57,"disamb rp",3,0,414,414,-0.5,-0.5
"30369",36,20,"disamb","rp",57,"disamb rp",4,0,181,181,-0.5,0.5
"30371",36,13,"disamb","rp",57,"disamb rp",1,0,231,231,0.5,-0.5
"30373",36,14,"disamb","rp",57,"disamb rp",2,0,181,181,0.5,0.5
"30375",36,4,"disamb","rp",57,"disamb rp",4,0,544,544,-0.5,0.5
"30377",36,15,"disamb","rp",57,"disamb rp",3,0,193,193,-0.5,-0.5
"31196",37,21,"disamb","rp",80,"disamb rp",2,0,963,963,0.5,0.5
"31198",37,3,"disamb","rp",80,"disamb rp",4,0,455,455,-0.5,0.5
"31200",37,23,"disamb","rp",80,"disamb rp",4,0,259,259,-0.5,0.5
"31202",37,1,"disamb","rp",80,"disamb rp",2,0,944,944,0.5,0.5
"31204",37,8,"disamb","rp",80,"disamb rp",1,0,728,728,0.5,-0.5
"31206",37,20,"disamb","rp",80,"disamb rp",1,0,917,917,0.5,-0.5
"31208",37,16,"disamb","rp",80,"disamb rp",1,0,4012,4012,0.5,-0.5
"31210",37,14,"disamb","rp",80,"disamb rp",3,0,294,294,-0.5,-0.5
"31212",37,22,"disamb","rp",80,"disamb rp",3,0,623,623,-0.5,-0.5
"31214",37,11,"disamb","rp",80,"disamb rp",4,0,472,472,-0.5,0.5
"31216",37,2,"disamb","rp",80,"disamb rp",3,0,312,312,-0.5,-0.5
"31218",37,24,"disamb","rp",80,"disamb rp",1,0,2694,2694,0.5,-0.5
"31220",37,9,"disamb","rp",80,"disamb rp",2,0,4949,4949,0.5,0.5
"31222",37,17,"disamb","rp",80,"disamb rp",2,0,2292,2292,0.5,0.5
"31224",37,18,"disamb","rp",80,"disamb rp",3,0,302,302,-0.5,-0.5
"31226",37,5,"disamb","rp",80,"disamb rp",2,0,930,930,0.5,0.5
"31228",37,6,"disamb","rp",80,"disamb rp",3,0,230,230,-0.5,-0.5
"31230",37,13,"disamb","rp",80,"disamb rp",2,0,1917,1917,0.5,0.5
"31232",37,12,"disamb","rp",80,"disamb rp",1,0,570,570,0.5,-0.5
"31234",37,10,"disamb","rp",80,"disamb rp",3,0,416,416,-0.5,-0.5
"31236",37,7,"disamb","rp",80,"disamb rp",4,0,415,415,-0.5,0.5
"31238",37,19,"disamb","rp",80,"disamb rp",4,0,451,451,-0.5,0.5
"31240",37,4,"disamb","rp",80,"disamb rp",1,0,339,339,0.5,-0.5
"31242",37,15,"disamb","rp",80,"disamb rp",4,0,561,561,-0.5,0.5
"32060",38,14,"disamb","rp",64,"disamb rp",4,0,3385,3385,-0.5,0.5
"32062",38,12,"disamb","rp",64,"disamb rp",2,0,655,655,0.5,0.5
"32064",38,10,"disamb","rp",64,"disamb rp",4,0,230,230,-0.5,0.5
"32066",38,20,"disamb","rp",64,"disamb rp",2,0,676,676,0.5,0.5
"32068",38,4,"disamb","rp",64,"disamb rp",2,0,489,489,0.5,0.5
"32070",38,5,"disamb","rp",64,"disamb rp",3,0,260,260,-0.5,-0.5
"32072",38,16,"disamb","rp",64,"disamb rp",2,0,537,537,0.5,0.5
"32074",38,18,"disamb","rp",64,"disamb rp",4,0,309,309,-0.5,0.5
"32076",38,17,"disamb","rp",64,"disamb rp",3,0,218,218,-0.5,-0.5
"32078",38,15,"disamb","rp",64,"disamb rp",1,1,0,NA,0.5,-0.5
"32080",38,3,"disamb","rp",64,"disamb rp",1,0,291,291,0.5,-0.5
"32082",38,1,"disamb","rp",64,"disamb rp",3,0,357,357,-0.5,-0.5
"32084",38,23,"disamb","rp",64,"disamb rp",1,0,237,237,0.5,-0.5
"32086",38,2,"disamb","rp",64,"disamb rp",4,0,474,474,-0.5,0.5
"32088",38,24,"disamb","rp",64,"disamb rp",2,1,0,NA,0.5,0.5
"32090",38,7,"disamb","rp",64,"disamb rp",1,0,269,269,0.5,-0.5
"32092",38,13,"disamb","rp",64,"disamb rp",3,0,358,358,-0.5,-0.5
"32094",38,6,"disamb","rp",64,"disamb rp",4,1,0,NA,-0.5,0.5
"32096",38,19,"disamb","rp",64,"disamb rp",1,0,292,292,0.5,-0.5
"32098",38,11,"disamb","rp",64,"disamb rp",1,0,191,191,0.5,-0.5
"32100",38,9,"disamb","rp",64,"disamb rp",3,0,393,393,-0.5,-0.5
"32102",38,21,"disamb","rp",64,"disamb rp",3,0,285,285,-0.5,-0.5
"32104",38,22,"disamb","rp",64,"disamb rp",4,0,351,351,-0.5,0.5
"32106",38,8,"disamb","rp",64,"disamb rp",2,0,548,548,0.5,0.5
"32923",39,15,"disamb","rp",75,"disamb rp",2,0,897,897,0.5,0.5
"32925",39,7,"disamb","rp",75,"disamb rp",2,0,336,336,0.5,0.5
"32927",39,1,"disamb","rp",75,"disamb rp",4,0,139,139,-0.5,0.5
"32929",39,3,"disamb","rp",75,"disamb rp",2,0,295,295,0.5,0.5
"32931",39,6,"disamb","rp",75,"disamb rp",1,0,341,341,0.5,-0.5
"32933",39,2,"disamb","rp",75,"disamb rp",1,0,1147,1147,0.5,-0.5
"32935",39,20,"disamb","rp",75,"disamb rp",3,0,428,428,-0.5,-0.5
"32937",39,23,"disamb","rp",75,"disamb rp",2,0,477,477,0.5,0.5
"32939",39,16,"disamb","rp",75,"disamb rp",3,0,503,503,-0.5,-0.5
"32941",39,13,"disamb","rp",75,"disamb rp",4,0,931,931,-0.5,0.5
"32943",39,24,"disamb","rp",75,"disamb rp",3,0,824,824,-0.5,-0.5
"32945",39,14,"disamb","rp",75,"disamb rp",1,0,346,346,0.5,-0.5
"32947",39,22,"disamb","rp",75,"disamb rp",1,0,548,548,0.5,-0.5
"32949",39,4,"disamb","rp",75,"disamb rp",3,0,263,263,-0.5,-0.5
"32951",39,17,"disamb","rp",75,"disamb rp",4,0,411,411,-0.5,0.5
"32953",39,5,"disamb","rp",75,"disamb rp",4,0,384,384,-0.5,0.5
"32955",39,11,"disamb","rp",75,"disamb rp",2,0,404,404,0.5,0.5
"32957",39,18,"disamb","rp",75,"disamb rp",1,0,439,439,0.5,-0.5
"32959",39,19,"disamb","rp",75,"disamb rp",2,0,124,124,0.5,0.5
"32961",39,21,"disamb","rp",75,"disamb rp",4,0,110,110,-0.5,0.5
"32963",39,10,"disamb","rp",75,"disamb rp",1,0,777,777,0.5,-0.5
"32965",39,9,"disamb","rp",75,"disamb rp",4,0,406,406,-0.5,0.5
"32967",39,8,"disamb","rp",75,"disamb rp",3,0,88,88,-0.5,-0.5
"32969",39,12,"disamb","rp",75,"disamb rp",3,0,422,422,-0.5,-0.5
"33788",40,13,"disamb","rp",83,"disamb rp",1,0,485,485,0.5,-0.5
"33790",40,18,"disamb","rp",83,"disamb rp",2,0,320,320,0.5,0.5
"33792",40,9,"disamb","rp",83,"disamb rp",1,0,248,248,0.5,-0.5
"33794",40,1,"disamb","rp",83,"disamb rp",1,0,380,380,0.5,-0.5
"33796",40,7,"disamb","rp",83,"disamb rp",3,0,91,91,-0.5,-0.5
"33798",40,5,"disamb","rp",83,"disamb rp",1,0,330,330,0.5,-0.5
"33800",40,4,"disamb","rp",83,"disamb rp",4,0,428,428,-0.5,0.5
"33802",40,24,"disamb","rp",83,"disamb rp",4,0,87,87,-0.5,0.5
"33804",40,15,"disamb","rp",83,"disamb rp",3,1,0,NA,-0.5,-0.5
"33806",40,19,"disamb","rp",83,"disamb rp",3,1,0,NA,-0.5,-0.5
"33808",40,20,"disamb","rp",83,"disamb rp",4,0,324,324,-0.5,0.5
"33810",40,16,"disamb","rp",83,"disamb rp",4,0,552,552,-0.5,0.5
"33812",40,8,"disamb","rp",83,"disamb rp",4,0,284,284,-0.5,0.5
"33814",40,23,"disamb","rp",83,"disamb rp",3,0,791,791,-0.5,-0.5
"33816",40,10,"disamb","rp",83,"disamb rp",2,0,255,255,0.5,0.5
"33818",40,21,"disamb","rp",83,"disamb rp",1,0,422,422,0.5,-0.5
"33820",40,3,"disamb","rp",83,"disamb rp",3,0,383,383,-0.5,-0.5
"33822",40,17,"disamb","rp",83,"disamb rp",1,0,178,178,0.5,-0.5
"33824",40,2,"disamb","rp",83,"disamb rp",2,0,320,320,0.5,0.5
"33826",40,22,"disamb","rp",83,"disamb rp",2,1,0,NA,0.5,0.5
"33828",40,12,"disamb","rp",83,"disamb rp",4,0,286,286,-0.5,0.5
"33830",40,6,"disamb","rp",83,"disamb rp",2,0,334,334,0.5,0.5
"33832",40,11,"disamb","rp",83,"disamb rp",3,1,0,NA,-0.5,-0.5
"33834",40,14,"disamb","rp",83,"disamb rp",2,0,339,339,0.5,0.5
