"","subject","item","region","measure","proficiency1","proficiency2","sort","condition","skips","rawdata","nozero","ambiguity","gender","trimmed_nozero"
"338",1,18,"spillover1","rp",71,0.5,"spillover1 rp",2,0,243,243,0.5,0.5,243
"340",1,15,"spillover1","rp",71,0.5,"spillover1 rp",3,0,219,219,-0.5,-0.5,219
"342",1,1,"spillover1","rp",71,0.5,"spillover1 rp",1,0,4587,4587,0.5,-0.5,4587
"344",1,6,"spillover1","rp",71,0.5,"spillover1 rp",2,0,2798,2798,0.5,0.5,2798
"346",1,3,"spillover1","rp",71,0.5,"spillover1 rp",3,0,731,731,-0.5,-0.5,731
"348",1,14,"spillover1","rp",71,0.5,"spillover1 rp",2,0,333,333,0.5,0.5,333
"350",1,4,"spillover1","rp",71,0.5,"spillover1 rp",4,0,121,121,-0.5,0.5,121
"352",1,17,"spillover1","rp",71,0.5,"spillover1 rp",1,0,588,588,0.5,-0.5,588
"354",1,5,"spillover1","rp",71,0.5,"spillover1 rp",1,0,733,733,0.5,-0.5,733
"356",1,13,"spillover1","rp",71,0.5,"spillover1 rp",1,0,2806,2806,0.5,-0.5,2806
"358",1,22,"spillover1","rp",71,0.5,"spillover1 rp",2,0,304,304,0.5,0.5,304
"360",1,8,"spillover1","rp",71,0.5,"spillover1 rp",4,0,178,178,-0.5,0.5,178
"362",1,9,"spillover1","rp",71,0.5,"spillover1 rp",1,0,2628,2628,0.5,-0.5,2628
"364",1,19,"spillover1","rp",71,0.5,"spillover1 rp",3,0,220,220,-0.5,-0.5,220
"366",1,24,"spillover1","rp",71,0.5,"spillover1 rp",4,0,181,181,-0.5,0.5,181
"368",1,12,"spillover1","rp",71,0.5,"spillover1 rp",4,0,210,210,-0.5,0.5,210
"370",1,20,"spillover1","rp",71,0.5,"spillover1 rp",4,0,184,184,-0.5,0.5,184
"372",1,10,"spillover1","rp",71,0.5,"spillover1 rp",2,0,2289,2289,0.5,0.5,2289
"374",1,11,"spillover1","rp",71,0.5,"spillover1 rp",3,0,231,231,-0.5,-0.5,231
"376",1,16,"spillover1","rp",71,0.5,"spillover1 rp",4,0,174,174,-0.5,0.5,174
"378",1,7,"spillover1","rp",71,0.5,"spillover1 rp",3,0,392,392,-0.5,-0.5,392
"380",1,2,"spillover1","rp",71,0.5,"spillover1 rp",2,0,219,219,0.5,0.5,219
"382",1,21,"spillover1","rp",71,0.5,"spillover1 rp",1,0,168,168,0.5,-0.5,168
"384",1,23,"spillover1","rp",71,0.5,"spillover1 rp",3,0,311,311,-0.5,-0.5,311
"1202",2,16,"spillover1","rp",71,0.5,"spillover1 rp",1,0,338,338,0.5,-0.5,338
"1204",2,4,"spillover1","rp",71,0.5,"spillover1 rp",1,0,481,481,0.5,-0.5,481
"1206",2,2,"spillover1","rp",71,0.5,"spillover1 rp",3,0,985,985,-0.5,-0.5,985
"1208",2,13,"spillover1","rp",71,0.5,"spillover1 rp",2,0,485,485,0.5,0.5,485
"1210",2,19,"spillover1","rp",71,0.5,"spillover1 rp",4,0,369,369,-0.5,0.5,369
"1212",2,12,"spillover1","rp",71,0.5,"spillover1 rp",1,0,1484,1484,0.5,-0.5,1484
"1214",2,10,"spillover1","rp",71,0.5,"spillover1 rp",3,0,268,268,-0.5,-0.5,268
"1216",2,3,"spillover1","rp",71,0.5,"spillover1 rp",4,0,552,552,-0.5,0.5,552
"1218",2,9,"spillover1","rp",71,0.5,"spillover1 rp",2,0,229,229,0.5,0.5,229
"1220",2,21,"spillover1","rp",71,0.5,"spillover1 rp",2,0,178,178,0.5,0.5,178
"1222",2,15,"spillover1","rp",71,0.5,"spillover1 rp",4,0,313,313,-0.5,0.5,313
"1224",2,18,"spillover1","rp",71,0.5,"spillover1 rp",3,0,701,701,-0.5,-0.5,701
"1226",2,6,"spillover1","rp",71,0.5,"spillover1 rp",3,0,555,555,-0.5,-0.5,555
"1228",2,5,"spillover1","rp",71,0.5,"spillover1 rp",2,0,197,197,0.5,0.5,197
"1230",2,14,"spillover1","rp",71,0.5,"spillover1 rp",3,0,510,510,-0.5,-0.5,510
"1232",2,1,"spillover1","rp",71,0.5,"spillover1 rp",2,0,539,539,0.5,0.5,539
"1234",2,20,"spillover1","rp",71,0.5,"spillover1 rp",1,0,1463,1463,0.5,-0.5,1463
"1236",2,11,"spillover1","rp",71,0.5,"spillover1 rp",4,0,467,467,-0.5,0.5,467
"1238",2,7,"spillover1","rp",71,0.5,"spillover1 rp",4,0,494,494,-0.5,0.5,494
"1240",2,23,"spillover1","rp",71,0.5,"spillover1 rp",4,0,537,537,-0.5,0.5,537
"1242",2,8,"spillover1","rp",71,0.5,"spillover1 rp",1,0,159,159,0.5,-0.5,159
"1244",2,17,"spillover1","rp",71,0.5,"spillover1 rp",2,0,528,528,0.5,0.5,528
"1246",2,24,"spillover1","rp",71,0.5,"spillover1 rp",1,0,404,404,0.5,-0.5,404
"1248",2,22,"spillover1","rp",71,0.5,"spillover1 rp",3,0,334,334,-0.5,-0.5,334
"2066",3,18,"spillover1","rp",74,-0.5,"spillover1 rp",4,0,243,243,-0.5,0.5,243
"2068",3,7,"spillover1","rp",74,-0.5,"spillover1 rp",1,0,5383,5383,0.5,-0.5,NA
"2070",3,16,"spillover1","rp",74,-0.5,"spillover1 rp",2,0,2481,2481,0.5,0.5,2481
"2072",3,5,"spillover1","rp",74,-0.5,"spillover1 rp",3,0,227,227,-0.5,-0.5,227
"2074",3,24,"spillover1","rp",74,-0.5,"spillover1 rp",2,0,580,580,0.5,0.5,580
"2076",3,4,"spillover1","rp",74,-0.5,"spillover1 rp",2,0,3461,3461,0.5,0.5,3461
"2078",3,14,"spillover1","rp",74,-0.5,"spillover1 rp",4,0,717,717,-0.5,0.5,717
"2080",3,1,"spillover1","rp",74,-0.5,"spillover1 rp",3,0,347,347,-0.5,-0.5,347
"2082",3,9,"spillover1","rp",74,-0.5,"spillover1 rp",3,0,299,299,-0.5,-0.5,299
"2084",3,22,"spillover1","rp",74,-0.5,"spillover1 rp",4,0,309,309,-0.5,0.5,309
"2086",3,10,"spillover1","rp",74,-0.5,"spillover1 rp",4,0,382,382,-0.5,0.5,382
"2088",3,6,"spillover1","rp",74,-0.5,"spillover1 rp",4,0,702,702,-0.5,0.5,702
"2090",3,23,"spillover1","rp",74,-0.5,"spillover1 rp",1,0,484,484,0.5,-0.5,484
"2092",3,17,"spillover1","rp",74,-0.5,"spillover1 rp",3,0,511,511,-0.5,-0.5,511
"2094",3,19,"spillover1","rp",74,-0.5,"spillover1 rp",1,0,2426,2426,0.5,-0.5,2426
"2096",3,13,"spillover1","rp",74,-0.5,"spillover1 rp",3,0,314,314,-0.5,-0.5,314
"2098",3,20,"spillover1","rp",74,-0.5,"spillover1 rp",2,0,563,563,0.5,0.5,563
"2100",3,11,"spillover1","rp",74,-0.5,"spillover1 rp",1,0,451,451,0.5,-0.5,451
"2102",3,2,"spillover1","rp",74,-0.5,"spillover1 rp",4,0,250,250,-0.5,0.5,250
"2104",3,12,"spillover1","rp",74,-0.5,"spillover1 rp",2,0,705,705,0.5,0.5,705
"2106",3,21,"spillover1","rp",74,-0.5,"spillover1 rp",3,0,208,208,-0.5,-0.5,208
"2108",3,15,"spillover1","rp",74,-0.5,"spillover1 rp",1,0,254,254,0.5,-0.5,254
"2110",3,8,"spillover1","rp",74,-0.5,"spillover1 rp",2,0,269,269,0.5,0.5,269
"2112",3,3,"spillover1","rp",74,-0.5,"spillover1 rp",1,0,731,731,0.5,-0.5,731
"2902",4,7,"spillover1","rp",72,-0.5,"spillover1 rp",2,0,431,431,0.5,0.5,431
"2904",4,8,"spillover1","rp",72,-0.5,"spillover1 rp",3,0,444,444,-0.5,-0.5,444
"2906",4,11,"spillover1","rp",72,-0.5,"spillover1 rp",2,0,278,278,0.5,0.5,278
"2908",4,22,"spillover1","rp",72,-0.5,"spillover1 rp",1,0,422,422,0.5,-0.5,422
"2910",4,1,"spillover1","rp",72,-0.5,"spillover1 rp",4,0,483,483,-0.5,0.5,483
"2912",4,20,"spillover1","rp",72,-0.5,"spillover1 rp",3,0,496,496,-0.5,-0.5,496
"2914",4,23,"spillover1","rp",72,-0.5,"spillover1 rp",2,0,500,500,0.5,0.5,500
"2916",4,3,"spillover1","rp",72,-0.5,"spillover1 rp",2,0,737,737,0.5,0.5,737
"2919",4,19,"spillover1","rp",72,-0.5,"spillover1 rp",2,0,474,474,0.5,0.5,474
"2921",4,13,"spillover1","rp",72,-0.5,"spillover1 rp",4,0,506,506,-0.5,0.5,506
"2923",4,9,"spillover1","rp",72,-0.5,"spillover1 rp",4,0,516,516,-0.5,0.5,516
"2925",4,2,"spillover1","rp",72,-0.5,"spillover1 rp",1,0,504,504,0.5,-0.5,504
"2928",4,4,"spillover1","rp",72,-0.5,"spillover1 rp",3,0,389,389,-0.5,-0.5,389
"2930",4,12,"spillover1","rp",72,-0.5,"spillover1 rp",3,0,2145,2145,-0.5,-0.5,NA
"2932",4,16,"spillover1","rp",72,-0.5,"spillover1 rp",3,0,478,478,-0.5,-0.5,478
"2935",4,18,"spillover1","rp",72,-0.5,"spillover1 rp",1,0,501,501,0.5,-0.5,501
"2937",4,24,"spillover1","rp",72,-0.5,"spillover1 rp",3,0,489,489,-0.5,-0.5,489
"2939",4,6,"spillover1","rp",72,-0.5,"spillover1 rp",1,0,501,501,0.5,-0.5,501
"2941",4,17,"spillover1","rp",72,-0.5,"spillover1 rp",4,0,1143,1143,-0.5,0.5,1143
"2944",4,14,"spillover1","rp",72,-0.5,"spillover1 rp",1,0,433,433,0.5,-0.5,433
"3721",5,13,"spillover1","rp",66,0.5,"spillover1 rp",1,0,334,334,0.5,-0.5,334
"3723",5,4,"spillover1","rp",66,0.5,"spillover1 rp",4,0,348,348,-0.5,0.5,348
"3725",5,9,"spillover1","rp",66,0.5,"spillover1 rp",1,0,412,412,0.5,-0.5,412
"3727",5,8,"spillover1","rp",66,0.5,"spillover1 rp",4,0,379,379,-0.5,0.5,379
"3729",5,7,"spillover1","rp",66,0.5,"spillover1 rp",3,0,326,326,-0.5,-0.5,326
"3731",5,16,"spillover1","rp",66,0.5,"spillover1 rp",4,0,937,937,-0.5,0.5,937
"3733",5,19,"spillover1","rp",66,0.5,"spillover1 rp",3,0,335,335,-0.5,-0.5,335
"3735",5,17,"spillover1","rp",66,0.5,"spillover1 rp",1,0,656,656,0.5,-0.5,656
"3737",5,3,"spillover1","rp",66,0.5,"spillover1 rp",3,0,1578,1578,-0.5,-0.5,1578
"3739",5,14,"spillover1","rp",66,0.5,"spillover1 rp",2,0,790,790,0.5,0.5,790
"3741",5,1,"spillover1","rp",66,0.5,"spillover1 rp",1,0,806,806,0.5,-0.5,806
"3743",5,15,"spillover1","rp",66,0.5,"spillover1 rp",3,0,386,386,-0.5,-0.5,386
"3745",5,22,"spillover1","rp",66,0.5,"spillover1 rp",2,0,196,196,0.5,0.5,196
"3747",5,18,"spillover1","rp",66,0.5,"spillover1 rp",2,0,408,408,0.5,0.5,408
"3749",5,5,"spillover1","rp",66,0.5,"spillover1 rp",1,0,1139,1139,0.5,-0.5,1139
"3751",5,2,"spillover1","rp",66,0.5,"spillover1 rp",2,0,753,753,0.5,0.5,753
"3753",5,23,"spillover1","rp",66,0.5,"spillover1 rp",3,0,556,556,-0.5,-0.5,556
"3755",5,21,"spillover1","rp",66,0.5,"spillover1 rp",1,0,274,274,0.5,-0.5,274
"3757",5,20,"spillover1","rp",66,0.5,"spillover1 rp",4,0,781,781,-0.5,0.5,781
"3759",5,10,"spillover1","rp",66,0.5,"spillover1 rp",2,0,358,358,0.5,0.5,358
"3761",5,12,"spillover1","rp",66,0.5,"spillover1 rp",4,0,749,749,-0.5,0.5,749
"3763",5,11,"spillover1","rp",66,0.5,"spillover1 rp",3,0,730,730,-0.5,-0.5,730
"3765",5,24,"spillover1","rp",66,0.5,"spillover1 rp",4,0,923,923,-0.5,0.5,923
"3767",5,6,"spillover1","rp",66,0.5,"spillover1 rp",2,0,303,303,0.5,0.5,303
"4578",6,12,"spillover1","rp",89,-0.5,"spillover1 rp",1,0,1550,1550,0.5,-0.5,1550
"4580",6,16,"spillover1","rp",89,-0.5,"spillover1 rp",1,0,400,400,0.5,-0.5,400
"4582",6,13,"spillover1","rp",89,-0.5,"spillover1 rp",2,0,946,946,0.5,0.5,946
"4584",6,7,"spillover1","rp",89,-0.5,"spillover1 rp",4,0,244,244,-0.5,0.5,244
"4586",6,18,"spillover1","rp",89,-0.5,"spillover1 rp",3,0,228,228,-0.5,-0.5,228
"4588",6,21,"spillover1","rp",89,-0.5,"spillover1 rp",2,0,236,236,0.5,0.5,236
"4590",6,14,"spillover1","rp",89,-0.5,"spillover1 rp",3,1,0,NA,-0.5,-0.5,NA
"4592",6,4,"spillover1","rp",89,-0.5,"spillover1 rp",1,0,500,500,0.5,-0.5,500
"4594",6,5,"spillover1","rp",89,-0.5,"spillover1 rp",2,0,1726,1726,0.5,0.5,1726
"4596",6,10,"spillover1","rp",89,-0.5,"spillover1 rp",3,0,190,190,-0.5,-0.5,190
"4598",6,3,"spillover1","rp",89,-0.5,"spillover1 rp",4,0,382,382,-0.5,0.5,382
"4600",6,11,"spillover1","rp",89,-0.5,"spillover1 rp",4,0,142,142,-0.5,0.5,142
"4602",6,24,"spillover1","rp",89,-0.5,"spillover1 rp",1,0,342,342,0.5,-0.5,342
"4604",6,17,"spillover1","rp",89,-0.5,"spillover1 rp",2,0,258,258,0.5,0.5,258
"4606",6,2,"spillover1","rp",89,-0.5,"spillover1 rp",3,0,306,306,-0.5,-0.5,306
"4608",6,9,"spillover1","rp",89,-0.5,"spillover1 rp",2,0,996,996,0.5,0.5,996
"4610",6,15,"spillover1","rp",89,-0.5,"spillover1 rp",4,0,272,272,-0.5,0.5,272
"4612",6,19,"spillover1","rp",89,-0.5,"spillover1 rp",4,0,264,264,-0.5,0.5,264
"4615",6,1,"spillover1","rp",89,-0.5,"spillover1 rp",2,0,478,478,0.5,0.5,478
"4617",6,8,"spillover1","rp",89,-0.5,"spillover1 rp",1,0,726,726,0.5,-0.5,726
"4619",6,20,"spillover1","rp",89,-0.5,"spillover1 rp",1,0,1730,1730,0.5,-0.5,1730
"4621",6,23,"spillover1","rp",89,-0.5,"spillover1 rp",4,0,278,278,-0.5,0.5,278
"4623",6,6,"spillover1","rp",89,-0.5,"spillover1 rp",3,0,168,168,-0.5,-0.5,168
"5432",7,20,"spillover1","rp",77,-0.5,"spillover1 rp",2,0,299,299,0.5,0.5,299
"5434",7,4,"spillover1","rp",77,-0.5,"spillover1 rp",2,0,451,451,0.5,0.5,451
"5436",7,14,"spillover1","rp",77,-0.5,"spillover1 rp",4,0,227,227,-0.5,0.5,227
"5438",7,24,"spillover1","rp",77,-0.5,"spillover1 rp",2,0,463,463,0.5,0.5,463
"5440",7,8,"spillover1","rp",77,-0.5,"spillover1 rp",2,0,414,414,0.5,0.5,414
"5442",7,21,"spillover1","rp",77,-0.5,"spillover1 rp",3,0,249,249,-0.5,-0.5,249
"5444",7,18,"spillover1","rp",77,-0.5,"spillover1 rp",4,0,209,209,-0.5,0.5,209
"5446",7,5,"spillover1","rp",77,-0.5,"spillover1 rp",3,0,175,175,-0.5,-0.5,175
"5448",7,1,"spillover1","rp",77,-0.5,"spillover1 rp",3,0,211,211,-0.5,-0.5,211
"5450",7,19,"spillover1","rp",77,-0.5,"spillover1 rp",1,0,361,361,0.5,-0.5,361
"5452",7,16,"spillover1","rp",77,-0.5,"spillover1 rp",2,0,446,446,0.5,0.5,446
"5454",7,15,"spillover1","rp",77,-0.5,"spillover1 rp",1,0,165,165,0.5,-0.5,165
"5456",7,23,"spillover1","rp",77,-0.5,"spillover1 rp",1,0,196,196,0.5,-0.5,196
"5458",7,10,"spillover1","rp",77,-0.5,"spillover1 rp",4,0,301,301,-0.5,0.5,301
"5460",7,9,"spillover1","rp",77,-0.5,"spillover1 rp",3,0,289,289,-0.5,-0.5,289
"5462",7,6,"spillover1","rp",77,-0.5,"spillover1 rp",4,0,224,224,-0.5,0.5,224
"5464",7,2,"spillover1","rp",77,-0.5,"spillover1 rp",4,0,214,214,-0.5,0.5,214
"5466",7,7,"spillover1","rp",77,-0.5,"spillover1 rp",1,0,332,332,0.5,-0.5,332
"5468",7,13,"spillover1","rp",77,-0.5,"spillover1 rp",3,0,196,196,-0.5,-0.5,196
"5470",7,12,"spillover1","rp",77,-0.5,"spillover1 rp",2,0,349,349,0.5,0.5,349
"5472",7,11,"spillover1","rp",77,-0.5,"spillover1 rp",1,0,232,232,0.5,-0.5,232
"5474",7,3,"spillover1","rp",77,-0.5,"spillover1 rp",1,0,281,281,0.5,-0.5,281
"5476",7,17,"spillover1","rp",77,-0.5,"spillover1 rp",3,0,419,419,-0.5,-0.5,419
"5478",7,22,"spillover1","rp",77,-0.5,"spillover1 rp",4,0,293,293,-0.5,0.5,293
"6296",8,1,"spillover1","rp",70,0.5,"spillover1 rp",4,0,394,394,-0.5,0.5,394
"6298",8,10,"spillover1","rp",70,0.5,"spillover1 rp",1,0,412,412,0.5,-0.5,412
"6300",8,21,"spillover1","rp",70,0.5,"spillover1 rp",4,0,334,334,-0.5,0.5,334
"6302",8,16,"spillover1","rp",70,0.5,"spillover1 rp",3,0,380,380,-0.5,-0.5,380
"6304",8,9,"spillover1","rp",70,0.5,"spillover1 rp",4,0,332,332,-0.5,0.5,332
"6306",8,13,"spillover1","rp",70,0.5,"spillover1 rp",4,0,898,898,-0.5,0.5,898
"6308",8,4,"spillover1","rp",70,0.5,"spillover1 rp",3,0,332,332,-0.5,-0.5,332
"6310",8,17,"spillover1","rp",70,0.5,"spillover1 rp",4,0,558,558,-0.5,0.5,558
"6312",8,14,"spillover1","rp",70,0.5,"spillover1 rp",1,0,3928,3928,0.5,-0.5,3928
"6314",8,12,"spillover1","rp",70,0.5,"spillover1 rp",3,0,594,594,-0.5,-0.5,594
"6316",8,15,"spillover1","rp",70,0.5,"spillover1 rp",2,0,1242,1242,0.5,0.5,1242
"6318",8,8,"spillover1","rp",70,0.5,"spillover1 rp",3,0,284,284,-0.5,-0.5,284
"6320",8,6,"spillover1","rp",70,0.5,"spillover1 rp",1,0,280,280,0.5,-0.5,280
"6322",8,20,"spillover1","rp",70,0.5,"spillover1 rp",3,0,310,310,-0.5,-0.5,310
"6324",8,2,"spillover1","rp",70,0.5,"spillover1 rp",1,0,502,502,0.5,-0.5,502
"6326",8,11,"spillover1","rp",70,0.5,"spillover1 rp",2,0,358,358,0.5,0.5,358
"6328",8,7,"spillover1","rp",70,0.5,"spillover1 rp",2,0,930,930,0.5,0.5,930
"6330",8,24,"spillover1","rp",70,0.5,"spillover1 rp",3,0,294,294,-0.5,-0.5,294
"6332",8,5,"spillover1","rp",70,0.5,"spillover1 rp",4,0,1166,1166,-0.5,0.5,1166
"6334",8,18,"spillover1","rp",70,0.5,"spillover1 rp",1,0,298,298,0.5,-0.5,298
"6336",8,23,"spillover1","rp",70,0.5,"spillover1 rp",2,0,3494,3494,0.5,0.5,3494
"6338",8,19,"spillover1","rp",70,0.5,"spillover1 rp",2,0,318,318,0.5,0.5,318
"6340",8,22,"spillover1","rp",70,0.5,"spillover1 rp",1,0,1022,1022,0.5,-0.5,1022
"6342",8,3,"spillover1","rp",70,0.5,"spillover1 rp",2,0,806,806,0.5,0.5,806
"7160",9,16,"spillover1","rp",70,0.5,"spillover1 rp",4,0,252,252,-0.5,0.5,252
"7162",9,21,"spillover1","rp",70,0.5,"spillover1 rp",1,0,2820,2820,0.5,-0.5,2820
"7164",9,5,"spillover1","rp",70,0.5,"spillover1 rp",1,0,8382,8382,0.5,-0.5,8382
"7166",9,11,"spillover1","rp",70,0.5,"spillover1 rp",3,0,332,332,-0.5,-0.5,332
"7168",9,14,"spillover1","rp",70,0.5,"spillover1 rp",2,0,428,428,0.5,0.5,428
"7170",9,3,"spillover1","rp",70,0.5,"spillover1 rp",3,0,1084,1084,-0.5,-0.5,1084
"7172",9,2,"spillover1","rp",70,0.5,"spillover1 rp",2,0,394,394,0.5,0.5,394
"7174",9,10,"spillover1","rp",70,0.5,"spillover1 rp",2,0,226,226,0.5,0.5,226
"7176",9,24,"spillover1","rp",70,0.5,"spillover1 rp",4,0,238,238,-0.5,0.5,238
"7178",9,7,"spillover1","rp",70,0.5,"spillover1 rp",3,0,218,218,-0.5,-0.5,218
"7180",9,20,"spillover1","rp",70,0.5,"spillover1 rp",4,0,394,394,-0.5,0.5,394
"7182",9,19,"spillover1","rp",70,0.5,"spillover1 rp",3,0,302,302,-0.5,-0.5,302
"7184",9,15,"spillover1","rp",70,0.5,"spillover1 rp",3,0,426,426,-0.5,-0.5,426
"7186",9,1,"spillover1","rp",70,0.5,"spillover1 rp",1,0,382,382,0.5,-0.5,382
"7188",9,18,"spillover1","rp",70,0.5,"spillover1 rp",2,0,200,200,0.5,0.5,200
"7190",9,17,"spillover1","rp",70,0.5,"spillover1 rp",1,0,9862,9862,0.5,-0.5,9862
"7192",9,23,"spillover1","rp",70,0.5,"spillover1 rp",3,0,232,232,-0.5,-0.5,232
"7194",9,9,"spillover1","rp",70,0.5,"spillover1 rp",1,0,264,264,0.5,-0.5,264
"7196",9,13,"spillover1","rp",70,0.5,"spillover1 rp",1,0,366,366,0.5,-0.5,366
"7198",9,4,"spillover1","rp",70,0.5,"spillover1 rp",4,0,2190,2190,-0.5,0.5,2190
"7200",9,22,"spillover1","rp",70,0.5,"spillover1 rp",2,0,486,486,0.5,0.5,486
"7202",9,8,"spillover1","rp",70,0.5,"spillover1 rp",4,0,412,412,-0.5,0.5,412
"7204",9,12,"spillover1","rp",70,0.5,"spillover1 rp",4,0,464,464,-0.5,0.5,464
"7206",9,6,"spillover1","rp",70,0.5,"spillover1 rp",2,0,356,356,0.5,0.5,356
"8023",10,23,"spillover1","rp",63,0.5,"spillover1 rp",4,0,274,274,-0.5,0.5,274
"8025",10,18,"spillover1","rp",63,0.5,"spillover1 rp",3,0,328,328,-0.5,-0.5,328
"8027",10,19,"spillover1","rp",63,0.5,"spillover1 rp",4,0,254,254,-0.5,0.5,254
"8029",10,16,"spillover1","rp",63,0.5,"spillover1 rp",1,0,2860,2860,0.5,-0.5,2860
"8031",10,17,"spillover1","rp",63,0.5,"spillover1 rp",2,0,2606,2606,0.5,0.5,2606
"8033",10,1,"spillover1","rp",63,0.5,"spillover1 rp",2,0,288,288,0.5,0.5,288
"8035",10,22,"spillover1","rp",63,0.5,"spillover1 rp",3,0,268,268,-0.5,-0.5,268
"8037",10,20,"spillover1","rp",63,0.5,"spillover1 rp",1,0,374,374,0.5,-0.5,374
"8039",10,14,"spillover1","rp",63,0.5,"spillover1 rp",3,0,370,370,-0.5,-0.5,370
"8041",10,11,"spillover1","rp",63,0.5,"spillover1 rp",4,0,460,460,-0.5,0.5,460
"8043",10,15,"spillover1","rp",63,0.5,"spillover1 rp",4,0,228,228,-0.5,0.5,228
"8045",10,7,"spillover1","rp",63,0.5,"spillover1 rp",4,0,942,942,-0.5,0.5,942
"8047",10,13,"spillover1","rp",63,0.5,"spillover1 rp",2,0,3318,3318,0.5,0.5,3318
"8049",10,24,"spillover1","rp",63,0.5,"spillover1 rp",1,0,266,266,0.5,-0.5,266
"8051",10,8,"spillover1","rp",63,0.5,"spillover1 rp",1,0,312,312,0.5,-0.5,312
"8053",10,3,"spillover1","rp",63,0.5,"spillover1 rp",4,0,848,848,-0.5,0.5,848
"8055",10,6,"spillover1","rp",63,0.5,"spillover1 rp",3,0,400,400,-0.5,-0.5,400
"8057",10,4,"spillover1","rp",63,0.5,"spillover1 rp",1,0,1010,1010,0.5,-0.5,1010
"8059",10,5,"spillover1","rp",63,0.5,"spillover1 rp",2,0,242,242,0.5,0.5,242
"8061",10,21,"spillover1","rp",63,0.5,"spillover1 rp",2,0,220,220,0.5,0.5,220
"8063",10,9,"spillover1","rp",63,0.5,"spillover1 rp",2,0,276,276,0.5,0.5,276
"8065",10,2,"spillover1","rp",63,0.5,"spillover1 rp",3,0,258,258,-0.5,-0.5,258
"8067",10,12,"spillover1","rp",63,0.5,"spillover1 rp",1,0,254,254,0.5,-0.5,254
"8069",10,10,"spillover1","rp",63,0.5,"spillover1 rp",3,0,232,232,-0.5,-0.5,232
"8887",11,3,"spillover1","rp",75,-0.5,"spillover1 rp",1,0,512,512,0.5,-0.5,512
"8889",11,18,"spillover1","rp",75,-0.5,"spillover1 rp",4,0,712,712,-0.5,0.5,712
"8891",11,24,"spillover1","rp",75,-0.5,"spillover1 rp",2,0,570,570,0.5,0.5,570
"8893",11,15,"spillover1","rp",75,-0.5,"spillover1 rp",1,0,436,436,0.5,-0.5,436
"8895",11,9,"spillover1","rp",75,-0.5,"spillover1 rp",3,0,340,340,-0.5,-0.5,340
"8897",11,10,"spillover1","rp",75,-0.5,"spillover1 rp",4,0,528,528,-0.5,0.5,528
"8899",11,2,"spillover1","rp",75,-0.5,"spillover1 rp",4,0,594,594,-0.5,0.5,594
"8901",11,19,"spillover1","rp",75,-0.5,"spillover1 rp",1,0,564,564,0.5,-0.5,564
"8903",11,12,"spillover1","rp",75,-0.5,"spillover1 rp",2,0,1622,1622,0.5,0.5,1622
"8905",11,16,"spillover1","rp",75,-0.5,"spillover1 rp",2,0,470,470,0.5,0.5,470
"8907",11,22,"spillover1","rp",75,-0.5,"spillover1 rp",4,0,694,694,-0.5,0.5,694
"8909",11,21,"spillover1","rp",75,-0.5,"spillover1 rp",3,0,450,450,-0.5,-0.5,450
"8911",11,1,"spillover1","rp",75,-0.5,"spillover1 rp",3,0,442,442,-0.5,-0.5,442
"8913",11,20,"spillover1","rp",75,-0.5,"spillover1 rp",2,0,318,318,0.5,0.5,318
"8915",11,14,"spillover1","rp",75,-0.5,"spillover1 rp",4,0,188,188,-0.5,0.5,188
"8917",11,17,"spillover1","rp",75,-0.5,"spillover1 rp",3,0,268,268,-0.5,-0.5,268
"8919",11,4,"spillover1","rp",75,-0.5,"spillover1 rp",2,0,596,596,0.5,0.5,596
"8921",11,11,"spillover1","rp",75,-0.5,"spillover1 rp",1,0,570,570,0.5,-0.5,570
"8923",11,6,"spillover1","rp",75,-0.5,"spillover1 rp",4,0,140,140,-0.5,0.5,140
"8925",11,8,"spillover1","rp",75,-0.5,"spillover1 rp",2,0,440,440,0.5,0.5,440
"8927",11,23,"spillover1","rp",75,-0.5,"spillover1 rp",1,0,380,380,0.5,-0.5,380
"8929",11,5,"spillover1","rp",75,-0.5,"spillover1 rp",3,0,306,306,-0.5,-0.5,306
"8931",11,7,"spillover1","rp",75,-0.5,"spillover1 rp",1,0,2128,2128,0.5,-0.5,NA
"8933",11,13,"spillover1","rp",75,-0.5,"spillover1 rp",3,0,420,420,-0.5,-0.5,420
"9751",12,14,"spillover1","rp",63,0.5,"spillover1 rp",3,0,273,273,-0.5,-0.5,273
"9753",12,7,"spillover1","rp",63,0.5,"spillover1 rp",4,0,295,295,-0.5,0.5,295
"9755",12,11,"spillover1","rp",63,0.5,"spillover1 rp",4,0,276,276,-0.5,0.5,276
"9757",12,19,"spillover1","rp",63,0.5,"spillover1 rp",4,0,451,451,-0.5,0.5,451
"9759",12,24,"spillover1","rp",63,0.5,"spillover1 rp",1,0,333,333,0.5,-0.5,333
"9761",12,18,"spillover1","rp",63,0.5,"spillover1 rp",3,0,236,236,-0.5,-0.5,236
"9763",12,15,"spillover1","rp",63,0.5,"spillover1 rp",4,0,892,892,-0.5,0.5,892
"9765",12,20,"spillover1","rp",63,0.5,"spillover1 rp",1,0,449,449,0.5,-0.5,449
"9767",12,22,"spillover1","rp",63,0.5,"spillover1 rp",3,0,201,201,-0.5,-0.5,201
"9769",12,23,"spillover1","rp",63,0.5,"spillover1 rp",4,0,175,175,-0.5,0.5,175
"9771",12,2,"spillover1","rp",63,0.5,"spillover1 rp",3,0,361,361,-0.5,-0.5,361
"9773",12,6,"spillover1","rp",63,0.5,"spillover1 rp",3,0,262,262,-0.5,-0.5,262
"9775",12,3,"spillover1","rp",63,0.5,"spillover1 rp",4,0,532,532,-0.5,0.5,532
"9777",12,4,"spillover1","rp",63,0.5,"spillover1 rp",1,0,538,538,0.5,-0.5,538
"9779",12,9,"spillover1","rp",63,0.5,"spillover1 rp",2,0,523,523,0.5,0.5,523
"9781",12,1,"spillover1","rp",63,0.5,"spillover1 rp",2,0,312,312,0.5,0.5,312
"9783",12,13,"spillover1","rp",63,0.5,"spillover1 rp",2,0,2794,2794,0.5,0.5,2794
"9785",12,16,"spillover1","rp",63,0.5,"spillover1 rp",1,0,4288,4288,0.5,-0.5,NA
"9787",12,8,"spillover1","rp",63,0.5,"spillover1 rp",1,0,237,237,0.5,-0.5,237
"9789",12,5,"spillover1","rp",63,0.5,"spillover1 rp",2,0,208,208,0.5,0.5,208
"9791",12,21,"spillover1","rp",63,0.5,"spillover1 rp",2,0,623,623,0.5,0.5,623
"9793",12,10,"spillover1","rp",63,0.5,"spillover1 rp",3,0,319,319,-0.5,-0.5,319
"9795",12,17,"spillover1","rp",63,0.5,"spillover1 rp",2,0,221,221,0.5,0.5,221
"9797",12,12,"spillover1","rp",63,0.5,"spillover1 rp",1,0,258,258,0.5,-0.5,258
"10616",13,7,"spillover1","rp",70,0.5,"spillover1 rp",2,0,490,490,0.5,0.5,490
"10618",13,3,"spillover1","rp",70,0.5,"spillover1 rp",2,0,4066,4066,0.5,0.5,4066
"10620",13,20,"spillover1","rp",70,0.5,"spillover1 rp",3,0,316,316,-0.5,-0.5,316
"10622",13,23,"spillover1","rp",70,0.5,"spillover1 rp",2,0,3208,3208,0.5,0.5,3208
"10624",13,2,"spillover1","rp",70,0.5,"spillover1 rp",1,0,2002,2002,0.5,-0.5,2002
"10626",13,13,"spillover1","rp",70,0.5,"spillover1 rp",4,0,1944,1944,-0.5,0.5,1944
"10628",13,24,"spillover1","rp",70,0.5,"spillover1 rp",3,0,656,656,-0.5,-0.5,656
"10630",13,11,"spillover1","rp",70,0.5,"spillover1 rp",2,0,3880,3880,0.5,0.5,3880
"10632",13,14,"spillover1","rp",70,0.5,"spillover1 rp",1,0,598,598,0.5,-0.5,598
"10634",13,8,"spillover1","rp",70,0.5,"spillover1 rp",3,0,428,428,-0.5,-0.5,428
"10636",13,15,"spillover1","rp",70,0.5,"spillover1 rp",2,0,664,664,0.5,0.5,664
"10638",13,4,"spillover1","rp",70,0.5,"spillover1 rp",3,0,498,498,-0.5,-0.5,498
"10640",13,1,"spillover1","rp",70,0.5,"spillover1 rp",4,0,292,292,-0.5,0.5,292
"10642",13,12,"spillover1","rp",70,0.5,"spillover1 rp",3,0,688,688,-0.5,-0.5,688
"10644",13,10,"spillover1","rp",70,0.5,"spillover1 rp",1,0,644,644,0.5,-0.5,644
"10646",13,9,"spillover1","rp",70,0.5,"spillover1 rp",4,0,378,378,-0.5,0.5,378
"10648",13,17,"spillover1","rp",70,0.5,"spillover1 rp",4,0,270,270,-0.5,0.5,270
"10650",13,22,"spillover1","rp",70,0.5,"spillover1 rp",1,0,1130,1130,0.5,-0.5,1130
"10652",13,21,"spillover1","rp",70,0.5,"spillover1 rp",4,0,398,398,-0.5,0.5,398
"10654",13,6,"spillover1","rp",70,0.5,"spillover1 rp",1,0,536,536,0.5,-0.5,536
"10656",13,5,"spillover1","rp",70,0.5,"spillover1 rp",4,0,518,518,-0.5,0.5,518
"10658",13,19,"spillover1","rp",70,0.5,"spillover1 rp",2,0,1416,1416,0.5,0.5,1416
"10660",13,16,"spillover1","rp",70,0.5,"spillover1 rp",3,0,324,324,-0.5,-0.5,324
"10662",13,18,"spillover1","rp",70,0.5,"spillover1 rp",1,0,666,666,0.5,-0.5,666
"11479",14,12,"spillover1","rp",72,-0.5,"spillover1 rp",4,0,322,322,-0.5,0.5,322
"11481",14,23,"spillover1","rp",72,-0.5,"spillover1 rp",3,0,308,308,-0.5,-0.5,308
"11483",14,22,"spillover1","rp",72,-0.5,"spillover1 rp",2,0,308,308,0.5,0.5,308
"11485",14,20,"spillover1","rp",72,-0.5,"spillover1 rp",4,0,274,274,-0.5,0.5,274
"11487",14,10,"spillover1","rp",72,-0.5,"spillover1 rp",2,0,230,230,0.5,0.5,230
"11489",14,15,"spillover1","rp",72,-0.5,"spillover1 rp",3,0,196,196,-0.5,-0.5,196
"11491",14,6,"spillover1","rp",72,-0.5,"spillover1 rp",2,0,392,392,0.5,0.5,392
"11493",14,4,"spillover1","rp",72,-0.5,"spillover1 rp",4,0,352,352,-0.5,0.5,352
"11495",14,18,"spillover1","rp",72,-0.5,"spillover1 rp",2,0,202,202,0.5,0.5,202
"11497",14,7,"spillover1","rp",72,-0.5,"spillover1 rp",3,0,170,170,-0.5,-0.5,170
"11499",14,24,"spillover1","rp",72,-0.5,"spillover1 rp",4,0,240,240,-0.5,0.5,240
"11501",14,16,"spillover1","rp",72,-0.5,"spillover1 rp",4,0,384,384,-0.5,0.5,384
"11503",14,3,"spillover1","rp",72,-0.5,"spillover1 rp",3,0,548,548,-0.5,-0.5,548
"11505",14,2,"spillover1","rp",72,-0.5,"spillover1 rp",2,0,246,246,0.5,0.5,246
"11507",14,21,"spillover1","rp",72,-0.5,"spillover1 rp",1,0,232,232,0.5,-0.5,232
"11509",14,13,"spillover1","rp",72,-0.5,"spillover1 rp",1,0,260,260,0.5,-0.5,260
"11511",14,9,"spillover1","rp",72,-0.5,"spillover1 rp",1,0,966,966,0.5,-0.5,NA
"11513",14,17,"spillover1","rp",72,-0.5,"spillover1 rp",1,0,440,440,0.5,-0.5,440
"11515",14,19,"spillover1","rp",72,-0.5,"spillover1 rp",3,0,208,208,-0.5,-0.5,208
"11517",14,11,"spillover1","rp",72,-0.5,"spillover1 rp",3,0,84,84,-0.5,-0.5,84
"11519",14,1,"spillover1","rp",72,-0.5,"spillover1 rp",1,0,476,476,0.5,-0.5,476
"11521",14,5,"spillover1","rp",72,-0.5,"spillover1 rp",1,0,176,176,0.5,-0.5,176
"11523",14,14,"spillover1","rp",72,-0.5,"spillover1 rp",2,0,214,214,0.5,0.5,214
"11525",14,8,"spillover1","rp",72,-0.5,"spillover1 rp",4,0,232,232,-0.5,0.5,232
"12315",15,7,"spillover1","rp",73,-0.5,"spillover1 rp",4,0,320,320,-0.5,0.5,320
"12317",15,16,"spillover1","rp",73,-0.5,"spillover1 rp",1,0,238,238,0.5,-0.5,238
"12319",15,14,"spillover1","rp",73,-0.5,"spillover1 rp",3,0,370,370,-0.5,-0.5,370
"12321",15,3,"spillover1","rp",73,-0.5,"spillover1 rp",4,0,272,272,-0.5,0.5,272
"12323",15,19,"spillover1","rp",73,-0.5,"spillover1 rp",4,0,252,252,-0.5,0.5,252
"12326",15,11,"spillover1","rp",73,-0.5,"spillover1 rp",4,0,348,348,-0.5,0.5,348
"12328",15,20,"spillover1","rp",73,-0.5,"spillover1 rp",1,0,258,258,0.5,-0.5,258
"12330",15,8,"spillover1","rp",73,-0.5,"spillover1 rp",1,0,514,514,0.5,-0.5,514
"12332",15,17,"spillover1","rp",73,-0.5,"spillover1 rp",2,0,350,350,0.5,0.5,350
"12334",15,13,"spillover1","rp",73,-0.5,"spillover1 rp",2,0,472,472,0.5,0.5,472
"12336",15,22,"spillover1","rp",73,-0.5,"spillover1 rp",3,0,272,272,-0.5,-0.5,272
"12338",15,18,"spillover1","rp",73,-0.5,"spillover1 rp",3,0,250,250,-0.5,-0.5,250
"12340",15,6,"spillover1","rp",73,-0.5,"spillover1 rp",3,0,588,588,-0.5,-0.5,588
"12342",15,4,"spillover1","rp",73,-0.5,"spillover1 rp",1,0,612,612,0.5,-0.5,612
"12345",15,12,"spillover1","rp",73,-0.5,"spillover1 rp",1,0,482,482,0.5,-0.5,482
"12348",15,1,"spillover1","rp",73,-0.5,"spillover1 rp",2,0,300,300,0.5,0.5,300
"12350",15,23,"spillover1","rp",73,-0.5,"spillover1 rp",4,0,550,550,-0.5,0.5,550
"12352",15,2,"spillover1","rp",73,-0.5,"spillover1 rp",3,0,242,242,-0.5,-0.5,242
"12354",15,24,"spillover1","rp",73,-0.5,"spillover1 rp",1,0,324,324,0.5,-0.5,324
"12357",15,9,"spillover1","rp",73,-0.5,"spillover1 rp",2,0,280,280,0.5,0.5,280
"13135",16,12,"spillover1","rp",69,0.5,"spillover1 rp",2,0,378,378,0.5,0.5,378
"13137",16,11,"spillover1","rp",69,0.5,"spillover1 rp",1,0,298,298,0.5,-0.5,298
"13139",16,9,"spillover1","rp",69,0.5,"spillover1 rp",3,0,256,256,-0.5,-0.5,256
"13141",16,14,"spillover1","rp",69,0.5,"spillover1 rp",4,0,236,236,-0.5,0.5,236
"13143",16,20,"spillover1","rp",69,0.5,"spillover1 rp",2,0,374,374,0.5,0.5,374
"13145",16,7,"spillover1","rp",69,0.5,"spillover1 rp",1,0,276,276,0.5,-0.5,276
"13147",16,6,"spillover1","rp",69,0.5,"spillover1 rp",4,0,208,208,-0.5,0.5,208
"13149",16,18,"spillover1","rp",69,0.5,"spillover1 rp",4,0,242,242,-0.5,0.5,242
"13151",16,24,"spillover1","rp",69,0.5,"spillover1 rp",2,0,1950,1950,0.5,0.5,1950
"13153",16,13,"spillover1","rp",69,0.5,"spillover1 rp",3,0,354,354,-0.5,-0.5,354
"13155",16,3,"spillover1","rp",69,0.5,"spillover1 rp",1,0,1802,1802,0.5,-0.5,1802
"13157",16,4,"spillover1","rp",69,0.5,"spillover1 rp",2,0,226,226,0.5,0.5,226
"13159",16,19,"spillover1","rp",69,0.5,"spillover1 rp",1,0,1584,1584,0.5,-0.5,1584
"13161",16,21,"spillover1","rp",69,0.5,"spillover1 rp",3,0,228,228,-0.5,-0.5,228
"13163",16,5,"spillover1","rp",69,0.5,"spillover1 rp",3,0,184,184,-0.5,-0.5,184
"13165",16,15,"spillover1","rp",69,0.5,"spillover1 rp",1,0,452,452,0.5,-0.5,452
"13167",16,22,"spillover1","rp",69,0.5,"spillover1 rp",4,0,428,428,-0.5,0.5,428
"13169",16,17,"spillover1","rp",69,0.5,"spillover1 rp",3,0,220,220,-0.5,-0.5,220
"13171",16,16,"spillover1","rp",69,0.5,"spillover1 rp",2,0,416,416,0.5,0.5,416
"13173",16,8,"spillover1","rp",69,0.5,"spillover1 rp",2,0,246,246,0.5,0.5,246
"13175",16,23,"spillover1","rp",69,0.5,"spillover1 rp",1,0,244,244,0.5,-0.5,244
"13177",16,2,"spillover1","rp",69,0.5,"spillover1 rp",4,0,466,466,-0.5,0.5,466
"13179",16,1,"spillover1","rp",69,0.5,"spillover1 rp",3,0,204,204,-0.5,-0.5,204
"13181",16,10,"spillover1","rp",69,0.5,"spillover1 rp",4,0,204,204,-0.5,0.5,204
"13999",17,8,"spillover1","rp",82,-0.5,"spillover1 rp",3,0,388,388,-0.5,-0.5,388
"14001",17,16,"spillover1","rp",82,-0.5,"spillover1 rp",3,0,384,384,-0.5,-0.5,384
"14003",17,15,"spillover1","rp",82,-0.5,"spillover1 rp",2,0,1538,1538,0.5,0.5,1538
"14005",17,11,"spillover1","rp",82,-0.5,"spillover1 rp",2,1,0,NA,0.5,0.5,NA
"14007",17,1,"spillover1","rp",82,-0.5,"spillover1 rp",4,0,396,396,-0.5,0.5,396
"14009",17,9,"spillover1","rp",82,-0.5,"spillover1 rp",4,0,476,476,-0.5,0.5,476
"14011",17,2,"spillover1","rp",82,-0.5,"spillover1 rp",1,0,2452,2452,0.5,-0.5,2452
"14013",17,20,"spillover1","rp",82,-0.5,"spillover1 rp",3,0,406,406,-0.5,-0.5,406
"14015",17,24,"spillover1","rp",82,-0.5,"spillover1 rp",3,0,444,444,-0.5,-0.5,444
"14017",17,18,"spillover1","rp",82,-0.5,"spillover1 rp",1,0,2112,2112,0.5,-0.5,2112
"14019",17,6,"spillover1","rp",82,-0.5,"spillover1 rp",1,0,368,368,0.5,-0.5,368
"14021",17,14,"spillover1","rp",82,-0.5,"spillover1 rp",1,0,588,588,0.5,-0.5,588
"14023",17,5,"spillover1","rp",82,-0.5,"spillover1 rp",4,0,1318,1318,-0.5,0.5,1318
"14025",17,13,"spillover1","rp",82,-0.5,"spillover1 rp",4,0,946,946,-0.5,0.5,946
"14027",17,17,"spillover1","rp",82,-0.5,"spillover1 rp",4,0,1246,1246,-0.5,0.5,1246
"14029",17,3,"spillover1","rp",82,-0.5,"spillover1 rp",2,0,3126,3126,0.5,0.5,3126
"14031",17,4,"spillover1","rp",82,-0.5,"spillover1 rp",3,0,512,512,-0.5,-0.5,512
"14033",17,12,"spillover1","rp",82,-0.5,"spillover1 rp",3,0,428,428,-0.5,-0.5,428
"14035",17,19,"spillover1","rp",82,-0.5,"spillover1 rp",2,0,2976,2976,0.5,0.5,2976
"14037",17,22,"spillover1","rp",82,-0.5,"spillover1 rp",1,0,4580,4580,0.5,-0.5,4580
"14039",17,23,"spillover1","rp",82,-0.5,"spillover1 rp",2,0,1084,1084,0.5,0.5,1084
"14041",17,10,"spillover1","rp",82,-0.5,"spillover1 rp",1,0,1486,1486,0.5,-0.5,1486
"14043",17,21,"spillover1","rp",82,-0.5,"spillover1 rp",4,0,322,322,-0.5,0.5,322
"14045",17,7,"spillover1","rp",82,-0.5,"spillover1 rp",2,0,2230,2230,0.5,0.5,2230
"14863",18,17,"spillover1","rp",89,-0.5,"spillover1 rp",1,1,0,NA,0.5,-0.5,NA
"14865",18,5,"spillover1","rp",89,-0.5,"spillover1 rp",1,0,246,246,0.5,-0.5,246
"14867",18,12,"spillover1","rp",89,-0.5,"spillover1 rp",4,0,578,578,-0.5,0.5,578
"14869",18,24,"spillover1","rp",89,-0.5,"spillover1 rp",4,0,318,318,-0.5,0.5,318
"14871",18,23,"spillover1","rp",89,-0.5,"spillover1 rp",3,0,392,392,-0.5,-0.5,392
"14873",18,16,"spillover1","rp",89,-0.5,"spillover1 rp",4,1,0,NA,-0.5,0.5,NA
"14875",18,8,"spillover1","rp",89,-0.5,"spillover1 rp",4,0,394,394,-0.5,0.5,394
"14877",18,1,"spillover1","rp",89,-0.5,"spillover1 rp",1,0,434,434,0.5,-0.5,434
"14879",18,15,"spillover1","rp",89,-0.5,"spillover1 rp",3,0,542,542,-0.5,-0.5,542
"14881",18,14,"spillover1","rp",89,-0.5,"spillover1 rp",2,0,650,650,0.5,0.5,650
"14883",18,3,"spillover1","rp",89,-0.5,"spillover1 rp",3,0,270,270,-0.5,-0.5,270
"14885",18,18,"spillover1","rp",89,-0.5,"spillover1 rp",2,0,252,252,0.5,0.5,252
"14887",18,21,"spillover1","rp",89,-0.5,"spillover1 rp",1,1,0,NA,0.5,-0.5,NA
"14889",18,2,"spillover1","rp",89,-0.5,"spillover1 rp",2,1,0,NA,0.5,0.5,NA
"14891",18,13,"spillover1","rp",89,-0.5,"spillover1 rp",1,0,372,372,0.5,-0.5,372
"14893",18,20,"spillover1","rp",89,-0.5,"spillover1 rp",4,0,546,546,-0.5,0.5,546
"14895",18,4,"spillover1","rp",89,-0.5,"spillover1 rp",4,0,646,646,-0.5,0.5,646
"14897",18,7,"spillover1","rp",89,-0.5,"spillover1 rp",3,1,0,NA,-0.5,-0.5,NA
"14899",18,6,"spillover1","rp",89,-0.5,"spillover1 rp",2,0,292,292,0.5,0.5,292
"14901",18,10,"spillover1","rp",89,-0.5,"spillover1 rp",2,1,0,NA,0.5,0.5,NA
"14903",18,22,"spillover1","rp",89,-0.5,"spillover1 rp",2,1,0,NA,0.5,0.5,NA
"14905",18,9,"spillover1","rp",89,-0.5,"spillover1 rp",1,0,202,202,0.5,-0.5,202
"14907",18,19,"spillover1","rp",89,-0.5,"spillover1 rp",3,0,224,224,-0.5,-0.5,224
"14909",18,11,"spillover1","rp",89,-0.5,"spillover1 rp",3,0,272,272,-0.5,-0.5,272
"15728",19,8,"spillover1","rp",53,0.5,"spillover1 rp",1,0,762,762,0.5,-0.5,762
"15730",19,7,"spillover1","rp",53,0.5,"spillover1 rp",4,0,2600,2600,-0.5,0.5,NA
"15732",19,11,"spillover1","rp",53,0.5,"spillover1 rp",4,0,330,330,-0.5,0.5,330
"15734",19,20,"spillover1","rp",53,0.5,"spillover1 rp",1,0,322,322,0.5,-0.5,322
"15736",19,21,"spillover1","rp",53,0.5,"spillover1 rp",2,0,352,352,0.5,0.5,352
"15738",19,19,"spillover1","rp",53,0.5,"spillover1 rp",4,0,396,396,-0.5,0.5,396
"15740",19,5,"spillover1","rp",53,0.5,"spillover1 rp",2,0,362,362,0.5,0.5,362
"15742",19,12,"spillover1","rp",53,0.5,"spillover1 rp",1,0,560,560,0.5,-0.5,560
"15744",19,2,"spillover1","rp",53,0.5,"spillover1 rp",3,0,266,266,-0.5,-0.5,266
"15746",19,13,"spillover1","rp",53,0.5,"spillover1 rp",2,0,928,928,0.5,0.5,928
"15748",19,17,"spillover1","rp",53,0.5,"spillover1 rp",2,0,1420,1420,0.5,0.5,1420
"15750",19,6,"spillover1","rp",53,0.5,"spillover1 rp",3,0,144,144,-0.5,-0.5,144
"15752",19,18,"spillover1","rp",53,0.5,"spillover1 rp",3,0,300,300,-0.5,-0.5,300
"15754",19,3,"spillover1","rp",53,0.5,"spillover1 rp",4,0,662,662,-0.5,0.5,662
"15756",19,24,"spillover1","rp",53,0.5,"spillover1 rp",1,0,456,456,0.5,-0.5,456
"15758",19,1,"spillover1","rp",53,0.5,"spillover1 rp",2,0,296,296,0.5,0.5,296
"15760",19,9,"spillover1","rp",53,0.5,"spillover1 rp",2,0,398,398,0.5,0.5,398
"15762",19,10,"spillover1","rp",53,0.5,"spillover1 rp",3,0,242,242,-0.5,-0.5,242
"15764",19,23,"spillover1","rp",53,0.5,"spillover1 rp",4,0,262,262,-0.5,0.5,262
"15766",19,4,"spillover1","rp",53,0.5,"spillover1 rp",1,0,420,420,0.5,-0.5,420
"15768",19,14,"spillover1","rp",53,0.5,"spillover1 rp",3,0,280,280,-0.5,-0.5,280
"15770",19,22,"spillover1","rp",53,0.5,"spillover1 rp",3,0,128,128,-0.5,-0.5,128
"15772",19,16,"spillover1","rp",53,0.5,"spillover1 rp",1,0,342,342,0.5,-0.5,342
"15774",19,15,"spillover1","rp",53,0.5,"spillover1 rp",4,0,142,142,-0.5,0.5,142
"16592",20,6,"spillover1","rp",81,-0.5,"spillover1 rp",4,1,0,NA,-0.5,0.5,NA
"16594",20,12,"spillover1","rp",81,-0.5,"spillover1 rp",2,0,2158,2158,0.5,0.5,2158
"16596",20,4,"spillover1","rp",81,-0.5,"spillover1 rp",2,1,0,NA,0.5,0.5,NA
"16598",20,19,"spillover1","rp",81,-0.5,"spillover1 rp",1,0,384,384,0.5,-0.5,384
"16600",20,7,"spillover1","rp",81,-0.5,"spillover1 rp",1,0,308,308,0.5,-0.5,308
"16602",20,22,"spillover1","rp",81,-0.5,"spillover1 rp",4,0,528,528,-0.5,0.5,528
"16604",20,14,"spillover1","rp",81,-0.5,"spillover1 rp",4,0,252,252,-0.5,0.5,252
"16606",20,2,"spillover1","rp",81,-0.5,"spillover1 rp",4,0,308,308,-0.5,0.5,308
"16608",20,8,"spillover1","rp",81,-0.5,"spillover1 rp",2,0,292,292,0.5,0.5,292
"16610",20,10,"spillover1","rp",81,-0.5,"spillover1 rp",4,1,0,NA,-0.5,0.5,NA
"16612",20,23,"spillover1","rp",81,-0.5,"spillover1 rp",1,0,344,344,0.5,-0.5,344
"16614",20,13,"spillover1","rp",81,-0.5,"spillover1 rp",3,0,344,344,-0.5,-0.5,344
"16616",20,3,"spillover1","rp",81,-0.5,"spillover1 rp",1,0,324,324,0.5,-0.5,324
"16618",20,5,"spillover1","rp",81,-0.5,"spillover1 rp",3,0,474,474,-0.5,-0.5,474
"16620",20,21,"spillover1","rp",81,-0.5,"spillover1 rp",3,0,430,430,-0.5,-0.5,430
"16622",20,18,"spillover1","rp",81,-0.5,"spillover1 rp",4,0,214,214,-0.5,0.5,214
"16624",20,9,"spillover1","rp",81,-0.5,"spillover1 rp",3,0,242,242,-0.5,-0.5,242
"16626",20,17,"spillover1","rp",81,-0.5,"spillover1 rp",3,0,244,244,-0.5,-0.5,244
"16628",20,11,"spillover1","rp",81,-0.5,"spillover1 rp",1,0,2466,2466,0.5,-0.5,2466
"16630",20,1,"spillover1","rp",81,-0.5,"spillover1 rp",3,0,210,210,-0.5,-0.5,210
"16632",20,24,"spillover1","rp",81,-0.5,"spillover1 rp",2,0,10878,10878,0.5,0.5,NA
"16634",20,16,"spillover1","rp",81,-0.5,"spillover1 rp",2,0,396,396,0.5,0.5,396
"16636",20,15,"spillover1","rp",81,-0.5,"spillover1 rp",1,0,286,286,0.5,-0.5,286
"16638",20,20,"spillover1","rp",81,-0.5,"spillover1 rp",2,0,252,252,0.5,0.5,252
"17456",21,4,"spillover1","rp",86,-0.5,"spillover1 rp",3,0,428,428,-0.5,-0.5,428
"17458",21,23,"spillover1","rp",86,-0.5,"spillover1 rp",2,0,468,468,0.5,0.5,468
"17460",21,22,"spillover1","rp",86,-0.5,"spillover1 rp",1,1,0,NA,0.5,-0.5,NA
"17462",21,2,"spillover1","rp",86,-0.5,"spillover1 rp",1,0,1598,1598,0.5,-0.5,1598
"17464",21,10,"spillover1","rp",86,-0.5,"spillover1 rp",1,0,3672,3672,0.5,-0.5,3672
"17466",21,12,"spillover1","rp",86,-0.5,"spillover1 rp",3,0,928,928,-0.5,-0.5,928
"17468",21,18,"spillover1","rp",86,-0.5,"spillover1 rp",1,0,1002,1002,0.5,-0.5,1002
"17470",21,21,"spillover1","rp",86,-0.5,"spillover1 rp",4,0,334,334,-0.5,0.5,334
"17472",21,7,"spillover1","rp",86,-0.5,"spillover1 rp",2,0,814,814,0.5,0.5,814
"17474",21,14,"spillover1","rp",86,-0.5,"spillover1 rp",1,0,314,314,0.5,-0.5,314
"17476",21,15,"spillover1","rp",86,-0.5,"spillover1 rp",2,0,432,432,0.5,0.5,432
"17478",21,17,"spillover1","rp",86,-0.5,"spillover1 rp",4,0,310,310,-0.5,0.5,310
"17480",21,16,"spillover1","rp",86,-0.5,"spillover1 rp",3,0,448,448,-0.5,-0.5,448
"17482",21,20,"spillover1","rp",86,-0.5,"spillover1 rp",3,0,494,494,-0.5,-0.5,494
"17484",21,6,"spillover1","rp",86,-0.5,"spillover1 rp",1,0,404,404,0.5,-0.5,404
"17486",21,3,"spillover1","rp",86,-0.5,"spillover1 rp",2,0,1466,1466,0.5,0.5,1466
"17488",21,9,"spillover1","rp",86,-0.5,"spillover1 rp",4,0,404,404,-0.5,0.5,404
"17490",21,19,"spillover1","rp",86,-0.5,"spillover1 rp",2,0,3854,3854,0.5,0.5,3854
"17492",21,8,"spillover1","rp",86,-0.5,"spillover1 rp",3,0,514,514,-0.5,-0.5,514
"17494",21,5,"spillover1","rp",86,-0.5,"spillover1 rp",4,0,360,360,-0.5,0.5,360
"17496",21,24,"spillover1","rp",86,-0.5,"spillover1 rp",3,0,2744,2744,-0.5,-0.5,2744
"17498",21,1,"spillover1","rp",86,-0.5,"spillover1 rp",4,0,818,818,-0.5,0.5,818
"17500",21,11,"spillover1","rp",86,-0.5,"spillover1 rp",2,0,324,324,0.5,0.5,324
"17502",21,13,"spillover1","rp",86,-0.5,"spillover1 rp",4,0,248,248,-0.5,0.5,248
"18319",22,4,"spillover1","rp",53,0.5,"spillover1 rp",4,0,354,354,-0.5,0.5,354
"18321",22,2,"spillover1","rp",53,0.5,"spillover1 rp",2,0,288,288,0.5,0.5,288
"18323",22,16,"spillover1","rp",53,0.5,"spillover1 rp",4,0,416,416,-0.5,0.5,416
"18325",22,7,"spillover1","rp",53,0.5,"spillover1 rp",3,0,448,448,-0.5,-0.5,448
"18327",22,12,"spillover1","rp",53,0.5,"spillover1 rp",4,0,388,388,-0.5,0.5,388
"18329",22,20,"spillover1","rp",53,0.5,"spillover1 rp",4,0,330,330,-0.5,0.5,330
"18331",22,24,"spillover1","rp",53,0.5,"spillover1 rp",4,0,356,356,-0.5,0.5,356
"18333",22,15,"spillover1","rp",53,0.5,"spillover1 rp",3,0,382,382,-0.5,-0.5,382
"18335",22,22,"spillover1","rp",53,0.5,"spillover1 rp",2,0,228,228,0.5,0.5,228
"18337",22,11,"spillover1","rp",53,0.5,"spillover1 rp",3,0,310,310,-0.5,-0.5,310
"18339",22,19,"spillover1","rp",53,0.5,"spillover1 rp",3,0,398,398,-0.5,-0.5,398
"18341",22,21,"spillover1","rp",53,0.5,"spillover1 rp",1,0,322,322,0.5,-0.5,322
"18343",22,8,"spillover1","rp",53,0.5,"spillover1 rp",4,0,362,362,-0.5,0.5,362
"18345",22,23,"spillover1","rp",53,0.5,"spillover1 rp",3,0,270,270,-0.5,-0.5,270
"18347",22,14,"spillover1","rp",53,0.5,"spillover1 rp",2,0,416,416,0.5,0.5,416
"18349",22,9,"spillover1","rp",53,0.5,"spillover1 rp",1,0,198,198,0.5,-0.5,198
"18351",22,1,"spillover1","rp",53,0.5,"spillover1 rp",1,0,412,412,0.5,-0.5,412
"18353",22,3,"spillover1","rp",53,0.5,"spillover1 rp",3,0,374,374,-0.5,-0.5,374
"18355",22,5,"spillover1","rp",53,0.5,"spillover1 rp",1,0,334,334,0.5,-0.5,334
"18357",22,13,"spillover1","rp",53,0.5,"spillover1 rp",1,0,418,418,0.5,-0.5,418
"18359",22,6,"spillover1","rp",53,0.5,"spillover1 rp",2,0,7176,7176,0.5,0.5,NA
"18361",22,18,"spillover1","rp",53,0.5,"spillover1 rp",2,0,256,256,0.5,0.5,256
"18363",22,10,"spillover1","rp",53,0.5,"spillover1 rp",2,0,392,392,0.5,0.5,392
"18365",22,17,"spillover1","rp",53,0.5,"spillover1 rp",1,0,276,276,0.5,-0.5,276
"19183",23,20,"spillover1","rp",79,-0.5,"spillover1 rp",2,0,293,293,0.5,0.5,293
"19185",23,23,"spillover1","rp",79,-0.5,"spillover1 rp",1,0,2057,2057,0.5,-0.5,NA
"19187",23,16,"spillover1","rp",79,-0.5,"spillover1 rp",2,0,450,450,0.5,0.5,450
"19189",23,8,"spillover1","rp",79,-0.5,"spillover1 rp",2,0,151,151,0.5,0.5,151
"19191",23,5,"spillover1","rp",79,-0.5,"spillover1 rp",3,1,0,NA,-0.5,-0.5,NA
"19193",23,7,"spillover1","rp",79,-0.5,"spillover1 rp",1,1,0,NA,0.5,-0.5,NA
"19195",23,2,"spillover1","rp",79,-0.5,"spillover1 rp",4,0,264,264,-0.5,0.5,264
"19197",23,21,"spillover1","rp",79,-0.5,"spillover1 rp",3,0,478,478,-0.5,-0.5,478
"19199",23,6,"spillover1","rp",79,-0.5,"spillover1 rp",4,0,293,293,-0.5,0.5,293
"19201",23,17,"spillover1","rp",79,-0.5,"spillover1 rp",3,0,373,373,-0.5,-0.5,373
"19203",23,12,"spillover1","rp",79,-0.5,"spillover1 rp",2,0,685,685,0.5,0.5,685
"19205",23,13,"spillover1","rp",79,-0.5,"spillover1 rp",3,0,288,288,-0.5,-0.5,288
"19207",23,24,"spillover1","rp",79,-0.5,"spillover1 rp",2,0,488,488,0.5,0.5,488
"19209",23,11,"spillover1","rp",79,-0.5,"spillover1 rp",1,0,625,625,0.5,-0.5,625
"19211",23,4,"spillover1","rp",79,-0.5,"spillover1 rp",2,0,333,333,0.5,0.5,333
"19213",23,22,"spillover1","rp",79,-0.5,"spillover1 rp",4,0,574,574,-0.5,0.5,574
"19215",23,14,"spillover1","rp",79,-0.5,"spillover1 rp",4,0,480,480,-0.5,0.5,480
"19217",23,3,"spillover1","rp",79,-0.5,"spillover1 rp",1,1,0,NA,0.5,-0.5,NA
"19219",23,9,"spillover1","rp",79,-0.5,"spillover1 rp",3,0,188,188,-0.5,-0.5,188
"19221",23,15,"spillover1","rp",79,-0.5,"spillover1 rp",1,0,248,248,0.5,-0.5,248
"19223",23,1,"spillover1","rp",79,-0.5,"spillover1 rp",3,0,295,295,-0.5,-0.5,295
"19225",23,10,"spillover1","rp",79,-0.5,"spillover1 rp",4,0,290,290,-0.5,0.5,290
"19227",23,18,"spillover1","rp",79,-0.5,"spillover1 rp",4,0,267,267,-0.5,0.5,267
"19229",23,19,"spillover1","rp",79,-0.5,"spillover1 rp",1,0,233,233,0.5,-0.5,233
"20040",24,11,"spillover1","rp",86,-0.5,"spillover1 rp",4,0,428,428,-0.5,0.5,428
"20043",24,13,"spillover1","rp",86,-0.5,"spillover1 rp",2,0,410,410,0.5,0.5,410
"20045",24,4,"spillover1","rp",86,-0.5,"spillover1 rp",1,0,294,294,0.5,-0.5,294
"20047",24,12,"spillover1","rp",86,-0.5,"spillover1 rp",1,0,502,502,0.5,-0.5,502
"20049",24,16,"spillover1","rp",86,-0.5,"spillover1 rp",1,0,536,536,0.5,-0.5,536
"20051",24,1,"spillover1","rp",86,-0.5,"spillover1 rp",2,0,608,608,0.5,0.5,608
"20053",24,2,"spillover1","rp",86,-0.5,"spillover1 rp",3,0,684,684,-0.5,-0.5,684
"20055",24,18,"spillover1","rp",86,-0.5,"spillover1 rp",3,0,512,512,-0.5,-0.5,512
"20057",24,6,"spillover1","rp",86,-0.5,"spillover1 rp",3,0,304,304,-0.5,-0.5,304
"20059",24,14,"spillover1","rp",86,-0.5,"spillover1 rp",3,0,524,524,-0.5,-0.5,524
"20061",24,23,"spillover1","rp",86,-0.5,"spillover1 rp",4,0,434,434,-0.5,0.5,434
"20063",24,8,"spillover1","rp",86,-0.5,"spillover1 rp",1,0,540,540,0.5,-0.5,540
"20065",24,10,"spillover1","rp",86,-0.5,"spillover1 rp",3,0,212,212,-0.5,-0.5,212
"20067",24,7,"spillover1","rp",86,-0.5,"spillover1 rp",4,0,448,448,-0.5,0.5,448
"20069",24,20,"spillover1","rp",86,-0.5,"spillover1 rp",1,0,658,658,0.5,-0.5,658
"20071",24,5,"spillover1","rp",86,-0.5,"spillover1 rp",2,0,748,748,0.5,0.5,748
"20073",24,17,"spillover1","rp",86,-0.5,"spillover1 rp",2,0,566,566,0.5,0.5,566
"20075",24,24,"spillover1","rp",86,-0.5,"spillover1 rp",1,0,562,562,0.5,-0.5,562
"20077",24,9,"spillover1","rp",86,-0.5,"spillover1 rp",2,0,494,494,0.5,0.5,494
"20079",24,19,"spillover1","rp",86,-0.5,"spillover1 rp",4,0,496,496,-0.5,0.5,496
"20081",24,3,"spillover1","rp",86,-0.5,"spillover1 rp",4,0,288,288,-0.5,0.5,288
"20083",24,22,"spillover1","rp",86,-0.5,"spillover1 rp",3,0,222,222,-0.5,-0.5,222
"20085",24,15,"spillover1","rp",86,-0.5,"spillover1 rp",4,0,378,378,-0.5,0.5,378
"20894",25,2,"spillover1","rp",52,0.5,"spillover1 rp",4,0,162,162,-0.5,0.5,162
"20896",25,5,"spillover1","rp",52,0.5,"spillover1 rp",3,0,360,360,-0.5,-0.5,360
"20898",25,17,"spillover1","rp",52,0.5,"spillover1 rp",3,0,164,164,-0.5,-0.5,164
"20900",25,10,"spillover1","rp",52,0.5,"spillover1 rp",4,0,186,186,-0.5,0.5,186
"20902",25,23,"spillover1","rp",52,0.5,"spillover1 rp",1,0,1388,1388,0.5,-0.5,NA
"20904",25,18,"spillover1","rp",52,0.5,"spillover1 rp",4,0,318,318,-0.5,0.5,318
"20906",25,14,"spillover1","rp",52,0.5,"spillover1 rp",4,0,360,360,-0.5,0.5,360
"20908",25,6,"spillover1","rp",52,0.5,"spillover1 rp",4,0,180,180,-0.5,0.5,180
"20910",25,16,"spillover1","rp",52,0.5,"spillover1 rp",2,0,322,322,0.5,0.5,322
"20912",25,20,"spillover1","rp",52,0.5,"spillover1 rp",2,0,378,378,0.5,0.5,378
"20914",25,24,"spillover1","rp",52,0.5,"spillover1 rp",2,0,332,332,0.5,0.5,332
"20916",25,22,"spillover1","rp",52,0.5,"spillover1 rp",4,0,186,186,-0.5,0.5,186
"20918",25,9,"spillover1","rp",52,0.5,"spillover1 rp",3,0,152,152,-0.5,-0.5,152
"20920",25,7,"spillover1","rp",52,0.5,"spillover1 rp",1,0,158,158,0.5,-0.5,158
"20922",25,15,"spillover1","rp",52,0.5,"spillover1 rp",1,0,132,132,0.5,-0.5,132
"20924",25,12,"spillover1","rp",52,0.5,"spillover1 rp",2,0,386,386,0.5,0.5,386
"20926",25,3,"spillover1","rp",52,0.5,"spillover1 rp",1,0,158,158,0.5,-0.5,158
"20928",25,4,"spillover1","rp",52,0.5,"spillover1 rp",2,0,230,230,0.5,0.5,230
"20930",25,19,"spillover1","rp",52,0.5,"spillover1 rp",1,0,322,322,0.5,-0.5,322
"20932",25,21,"spillover1","rp",52,0.5,"spillover1 rp",3,0,332,332,-0.5,-0.5,332
"20934",25,11,"spillover1","rp",52,0.5,"spillover1 rp",1,0,310,310,0.5,-0.5,310
"20936",25,1,"spillover1","rp",52,0.5,"spillover1 rp",3,0,172,172,-0.5,-0.5,172
"20938",25,13,"spillover1","rp",52,0.5,"spillover1 rp",3,0,298,298,-0.5,-0.5,298
"20940",25,8,"spillover1","rp",52,0.5,"spillover1 rp",2,0,180,180,0.5,0.5,180
"21758",26,14,"spillover1","rp",83,-0.5,"spillover1 rp",1,0,422,422,0.5,-0.5,422
"21760",26,17,"spillover1","rp",83,-0.5,"spillover1 rp",4,0,546,546,-0.5,0.5,546
"21762",26,20,"spillover1","rp",83,-0.5,"spillover1 rp",3,0,488,488,-0.5,-0.5,488
"21764",26,6,"spillover1","rp",83,-0.5,"spillover1 rp",1,0,254,254,0.5,-0.5,254
"21766",26,15,"spillover1","rp",83,-0.5,"spillover1 rp",2,0,364,364,0.5,0.5,364
"21768",26,23,"spillover1","rp",83,-0.5,"spillover1 rp",2,0,596,596,0.5,0.5,596
"21770",26,16,"spillover1","rp",83,-0.5,"spillover1 rp",3,0,356,356,-0.5,-0.5,356
"21772",26,21,"spillover1","rp",83,-0.5,"spillover1 rp",4,0,464,464,-0.5,0.5,464
"21774",26,24,"spillover1","rp",83,-0.5,"spillover1 rp",3,0,310,310,-0.5,-0.5,310
"21776",26,12,"spillover1","rp",83,-0.5,"spillover1 rp",3,0,302,302,-0.5,-0.5,302
"21778",26,4,"spillover1","rp",83,-0.5,"spillover1 rp",3,0,362,362,-0.5,-0.5,362
"21780",26,18,"spillover1","rp",83,-0.5,"spillover1 rp",1,0,518,518,0.5,-0.5,518
"21782",26,11,"spillover1","rp",83,-0.5,"spillover1 rp",2,0,580,580,0.5,0.5,580
"21784",26,7,"spillover1","rp",83,-0.5,"spillover1 rp",2,0,480,480,0.5,0.5,480
"21786",26,1,"spillover1","rp",83,-0.5,"spillover1 rp",4,0,292,292,-0.5,0.5,292
"21788",26,9,"spillover1","rp",83,-0.5,"spillover1 rp",4,0,334,334,-0.5,0.5,334
"21790",26,3,"spillover1","rp",83,-0.5,"spillover1 rp",2,0,366,366,0.5,0.5,366
"21792",26,19,"spillover1","rp",83,-0.5,"spillover1 rp",2,0,398,398,0.5,0.5,398
"21794",26,2,"spillover1","rp",83,-0.5,"spillover1 rp",1,0,708,708,0.5,-0.5,708
"21796",26,8,"spillover1","rp",83,-0.5,"spillover1 rp",3,0,480,480,-0.5,-0.5,480
"21798",26,5,"spillover1","rp",83,-0.5,"spillover1 rp",4,0,374,374,-0.5,0.5,374
"21800",26,22,"spillover1","rp",83,-0.5,"spillover1 rp",1,0,752,752,0.5,-0.5,752
"21802",26,10,"spillover1","rp",83,-0.5,"spillover1 rp",1,0,446,446,0.5,-0.5,446
"21804",26,13,"spillover1","rp",83,-0.5,"spillover1 rp",4,0,556,556,-0.5,0.5,556
"22622",27,1,"spillover1","rp",85,-0.5,"spillover1 rp",1,0,356,356,0.5,-0.5,356
"22624",27,22,"spillover1","rp",85,-0.5,"spillover1 rp",2,0,366,366,0.5,0.5,366
"22626",27,6,"spillover1","rp",85,-0.5,"spillover1 rp",2,0,324,324,0.5,0.5,324
"22628",27,2,"spillover1","rp",85,-0.5,"spillover1 rp",2,0,1750,1750,0.5,0.5,NA
"22630",27,7,"spillover1","rp",85,-0.5,"spillover1 rp",3,0,946,946,-0.5,-0.5,946
"22632",27,19,"spillover1","rp",85,-0.5,"spillover1 rp",3,0,216,216,-0.5,-0.5,216
"22634",27,10,"spillover1","rp",85,-0.5,"spillover1 rp",2,0,562,562,0.5,0.5,562
"22636",27,24,"spillover1","rp",85,-0.5,"spillover1 rp",4,0,416,416,-0.5,0.5,416
"22638",27,17,"spillover1","rp",85,-0.5,"spillover1 rp",1,0,378,378,0.5,-0.5,378
"22640",27,3,"spillover1","rp",85,-0.5,"spillover1 rp",3,0,1114,1114,-0.5,-0.5,1114
"22642",27,13,"spillover1","rp",85,-0.5,"spillover1 rp",1,0,474,474,0.5,-0.5,474
"22644",27,8,"spillover1","rp",85,-0.5,"spillover1 rp",4,0,486,486,-0.5,0.5,486
"22646",27,21,"spillover1","rp",85,-0.5,"spillover1 rp",1,0,646,646,0.5,-0.5,646
"22648",27,4,"spillover1","rp",85,-0.5,"spillover1 rp",4,0,94,94,-0.5,0.5,94
"22650",27,9,"spillover1","rp",85,-0.5,"spillover1 rp",1,0,536,536,0.5,-0.5,536
"22652",27,12,"spillover1","rp",85,-0.5,"spillover1 rp",4,0,344,344,-0.5,0.5,344
"22654",27,16,"spillover1","rp",85,-0.5,"spillover1 rp",4,0,360,360,-0.5,0.5,360
"22656",27,20,"spillover1","rp",85,-0.5,"spillover1 rp",4,0,200,200,-0.5,0.5,200
"22658",27,15,"spillover1","rp",85,-0.5,"spillover1 rp",3,0,208,208,-0.5,-0.5,208
"22660",27,23,"spillover1","rp",85,-0.5,"spillover1 rp",3,0,372,372,-0.5,-0.5,372
"22662",27,14,"spillover1","rp",85,-0.5,"spillover1 rp",2,0,398,398,0.5,0.5,398
"22664",27,11,"spillover1","rp",85,-0.5,"spillover1 rp",3,0,284,284,-0.5,-0.5,284
"22666",27,5,"spillover1","rp",85,-0.5,"spillover1 rp",1,0,472,472,0.5,-0.5,472
"22668",27,18,"spillover1","rp",85,-0.5,"spillover1 rp",2,0,332,332,0.5,0.5,332
"23486",28,4,"spillover1","rp",63,0.5,"spillover1 rp",1,0,6696,6696,0.5,-0.5,6696
"23488",28,8,"spillover1","rp",63,0.5,"spillover1 rp",1,0,1862,1862,0.5,-0.5,1862
"23490",28,24,"spillover1","rp",63,0.5,"spillover1 rp",1,0,220,220,0.5,-0.5,220
"23492",28,3,"spillover1","rp",63,0.5,"spillover1 rp",4,0,812,812,-0.5,0.5,812
"23494",28,7,"spillover1","rp",63,0.5,"spillover1 rp",4,0,322,322,-0.5,0.5,322
"23496",28,5,"spillover1","rp",63,0.5,"spillover1 rp",2,0,5284,5284,0.5,0.5,5284
"23498",28,21,"spillover1","rp",63,0.5,"spillover1 rp",2,0,292,292,0.5,0.5,292
"23500",28,12,"spillover1","rp",63,0.5,"spillover1 rp",1,0,262,262,0.5,-0.5,262
"23502",28,22,"spillover1","rp",63,0.5,"spillover1 rp",3,0,310,310,-0.5,-0.5,310
"23504",28,14,"spillover1","rp",63,0.5,"spillover1 rp",3,0,498,498,-0.5,-0.5,498
"23506",28,10,"spillover1","rp",63,0.5,"spillover1 rp",3,0,296,296,-0.5,-0.5,296
"23508",28,11,"spillover1","rp",63,0.5,"spillover1 rp",4,0,316,316,-0.5,0.5,316
"23510",28,20,"spillover1","rp",63,0.5,"spillover1 rp",1,0,302,302,0.5,-0.5,302
"23512",28,1,"spillover1","rp",63,0.5,"spillover1 rp",2,0,300,300,0.5,0.5,300
"23514",28,23,"spillover1","rp",63,0.5,"spillover1 rp",4,0,568,568,-0.5,0.5,568
"23516",28,18,"spillover1","rp",63,0.5,"spillover1 rp",3,0,306,306,-0.5,-0.5,306
"23518",28,17,"spillover1","rp",63,0.5,"spillover1 rp",2,0,330,330,0.5,0.5,330
"23520",28,13,"spillover1","rp",63,0.5,"spillover1 rp",2,0,324,324,0.5,0.5,324
"23522",28,19,"spillover1","rp",63,0.5,"spillover1 rp",4,0,480,480,-0.5,0.5,480
"23524",28,2,"spillover1","rp",63,0.5,"spillover1 rp",3,0,222,222,-0.5,-0.5,222
"23526",28,9,"spillover1","rp",63,0.5,"spillover1 rp",2,0,978,978,0.5,0.5,978
"23528",28,15,"spillover1","rp",63,0.5,"spillover1 rp",4,0,326,326,-0.5,0.5,326
"23530",28,6,"spillover1","rp",63,0.5,"spillover1 rp",3,0,1036,1036,-0.5,-0.5,1036
"23532",28,16,"spillover1","rp",63,0.5,"spillover1 rp",1,0,4686,4686,0.5,-0.5,4686
"24342",29,18,"spillover1","rp",65,0.5,"spillover1 rp",4,0,364,364,-0.5,0.5,364
"24344",29,3,"spillover1","rp",65,0.5,"spillover1 rp",1,0,2320,2320,0.5,-0.5,2320
"24346",29,12,"spillover1","rp",65,0.5,"spillover1 rp",2,0,1348,1348,0.5,0.5,1348
"24348",29,20,"spillover1","rp",65,0.5,"spillover1 rp",2,0,1366,1366,0.5,0.5,1366
"24350",29,9,"spillover1","rp",65,0.5,"spillover1 rp",3,0,338,338,-0.5,-0.5,338
"24352",29,1,"spillover1","rp",65,0.5,"spillover1 rp",3,0,628,628,-0.5,-0.5,628
"24354",29,14,"spillover1","rp",65,0.5,"spillover1 rp",4,0,452,452,-0.5,0.5,452
"24356",29,16,"spillover1","rp",65,0.5,"spillover1 rp",2,0,312,312,0.5,0.5,312
"24358",29,17,"spillover1","rp",65,0.5,"spillover1 rp",3,0,556,556,-0.5,-0.5,556
"24360",29,24,"spillover1","rp",65,0.5,"spillover1 rp",2,0,476,476,0.5,0.5,476
"24362",29,5,"spillover1","rp",65,0.5,"spillover1 rp",3,0,238,238,-0.5,-0.5,238
"24364",29,6,"spillover1","rp",65,0.5,"spillover1 rp",4,0,406,406,-0.5,0.5,406
"24366",29,19,"spillover1","rp",65,0.5,"spillover1 rp",1,0,354,354,0.5,-0.5,354
"24368",29,15,"spillover1","rp",65,0.5,"spillover1 rp",1,0,396,396,0.5,-0.5,396
"24370",29,11,"spillover1","rp",65,0.5,"spillover1 rp",1,0,442,442,0.5,-0.5,442
"24372",29,22,"spillover1","rp",65,0.5,"spillover1 rp",4,0,324,324,-0.5,0.5,324
"24375",29,4,"spillover1","rp",65,0.5,"spillover1 rp",2,0,5248,5248,0.5,0.5,NA
"24377",29,23,"spillover1","rp",65,0.5,"spillover1 rp",1,0,748,748,0.5,-0.5,748
"24379",29,21,"spillover1","rp",65,0.5,"spillover1 rp",3,0,302,302,-0.5,-0.5,302
"24381",29,7,"spillover1","rp",65,0.5,"spillover1 rp",1,0,774,774,0.5,-0.5,774
"24383",29,13,"spillover1","rp",65,0.5,"spillover1 rp",3,0,470,470,-0.5,-0.5,470
"24385",29,8,"spillover1","rp",65,0.5,"spillover1 rp",2,0,340,340,0.5,0.5,340
"24387",29,2,"spillover1","rp",65,0.5,"spillover1 rp",4,0,334,334,-0.5,0.5,334
"25195",30,23,"spillover1","rp",60,0.5,"spillover1 rp",2,0,586,586,0.5,0.5,586
"25197",30,24,"spillover1","rp",60,0.5,"spillover1 rp",3,0,792,792,-0.5,-0.5,792
"25199",30,2,"spillover1","rp",60,0.5,"spillover1 rp",1,1,0,NA,0.5,-0.5,NA
"25201",30,8,"spillover1","rp",60,0.5,"spillover1 rp",3,0,250,250,-0.5,-0.5,250
"25203",30,9,"spillover1","rp",60,0.5,"spillover1 rp",4,1,0,NA,-0.5,0.5,NA
"25205",30,14,"spillover1","rp",60,0.5,"spillover1 rp",1,0,382,382,0.5,-0.5,382
"25207",30,20,"spillover1","rp",60,0.5,"spillover1 rp",3,0,408,408,-0.5,-0.5,408
"25209",30,3,"spillover1","rp",60,0.5,"spillover1 rp",2,0,196,196,0.5,0.5,196
"25211",30,13,"spillover1","rp",60,0.5,"spillover1 rp",4,0,278,278,-0.5,0.5,278
"25213",30,16,"spillover1","rp",60,0.5,"spillover1 rp",3,1,0,NA,-0.5,-0.5,NA
"25215",30,15,"spillover1","rp",60,0.5,"spillover1 rp",2,0,270,270,0.5,0.5,270
"25217",30,12,"spillover1","rp",60,0.5,"spillover1 rp",3,0,518,518,-0.5,-0.5,518
"25219",30,21,"spillover1","rp",60,0.5,"spillover1 rp",4,0,306,306,-0.5,0.5,306
"25221",30,19,"spillover1","rp",60,0.5,"spillover1 rp",2,0,762,762,0.5,0.5,762
"25223",30,5,"spillover1","rp",60,0.5,"spillover1 rp",4,0,206,206,-0.5,0.5,206
"25225",30,7,"spillover1","rp",60,0.5,"spillover1 rp",2,1,0,NA,0.5,0.5,NA
"25227",30,1,"spillover1","rp",60,0.5,"spillover1 rp",4,0,332,332,-0.5,0.5,332
"25229",30,17,"spillover1","rp",60,0.5,"spillover1 rp",4,0,698,698,-0.5,0.5,698
"25231",30,4,"spillover1","rp",60,0.5,"spillover1 rp",3,0,792,792,-0.5,-0.5,792
"25233",30,18,"spillover1","rp",60,0.5,"spillover1 rp",1,0,578,578,0.5,-0.5,578
"25235",30,22,"spillover1","rp",60,0.5,"spillover1 rp",1,0,196,196,0.5,-0.5,196
"25237",30,10,"spillover1","rp",60,0.5,"spillover1 rp",1,0,332,332,0.5,-0.5,332
"25239",30,6,"spillover1","rp",60,0.5,"spillover1 rp",1,0,494,494,0.5,-0.5,494
"25241",30,11,"spillover1","rp",60,0.5,"spillover1 rp",2,0,532,532,0.5,0.5,532
"26059",31,18,"spillover1","rp",85,-0.5,"spillover1 rp",2,0,222,222,0.5,0.5,222
"26061",31,7,"spillover1","rp",85,-0.5,"spillover1 rp",3,0,1898,1898,-0.5,-0.5,1898
"26063",31,19,"spillover1","rp",85,-0.5,"spillover1 rp",3,0,564,564,-0.5,-0.5,564
"26065",31,15,"spillover1","rp",85,-0.5,"spillover1 rp",3,0,358,358,-0.5,-0.5,358
"26067",31,16,"spillover1","rp",85,-0.5,"spillover1 rp",4,0,666,666,-0.5,0.5,666
"26069",31,8,"spillover1","rp",85,-0.5,"spillover1 rp",4,0,434,434,-0.5,0.5,434
"26071",31,13,"spillover1","rp",85,-0.5,"spillover1 rp",1,0,568,568,0.5,-0.5,568
"26073",31,17,"spillover1","rp",85,-0.5,"spillover1 rp",1,0,1214,1214,0.5,-0.5,1214
"26075",31,23,"spillover1","rp",85,-0.5,"spillover1 rp",3,0,402,402,-0.5,-0.5,402
"26077",31,21,"spillover1","rp",85,-0.5,"spillover1 rp",1,0,678,678,0.5,-0.5,678
"26079",31,14,"spillover1","rp",85,-0.5,"spillover1 rp",2,0,1498,1498,0.5,0.5,1498
"26081",31,10,"spillover1","rp",85,-0.5,"spillover1 rp",2,0,2390,2390,0.5,0.5,2390
"26083",31,3,"spillover1","rp",85,-0.5,"spillover1 rp",3,0,420,420,-0.5,-0.5,420
"26085",31,22,"spillover1","rp",85,-0.5,"spillover1 rp",2,0,372,372,0.5,0.5,372
"26087",31,4,"spillover1","rp",85,-0.5,"spillover1 rp",4,0,460,460,-0.5,0.5,460
"26089",31,24,"spillover1","rp",85,-0.5,"spillover1 rp",4,0,416,416,-0.5,0.5,416
"26091",31,6,"spillover1","rp",85,-0.5,"spillover1 rp",2,0,206,206,0.5,0.5,206
"26093",31,20,"spillover1","rp",85,-0.5,"spillover1 rp",4,0,442,442,-0.5,0.5,442
"26095",31,2,"spillover1","rp",85,-0.5,"spillover1 rp",2,0,342,342,0.5,0.5,342
"26097",31,9,"spillover1","rp",85,-0.5,"spillover1 rp",1,0,190,190,0.5,-0.5,190
"26099",31,1,"spillover1","rp",85,-0.5,"spillover1 rp",1,0,256,256,0.5,-0.5,256
"26101",31,12,"spillover1","rp",85,-0.5,"spillover1 rp",4,0,426,426,-0.5,0.5,426
"26103",31,5,"spillover1","rp",85,-0.5,"spillover1 rp",1,0,212,212,0.5,-0.5,212
"26105",31,11,"spillover1","rp",85,-0.5,"spillover1 rp",3,0,930,930,-0.5,-0.5,930
"26924",32,19,"spillover1","rp",59,0.5,"spillover1 rp",4,0,568,568,-0.5,0.5,568
"26926",32,6,"spillover1","rp",59,0.5,"spillover1 rp",3,0,640,640,-0.5,-0.5,640
"26928",32,3,"spillover1","rp",59,0.5,"spillover1 rp",4,0,382,382,-0.5,0.5,382
"26930",32,13,"spillover1","rp",59,0.5,"spillover1 rp",2,0,626,626,0.5,0.5,626
"26932",32,17,"spillover1","rp",59,0.5,"spillover1 rp",2,0,5012,5012,0.5,0.5,NA
"26934",32,8,"spillover1","rp",59,0.5,"spillover1 rp",1,0,396,396,0.5,-0.5,396
"26936",32,9,"spillover1","rp",59,0.5,"spillover1 rp",2,0,350,350,0.5,0.5,350
"26938",32,12,"spillover1","rp",59,0.5,"spillover1 rp",1,0,680,680,0.5,-0.5,680
"26940",32,24,"spillover1","rp",59,0.5,"spillover1 rp",1,0,434,434,0.5,-0.5,434
"26942",32,7,"spillover1","rp",59,0.5,"spillover1 rp",4,0,384,384,-0.5,0.5,384
"26944",32,16,"spillover1","rp",59,0.5,"spillover1 rp",1,0,460,460,0.5,-0.5,460
"26946",32,23,"spillover1","rp",59,0.5,"spillover1 rp",4,0,518,518,-0.5,0.5,518
"26948",32,21,"spillover1","rp",59,0.5,"spillover1 rp",2,0,588,588,0.5,0.5,588
"26950",32,15,"spillover1","rp",59,0.5,"spillover1 rp",4,0,372,372,-0.5,0.5,372
"26952",32,22,"spillover1","rp",59,0.5,"spillover1 rp",3,0,414,414,-0.5,-0.5,414
"26954",32,4,"spillover1","rp",59,0.5,"spillover1 rp",1,0,372,372,0.5,-0.5,372
"26956",32,11,"spillover1","rp",59,0.5,"spillover1 rp",4,0,186,186,-0.5,0.5,186
"26958",32,1,"spillover1","rp",59,0.5,"spillover1 rp",2,0,444,444,0.5,0.5,444
"26960",32,18,"spillover1","rp",59,0.5,"spillover1 rp",3,0,432,432,-0.5,-0.5,432
"26962",32,20,"spillover1","rp",59,0.5,"spillover1 rp",1,0,372,372,0.5,-0.5,372
"26964",32,10,"spillover1","rp",59,0.5,"spillover1 rp",3,0,402,402,-0.5,-0.5,402
"26966",32,2,"spillover1","rp",59,0.5,"spillover1 rp",3,0,458,458,-0.5,-0.5,458
"26968",32,14,"spillover1","rp",59,0.5,"spillover1 rp",3,0,432,432,-0.5,-0.5,432
"26970",32,5,"spillover1","rp",59,0.5,"spillover1 rp",2,0,414,414,0.5,0.5,414
"27787",33,5,"spillover1","rp",71,0.5,"spillover1 rp",3,0,322,322,-0.5,-0.5,322
"27789",33,24,"spillover1","rp",71,0.5,"spillover1 rp",2,0,268,268,0.5,0.5,268
"27791",33,1,"spillover1","rp",71,0.5,"spillover1 rp",3,0,322,322,-0.5,-0.5,322
"27793",33,2,"spillover1","rp",71,0.5,"spillover1 rp",4,0,314,314,-0.5,0.5,314
"27795",33,12,"spillover1","rp",71,0.5,"spillover1 rp",2,0,1286,1286,0.5,0.5,1286
"27797",33,15,"spillover1","rp",71,0.5,"spillover1 rp",1,0,514,514,0.5,-0.5,514
"27799",33,8,"spillover1","rp",71,0.5,"spillover1 rp",2,0,1084,1084,0.5,0.5,1084
"27801",33,22,"spillover1","rp",71,0.5,"spillover1 rp",4,0,478,478,-0.5,0.5,478
"27803",33,6,"spillover1","rp",71,0.5,"spillover1 rp",4,0,274,274,-0.5,0.5,274
"27805",33,23,"spillover1","rp",71,0.5,"spillover1 rp",1,0,332,332,0.5,-0.5,332
"27807",33,9,"spillover1","rp",71,0.5,"spillover1 rp",3,0,240,240,-0.5,-0.5,240
"27809",33,21,"spillover1","rp",71,0.5,"spillover1 rp",3,0,1118,1118,-0.5,-0.5,1118
"27811",33,4,"spillover1","rp",71,0.5,"spillover1 rp",2,0,638,638,0.5,0.5,638
"27813",33,16,"spillover1","rp",71,0.5,"spillover1 rp",2,0,2310,2310,0.5,0.5,2310
"27815",33,18,"spillover1","rp",71,0.5,"spillover1 rp",4,0,230,230,-0.5,0.5,230
"27817",33,19,"spillover1","rp",71,0.5,"spillover1 rp",1,0,942,942,0.5,-0.5,942
"27819",33,17,"spillover1","rp",71,0.5,"spillover1 rp",3,0,494,494,-0.5,-0.5,494
"27821",33,14,"spillover1","rp",71,0.5,"spillover1 rp",4,0,308,308,-0.5,0.5,308
"27823",33,10,"spillover1","rp",71,0.5,"spillover1 rp",4,0,216,216,-0.5,0.5,216
"27825",33,11,"spillover1","rp",71,0.5,"spillover1 rp",1,0,526,526,0.5,-0.5,526
"27827",33,13,"spillover1","rp",71,0.5,"spillover1 rp",3,1,0,NA,-0.5,-0.5,NA
"27829",33,20,"spillover1","rp",71,0.5,"spillover1 rp",2,0,2158,2158,0.5,0.5,2158
"27831",33,7,"spillover1","rp",71,0.5,"spillover1 rp",1,0,4026,4026,0.5,-0.5,NA
"27833",33,3,"spillover1","rp",71,0.5,"spillover1 rp",1,0,462,462,0.5,-0.5,462
"28652",34,11,"spillover1","rp",74,-0.5,"spillover1 rp",2,0,1938,1938,0.5,0.5,1938
"28654",34,8,"spillover1","rp",74,-0.5,"spillover1 rp",3,0,357,357,-0.5,-0.5,357
"28656",34,15,"spillover1","rp",74,-0.5,"spillover1 rp",2,1,0,NA,0.5,0.5,NA
"28658",34,20,"spillover1","rp",74,-0.5,"spillover1 rp",3,0,336,336,-0.5,-0.5,336
"28660",34,12,"spillover1","rp",74,-0.5,"spillover1 rp",3,0,466,466,-0.5,-0.5,466
"28662",34,24,"spillover1","rp",74,-0.5,"spillover1 rp",3,0,429,429,-0.5,-0.5,429
"28664",34,2,"spillover1","rp",74,-0.5,"spillover1 rp",1,0,204,204,0.5,-0.5,204
"28666",34,10,"spillover1","rp",74,-0.5,"spillover1 rp",1,0,153,153,0.5,-0.5,153
"28668",34,4,"spillover1","rp",74,-0.5,"spillover1 rp",3,0,196,196,-0.5,-0.5,196
"28670",34,6,"spillover1","rp",74,-0.5,"spillover1 rp",1,0,2279,2279,0.5,-0.5,2279
"28672",34,22,"spillover1","rp",74,-0.5,"spillover1 rp",1,0,1322,1322,0.5,-0.5,1322
"28674",34,17,"spillover1","rp",74,-0.5,"spillover1 rp",4,0,745,745,-0.5,0.5,745
"28676",34,16,"spillover1","rp",74,-0.5,"spillover1 rp",3,0,176,176,-0.5,-0.5,176
"28678",34,14,"spillover1","rp",74,-0.5,"spillover1 rp",1,0,199,199,0.5,-0.5,199
"28680",34,1,"spillover1","rp",74,-0.5,"spillover1 rp",4,0,325,325,-0.5,0.5,325
"28682",34,21,"spillover1","rp",74,-0.5,"spillover1 rp",4,0,249,249,-0.5,0.5,249
"28684",34,19,"spillover1","rp",74,-0.5,"spillover1 rp",2,0,3128,3128,0.5,0.5,3128
"28686",34,23,"spillover1","rp",74,-0.5,"spillover1 rp",2,0,183,183,0.5,0.5,183
"28688",34,3,"spillover1","rp",74,-0.5,"spillover1 rp",2,0,2062,2062,0.5,0.5,2062
"28690",34,18,"spillover1","rp",74,-0.5,"spillover1 rp",1,0,153,153,0.5,-0.5,153
"28692",34,9,"spillover1","rp",74,-0.5,"spillover1 rp",4,0,355,355,-0.5,0.5,355
"28694",34,13,"spillover1","rp",74,-0.5,"spillover1 rp",4,0,471,471,-0.5,0.5,471
"28696",34,7,"spillover1","rp",74,-0.5,"spillover1 rp",2,0,3699,3699,0.5,0.5,3699
"28698",34,5,"spillover1","rp",74,-0.5,"spillover1 rp",4,0,526,526,-0.5,0.5,526
"29516",35,16,"spillover1","rp",60,0.5,"spillover1 rp",3,0,344,344,-0.5,-0.5,344
"29518",35,9,"spillover1","rp",60,0.5,"spillover1 rp",4,0,212,212,-0.5,0.5,212
"29520",35,11,"spillover1","rp",60,0.5,"spillover1 rp",2,0,260,260,0.5,0.5,260
"29522",35,17,"spillover1","rp",60,0.5,"spillover1 rp",4,0,1442,1442,-0.5,0.5,1442
"29524",35,3,"spillover1","rp",60,0.5,"spillover1 rp",2,0,1062,1062,0.5,0.5,1062
"29526",35,13,"spillover1","rp",60,0.5,"spillover1 rp",4,0,236,236,-0.5,0.5,236
"29528",35,10,"spillover1","rp",60,0.5,"spillover1 rp",1,0,796,796,0.5,-0.5,796
"29530",35,4,"spillover1","rp",60,0.5,"spillover1 rp",3,0,418,418,-0.5,-0.5,418
"29532",35,20,"spillover1","rp",60,0.5,"spillover1 rp",3,0,222,222,-0.5,-0.5,222
"29534",35,18,"spillover1","rp",60,0.5,"spillover1 rp",1,0,318,318,0.5,-0.5,318
"29536",35,2,"spillover1","rp",60,0.5,"spillover1 rp",1,0,174,174,0.5,-0.5,174
"29538",35,24,"spillover1","rp",60,0.5,"spillover1 rp",3,0,366,366,-0.5,-0.5,366
"29540",35,21,"spillover1","rp",60,0.5,"spillover1 rp",4,0,478,478,-0.5,0.5,478
"29542",35,1,"spillover1","rp",60,0.5,"spillover1 rp",4,0,294,294,-0.5,0.5,294
"29544",35,7,"spillover1","rp",60,0.5,"spillover1 rp",2,0,1114,1114,0.5,0.5,1114
"29546",35,5,"spillover1","rp",60,0.5,"spillover1 rp",4,0,480,480,-0.5,0.5,480
"29548",35,19,"spillover1","rp",60,0.5,"spillover1 rp",2,0,594,594,0.5,0.5,594
"29550",35,15,"spillover1","rp",60,0.5,"spillover1 rp",2,0,356,356,0.5,0.5,356
"29552",35,22,"spillover1","rp",60,0.5,"spillover1 rp",1,0,2130,2130,0.5,-0.5,2130
"29554",35,14,"spillover1","rp",60,0.5,"spillover1 rp",1,0,356,356,0.5,-0.5,356
"29556",35,23,"spillover1","rp",60,0.5,"spillover1 rp",2,0,198,198,0.5,0.5,198
"29558",35,12,"spillover1","rp",60,0.5,"spillover1 rp",3,0,836,836,-0.5,-0.5,836
"29560",35,6,"spillover1","rp",60,0.5,"spillover1 rp",1,0,418,418,0.5,-0.5,418
"29562",35,8,"spillover1","rp",60,0.5,"spillover1 rp",3,0,266,266,-0.5,-0.5,266
"30379",36,6,"spillover1","rp",57,0.5,"spillover1 rp",2,0,81,81,0.5,0.5,81
"30381",36,18,"spillover1","rp",57,0.5,"spillover1 rp",2,0,114,114,0.5,0.5,114
"30383",36,10,"spillover1","rp",57,0.5,"spillover1 rp",2,0,311,311,0.5,0.5,311
"30385",36,17,"spillover1","rp",57,0.5,"spillover1 rp",1,0,338,338,0.5,-0.5,338
"30387",36,12,"spillover1","rp",57,0.5,"spillover1 rp",4,0,517,517,-0.5,0.5,517
"30389",36,23,"spillover1","rp",57,0.5,"spillover1 rp",3,0,299,299,-0.5,-0.5,299
"30391",36,2,"spillover1","rp",57,0.5,"spillover1 rp",2,0,449,449,0.5,0.5,449
"30393",36,11,"spillover1","rp",57,0.5,"spillover1 rp",3,0,333,333,-0.5,-0.5,333
"30395",36,5,"spillover1","rp",57,0.5,"spillover1 rp",1,0,267,267,0.5,-0.5,267
"30397",36,22,"spillover1","rp",57,0.5,"spillover1 rp",2,0,472,472,0.5,0.5,472
"30399",36,24,"spillover1","rp",57,0.5,"spillover1 rp",4,0,379,379,-0.5,0.5,379
"30401",36,1,"spillover1","rp",57,0.5,"spillover1 rp",1,0,417,417,0.5,-0.5,417
"30403",36,19,"spillover1","rp",57,0.5,"spillover1 rp",3,0,461,461,-0.5,-0.5,461
"30405",36,16,"spillover1","rp",57,0.5,"spillover1 rp",4,0,214,214,-0.5,0.5,214
"30407",36,9,"spillover1","rp",57,0.5,"spillover1 rp",1,0,199,199,0.5,-0.5,199
"30409",36,21,"spillover1","rp",57,0.5,"spillover1 rp",1,0,471,471,0.5,-0.5,471
"30411",36,8,"spillover1","rp",57,0.5,"spillover1 rp",4,0,263,263,-0.5,0.5,263
"30413",36,7,"spillover1","rp",57,0.5,"spillover1 rp",3,0,276,276,-0.5,-0.5,276
"30415",36,3,"spillover1","rp",57,0.5,"spillover1 rp",3,0,576,576,-0.5,-0.5,576
"30417",36,20,"spillover1","rp",57,0.5,"spillover1 rp",4,0,266,266,-0.5,0.5,266
"30419",36,13,"spillover1","rp",57,0.5,"spillover1 rp",1,0,419,419,0.5,-0.5,419
"30421",36,14,"spillover1","rp",57,0.5,"spillover1 rp",2,0,193,193,0.5,0.5,193
"30423",36,4,"spillover1","rp",57,0.5,"spillover1 rp",4,0,455,455,-0.5,0.5,455
"30425",36,15,"spillover1","rp",57,0.5,"spillover1 rp",3,0,236,236,-0.5,-0.5,236
"31244",37,21,"spillover1","rp",80,-0.5,"spillover1 rp",2,0,475,475,0.5,0.5,475
"31246",37,3,"spillover1","rp",80,-0.5,"spillover1 rp",4,0,1424,1424,-0.5,0.5,1424
"31248",37,23,"spillover1","rp",80,-0.5,"spillover1 rp",4,0,381,381,-0.5,0.5,381
"31250",37,1,"spillover1","rp",80,-0.5,"spillover1 rp",2,0,376,376,0.5,0.5,376
"31252",37,8,"spillover1","rp",80,-0.5,"spillover1 rp",1,0,2161,2161,0.5,-0.5,2161
"31254",37,20,"spillover1","rp",80,-0.5,"spillover1 rp",1,0,1706,1706,0.5,-0.5,1706
"31256",37,16,"spillover1","rp",80,-0.5,"spillover1 rp",1,0,377,377,0.5,-0.5,377
"31258",37,14,"spillover1","rp",80,-0.5,"spillover1 rp",3,0,433,433,-0.5,-0.5,433
"31260",37,22,"spillover1","rp",80,-0.5,"spillover1 rp",3,0,217,217,-0.5,-0.5,217
"31262",37,11,"spillover1","rp",80,-0.5,"spillover1 rp",4,0,347,347,-0.5,0.5,347
"31264",37,2,"spillover1","rp",80,-0.5,"spillover1 rp",3,0,289,289,-0.5,-0.5,289
"31266",37,24,"spillover1","rp",80,-0.5,"spillover1 rp",1,0,289,289,0.5,-0.5,289
"31268",37,9,"spillover1","rp",80,-0.5,"spillover1 rp",2,0,2617,2617,0.5,0.5,2617
"31270",37,17,"spillover1","rp",80,-0.5,"spillover1 rp",2,0,349,349,0.5,0.5,349
"31272",37,18,"spillover1","rp",80,-0.5,"spillover1 rp",3,0,367,367,-0.5,-0.5,367
"31274",37,5,"spillover1","rp",80,-0.5,"spillover1 rp",2,0,779,779,0.5,0.5,779
"31276",37,6,"spillover1","rp",80,-0.5,"spillover1 rp",3,0,303,303,-0.5,-0.5,303
"31278",37,13,"spillover1","rp",80,-0.5,"spillover1 rp",2,0,490,490,0.5,0.5,490
"31280",37,12,"spillover1","rp",80,-0.5,"spillover1 rp",1,0,423,423,0.5,-0.5,423
"31282",37,10,"spillover1","rp",80,-0.5,"spillover1 rp",3,0,325,325,-0.5,-0.5,325
"31284",37,7,"spillover1","rp",80,-0.5,"spillover1 rp",4,0,340,340,-0.5,0.5,340
"31286",37,19,"spillover1","rp",80,-0.5,"spillover1 rp",4,0,244,244,-0.5,0.5,244
"31288",37,4,"spillover1","rp",80,-0.5,"spillover1 rp",1,0,3541,3541,0.5,-0.5,3541
"31290",37,15,"spillover1","rp",80,-0.5,"spillover1 rp",4,0,184,184,-0.5,0.5,184
"32108",38,14,"spillover1","rp",64,0.5,"spillover1 rp",4,0,281,281,-0.5,0.5,281
"32110",38,12,"spillover1","rp",64,0.5,"spillover1 rp",2,0,551,551,0.5,0.5,551
"32112",38,10,"spillover1","rp",64,0.5,"spillover1 rp",4,0,126,126,-0.5,0.5,126
"32114",38,20,"spillover1","rp",64,0.5,"spillover1 rp",2,0,195,195,0.5,0.5,195
"32116",38,4,"spillover1","rp",64,0.5,"spillover1 rp",2,0,1481,1481,0.5,0.5,1481
"32118",38,5,"spillover1","rp",64,0.5,"spillover1 rp",3,0,202,202,-0.5,-0.5,202
"32120",38,16,"spillover1","rp",64,0.5,"spillover1 rp",2,0,287,287,0.5,0.5,287
"32122",38,18,"spillover1","rp",64,0.5,"spillover1 rp",4,0,216,216,-0.5,0.5,216
"32124",38,17,"spillover1","rp",64,0.5,"spillover1 rp",3,0,229,229,-0.5,-0.5,229
"32126",38,15,"spillover1","rp",64,0.5,"spillover1 rp",1,0,2556,2556,0.5,-0.5,NA
"32128",38,3,"spillover1","rp",64,0.5,"spillover1 rp",1,0,562,562,0.5,-0.5,562
"32130",38,1,"spillover1","rp",64,0.5,"spillover1 rp",3,0,286,286,-0.5,-0.5,286
"32132",38,23,"spillover1","rp",64,0.5,"spillover1 rp",1,0,388,388,0.5,-0.5,388
"32134",38,2,"spillover1","rp",64,0.5,"spillover1 rp",4,0,153,153,-0.5,0.5,153
"32136",38,24,"spillover1","rp",64,0.5,"spillover1 rp",2,0,445,445,0.5,0.5,445
"32138",38,7,"spillover1","rp",64,0.5,"spillover1 rp",1,0,926,926,0.5,-0.5,926
"32140",38,13,"spillover1","rp",64,0.5,"spillover1 rp",3,0,203,203,-0.5,-0.5,203
"32142",38,6,"spillover1","rp",64,0.5,"spillover1 rp",4,0,345,345,-0.5,0.5,345
"32144",38,19,"spillover1","rp",64,0.5,"spillover1 rp",1,0,461,461,0.5,-0.5,461
"32146",38,11,"spillover1","rp",64,0.5,"spillover1 rp",1,0,405,405,0.5,-0.5,405
"32148",38,9,"spillover1","rp",64,0.5,"spillover1 rp",3,0,520,520,-0.5,-0.5,520
"32150",38,21,"spillover1","rp",64,0.5,"spillover1 rp",3,0,192,192,-0.5,-0.5,192
"32152",38,22,"spillover1","rp",64,0.5,"spillover1 rp",4,0,219,219,-0.5,0.5,219
"32154",38,8,"spillover1","rp",64,0.5,"spillover1 rp",2,0,206,206,0.5,0.5,206
"32971",39,15,"spillover1","rp",75,-0.5,"spillover1 rp",2,0,394,394,0.5,0.5,394
"32973",39,7,"spillover1","rp",75,-0.5,"spillover1 rp",2,0,346,346,0.5,0.5,346
"32975",39,1,"spillover1","rp",75,-0.5,"spillover1 rp",4,0,412,412,-0.5,0.5,412
"32977",39,3,"spillover1","rp",75,-0.5,"spillover1 rp",2,0,3473,3473,0.5,0.5,NA
"32979",39,6,"spillover1","rp",75,-0.5,"spillover1 rp",1,0,441,441,0.5,-0.5,441
"32981",39,2,"spillover1","rp",75,-0.5,"spillover1 rp",1,0,418,418,0.5,-0.5,418
"32983",39,20,"spillover1","rp",75,-0.5,"spillover1 rp",3,0,582,582,-0.5,-0.5,582
"32985",39,23,"spillover1","rp",75,-0.5,"spillover1 rp",2,0,483,483,0.5,0.5,483
"32987",39,16,"spillover1","rp",75,-0.5,"spillover1 rp",3,0,560,560,-0.5,-0.5,560
"32989",39,13,"spillover1","rp",75,-0.5,"spillover1 rp",4,0,463,463,-0.5,0.5,463
"32991",39,24,"spillover1","rp",75,-0.5,"spillover1 rp",3,0,313,313,-0.5,-0.5,313
"32993",39,14,"spillover1","rp",75,-0.5,"spillover1 rp",1,0,118,118,0.5,-0.5,118
"32995",39,22,"spillover1","rp",75,-0.5,"spillover1 rp",1,0,536,536,0.5,-0.5,536
"32997",39,4,"spillover1","rp",75,-0.5,"spillover1 rp",3,0,101,101,-0.5,-0.5,101
"32999",39,17,"spillover1","rp",75,-0.5,"spillover1 rp",4,0,1144,1144,-0.5,0.5,1144
"33001",39,5,"spillover1","rp",75,-0.5,"spillover1 rp",4,0,420,420,-0.5,0.5,420
"33003",39,11,"spillover1","rp",75,-0.5,"spillover1 rp",2,0,599,599,0.5,0.5,599
"33005",39,18,"spillover1","rp",75,-0.5,"spillover1 rp",1,0,202,202,0.5,-0.5,202
"33007",39,19,"spillover1","rp",75,-0.5,"spillover1 rp",2,0,463,463,0.5,0.5,463
"33009",39,21,"spillover1","rp",75,-0.5,"spillover1 rp",4,0,550,550,-0.5,0.5,550
"33011",39,10,"spillover1","rp",75,-0.5,"spillover1 rp",1,0,353,353,0.5,-0.5,353
"33013",39,9,"spillover1","rp",75,-0.5,"spillover1 rp",4,0,583,583,-0.5,0.5,583
"33015",39,8,"spillover1","rp",75,-0.5,"spillover1 rp",3,1,0,NA,-0.5,-0.5,NA
"33017",39,12,"spillover1","rp",75,-0.5,"spillover1 rp",3,0,261,261,-0.5,-0.5,261
"33836",40,13,"spillover1","rp",83,-0.5,"spillover1 rp",1,0,302,302,0.5,-0.5,302
"33838",40,18,"spillover1","rp",83,-0.5,"spillover1 rp",2,0,1472,1472,0.5,0.5,NA
"33840",40,9,"spillover1","rp",83,-0.5,"spillover1 rp",1,0,292,292,0.5,-0.5,292
"33842",40,1,"spillover1","rp",83,-0.5,"spillover1 rp",1,0,384,384,0.5,-0.5,384
"33844",40,7,"spillover1","rp",83,-0.5,"spillover1 rp",3,0,236,236,-0.5,-0.5,236
"33846",40,5,"spillover1","rp",83,-0.5,"spillover1 rp",1,0,349,349,0.5,-0.5,349
"33848",40,4,"spillover1","rp",83,-0.5,"spillover1 rp",4,0,482,482,-0.5,0.5,482
"33850",40,24,"spillover1","rp",83,-0.5,"spillover1 rp",4,0,185,185,-0.5,0.5,185
"33852",40,15,"spillover1","rp",83,-0.5,"spillover1 rp",3,0,313,313,-0.5,-0.5,313
"33854",40,19,"spillover1","rp",83,-0.5,"spillover1 rp",3,1,0,NA,-0.5,-0.5,NA
"33856",40,20,"spillover1","rp",83,-0.5,"spillover1 rp",4,0,355,355,-0.5,0.5,355
"33858",40,16,"spillover1","rp",83,-0.5,"spillover1 rp",4,0,254,254,-0.5,0.5,254
"33860",40,8,"spillover1","rp",83,-0.5,"spillover1 rp",4,0,287,287,-0.5,0.5,287
"33862",40,23,"spillover1","rp",83,-0.5,"spillover1 rp",3,0,442,442,-0.5,-0.5,442
"33864",40,10,"spillover1","rp",83,-0.5,"spillover1 rp",2,0,687,687,0.5,0.5,687
"33866",40,21,"spillover1","rp",83,-0.5,"spillover1 rp",1,0,358,358,0.5,-0.5,358
"33868",40,3,"spillover1","rp",83,-0.5,"spillover1 rp",3,0,703,703,-0.5,-0.5,703
"33870",40,17,"spillover1","rp",83,-0.5,"spillover1 rp",1,0,474,474,0.5,-0.5,474
"33872",40,2,"spillover1","rp",83,-0.5,"spillover1 rp",2,0,240,240,0.5,0.5,240
"33874",40,22,"spillover1","rp",83,-0.5,"spillover1 rp",2,0,297,297,0.5,0.5,297
"33876",40,12,"spillover1","rp",83,-0.5,"spillover1 rp",4,0,426,426,-0.5,0.5,426
"33878",40,6,"spillover1","rp",83,-0.5,"spillover1 rp",2,0,264,264,0.5,0.5,264
"33880",40,11,"spillover1","rp",83,-0.5,"spillover1 rp",3,0,364,364,-0.5,-0.5,364
"33882",40,14,"spillover1","rp",83,-0.5,"spillover1 rp",2,0,307,307,0.5,0.5,307
