"","subject","item","region","measure","sort","condition","skips","rawdata","nozero","proficiency","ambiguity","gender","trimmed_nozero"
"2",1,18,"disamb","fp","disamb fp",2,0,264,264,71,0.5,0.5,264
"4",1,15,"disamb","fp","disamb fp",3,0,329,329,71,-0.5,-0.5,329
"6",1,1,"disamb","fp","disamb fp",1,0,181,181,71,0.5,-0.5,181
"8",1,6,"disamb","fp","disamb fp",2,0,277,277,71,0.5,0.5,277
"10",1,3,"disamb","fp","disamb fp",3,0,147,147,71,-0.5,-0.5,147
"12",1,14,"disamb","fp","disamb fp",2,0,371,371,71,0.5,0.5,371
"14",1,4,"disamb","fp","disamb fp",4,0,206,206,71,-0.5,0.5,206
"16",1,17,"disamb","fp","disamb fp",1,1,0,NA,71,0.5,-0.5,NA
"18",1,5,"disamb","fp","disamb fp",1,1,0,NA,71,0.5,-0.5,NA
"20",1,13,"disamb","fp","disamb fp",1,0,310,310,71,0.5,-0.5,310
"22",1,22,"disamb","fp","disamb fp",2,0,519,519,71,0.5,0.5,519
"24",1,8,"disamb","fp","disamb fp",4,0,283,283,71,-0.5,0.5,283
"26",1,9,"disamb","fp","disamb fp",1,0,218,218,71,0.5,-0.5,218
"28",1,19,"disamb","fp","disamb fp",3,0,203,203,71,-0.5,-0.5,203
"30",1,24,"disamb","fp","disamb fp",4,0,199,199,71,-0.5,0.5,199
"32",1,12,"disamb","fp","disamb fp",4,0,369,369,71,-0.5,0.5,369
"34",1,20,"disamb","fp","disamb fp",4,0,223,223,71,-0.5,0.5,223
"36",1,10,"disamb","fp","disamb fp",2,1,0,NA,71,0.5,0.5,NA
"38",1,11,"disamb","fp","disamb fp",3,0,263,263,71,-0.5,-0.5,263
"40",1,16,"disamb","fp","disamb fp",4,0,902,902,71,-0.5,0.5,NA
"42",1,7,"disamb","fp","disamb fp",3,0,444,444,71,-0.5,-0.5,444
"44",1,2,"disamb","fp","disamb fp",2,0,315,315,71,0.5,0.5,315
"46",1,21,"disamb","fp","disamb fp",1,0,196,196,71,0.5,-0.5,196
"48",1,23,"disamb","fp","disamb fp",3,0,441,441,71,-0.5,-0.5,441
"50",2,16,"disamb","fp","disamb fp",1,0,234,234,71,0.5,-0.5,234
"52",2,4,"disamb","fp","disamb fp",1,0,1162,1162,71,0.5,-0.5,1162
"54",2,2,"disamb","fp","disamb fp",3,0,877,877,71,-0.5,-0.5,877
"56",2,13,"disamb","fp","disamb fp",2,0,240,240,71,0.5,0.5,240
"58",2,19,"disamb","fp","disamb fp",4,0,1130,1130,71,-0.5,0.5,1130
"60",2,12,"disamb","fp","disamb fp",1,0,232,232,71,0.5,-0.5,232
"62",2,10,"disamb","fp","disamb fp",3,0,747,747,71,-0.5,-0.5,747
"64",2,3,"disamb","fp","disamb fp",4,0,471,471,71,-0.5,0.5,471
"66",2,9,"disamb","fp","disamb fp",2,0,198,198,71,0.5,0.5,198
"68",2,21,"disamb","fp","disamb fp",2,0,229,229,71,0.5,0.5,229
"70",2,15,"disamb","fp","disamb fp",4,0,501,501,71,-0.5,0.5,501
"72",2,18,"disamb","fp","disamb fp",3,0,264,264,71,-0.5,-0.5,264
"74",2,6,"disamb","fp","disamb fp",3,0,166,166,71,-0.5,-0.5,166
"76",2,5,"disamb","fp","disamb fp",2,0,154,154,71,0.5,0.5,154
"78",2,14,"disamb","fp","disamb fp",3,0,361,361,71,-0.5,-0.5,361
"80",2,1,"disamb","fp","disamb fp",2,0,153,153,71,0.5,0.5,153
"82",2,20,"disamb","fp","disamb fp",1,1,0,NA,71,0.5,-0.5,NA
"84",2,11,"disamb","fp","disamb fp",4,0,210,210,71,-0.5,0.5,210
"86",2,7,"disamb","fp","disamb fp",4,0,464,464,71,-0.5,0.5,464
"88",2,23,"disamb","fp","disamb fp",4,0,405,405,71,-0.5,0.5,405
"90",2,8,"disamb","fp","disamb fp",1,0,362,362,71,0.5,-0.5,362
"92",2,17,"disamb","fp","disamb fp",2,0,162,162,71,0.5,0.5,162
"94",2,24,"disamb","fp","disamb fp",1,0,241,241,71,0.5,-0.5,241
"96",2,22,"disamb","fp","disamb fp",3,0,234,234,71,-0.5,-0.5,234
"98",3,18,"disamb","fp","disamb fp",4,0,288,288,71,-0.5,0.5,288
"100",3,7,"disamb","fp","disamb fp",1,0,266,266,71,0.5,-0.5,266
"102",3,16,"disamb","fp","disamb fp",2,0,695,695,71,0.5,0.5,695
"104",3,5,"disamb","fp","disamb fp",3,0,414,414,71,-0.5,-0.5,414
"106",3,24,"disamb","fp","disamb fp",2,0,355,355,71,0.5,0.5,355
"108",3,4,"disamb","fp","disamb fp",2,0,198,198,71,0.5,0.5,198
"110",3,14,"disamb","fp","disamb fp",4,0,167,167,71,-0.5,0.5,167
"112",3,1,"disamb","fp","disamb fp",3,0,285,285,71,-0.5,-0.5,285
"114",3,9,"disamb","fp","disamb fp",3,0,615,615,71,-0.5,-0.5,615
"116",3,22,"disamb","fp","disamb fp",4,0,220,220,71,-0.5,0.5,220
"118",3,10,"disamb","fp","disamb fp",4,0,205,205,71,-0.5,0.5,205
"120",3,6,"disamb","fp","disamb fp",4,0,238,238,71,-0.5,0.5,238
"122",3,23,"disamb","fp","disamb fp",1,0,279,279,71,0.5,-0.5,279
"124",3,17,"disamb","fp","disamb fp",3,0,286,286,71,-0.5,-0.5,286
"126",3,19,"disamb","fp","disamb fp",1,0,452,452,71,0.5,-0.5,452
"128",3,13,"disamb","fp","disamb fp",3,0,558,558,71,-0.5,-0.5,558
"130",3,20,"disamb","fp","disamb fp",2,0,756,756,71,0.5,0.5,756
"132",3,11,"disamb","fp","disamb fp",1,0,302,302,71,0.5,-0.5,302
"134",3,2,"disamb","fp","disamb fp",4,0,177,177,71,-0.5,0.5,177
"136",3,12,"disamb","fp","disamb fp",2,0,310,310,71,0.5,0.5,310
"138",3,21,"disamb","fp","disamb fp",3,0,397,397,71,-0.5,-0.5,397
"140",3,15,"disamb","fp","disamb fp",1,0,915,915,71,0.5,-0.5,915
"142",3,8,"disamb","fp","disamb fp",2,0,391,391,71,0.5,0.5,391
"144",3,3,"disamb","fp","disamb fp",1,0,697,697,71,0.5,-0.5,697
"146",4,7,"disamb","fp","disamb fp",2,0,720,720,71,0.5,0.5,720
"148",4,8,"disamb","fp","disamb fp",3,0,282,282,71,-0.5,-0.5,282
"150",4,11,"disamb","fp","disamb fp",2,0,520,520,71,0.5,0.5,520
"152",4,22,"disamb","fp","disamb fp",1,0,288,288,71,0.5,-0.5,288
"154",4,1,"disamb","fp","disamb fp",4,0,628,628,71,-0.5,0.5,628
"156",4,20,"disamb","fp","disamb fp",3,0,287,287,71,-0.5,-0.5,287
"158",4,23,"disamb","fp","disamb fp",2,0,282,282,71,0.5,0.5,282
"160",4,3,"disamb","fp","disamb fp",2,0,393,393,71,0.5,0.5,393
"163",4,19,"disamb","fp","disamb fp",2,0,262,262,71,0.5,0.5,262
"165",4,13,"disamb","fp","disamb fp",4,0,224,224,71,-0.5,0.5,224
"167",4,9,"disamb","fp","disamb fp",4,0,269,269,71,-0.5,0.5,269
"169",4,2,"disamb","fp","disamb fp",1,0,529,529,71,0.5,-0.5,529
"172",4,4,"disamb","fp","disamb fp",3,0,479,479,71,-0.5,-0.5,479
"174",4,12,"disamb","fp","disamb fp",3,0,488,488,71,-0.5,-0.5,488
"176",4,16,"disamb","fp","disamb fp",3,0,400,400,71,-0.5,-0.5,400
"179",4,18,"disamb","fp","disamb fp",1,0,325,325,71,0.5,-0.5,325
"181",4,24,"disamb","fp","disamb fp",3,0,293,293,71,-0.5,-0.5,293
"183",4,6,"disamb","fp","disamb fp",1,0,369,369,71,0.5,-0.5,369
"185",4,17,"disamb","fp","disamb fp",4,0,263,263,71,-0.5,0.5,263
"188",4,14,"disamb","fp","disamb fp",1,0,613,613,71,0.5,-0.5,613
"189",5,13,"disamb","fp","disamb fp",1,0,288,288,71,0.5,-0.5,288
"191",5,4,"disamb","fp","disamb fp",4,0,325,325,71,-0.5,0.5,325
"193",5,9,"disamb","fp","disamb fp",1,0,289,289,71,0.5,-0.5,289
"195",5,8,"disamb","fp","disamb fp",4,0,505,505,71,-0.5,0.5,505
"197",5,7,"disamb","fp","disamb fp",3,0,481,481,71,-0.5,-0.5,481
"199",5,16,"disamb","fp","disamb fp",4,0,377,377,71,-0.5,0.5,377
"201",5,19,"disamb","fp","disamb fp",3,0,1122,1122,71,-0.5,-0.5,1122
"203",5,17,"disamb","fp","disamb fp",1,0,448,448,71,0.5,-0.5,448
"205",5,3,"disamb","fp","disamb fp",3,0,292,292,71,-0.5,-0.5,292
"207",5,14,"disamb","fp","disamb fp",2,0,668,668,71,0.5,0.5,668
"209",5,1,"disamb","fp","disamb fp",1,0,522,522,71,0.5,-0.5,522
"211",5,15,"disamb","fp","disamb fp",3,0,279,279,71,-0.5,-0.5,279
"213",5,22,"disamb","fp","disamb fp",2,1,0,NA,71,0.5,0.5,NA
"215",5,18,"disamb","fp","disamb fp",2,0,414,414,71,0.5,0.5,414
"217",5,5,"disamb","fp","disamb fp",1,0,320,320,71,0.5,-0.5,320
"219",5,2,"disamb","fp","disamb fp",2,0,402,402,71,0.5,0.5,402
"221",5,23,"disamb","fp","disamb fp",3,0,542,542,71,-0.5,-0.5,542
"223",5,21,"disamb","fp","disamb fp",1,0,1138,1138,71,0.5,-0.5,1138
"225",5,20,"disamb","fp","disamb fp",4,0,382,382,71,-0.5,0.5,382
"227",5,10,"disamb","fp","disamb fp",2,0,332,332,71,0.5,0.5,332
"229",5,12,"disamb","fp","disamb fp",4,0,405,405,71,-0.5,0.5,405
"231",5,11,"disamb","fp","disamb fp",3,0,750,750,71,-0.5,-0.5,750
"233",5,24,"disamb","fp","disamb fp",4,0,363,363,71,-0.5,0.5,363
"235",5,6,"disamb","fp","disamb fp",2,0,443,443,71,0.5,0.5,443
"237",6,12,"disamb","fp","disamb fp",1,0,258,258,71,0.5,-0.5,258
"239",6,16,"disamb","fp","disamb fp",1,0,588,588,71,0.5,-0.5,588
"241",6,13,"disamb","fp","disamb fp",2,0,386,386,71,0.5,0.5,386
"243",6,7,"disamb","fp","disamb fp",4,0,330,330,71,-0.5,0.5,330
"245",6,18,"disamb","fp","disamb fp",3,0,284,284,71,-0.5,-0.5,284
"247",6,21,"disamb","fp","disamb fp",2,0,254,254,71,0.5,0.5,254
"249",6,14,"disamb","fp","disamb fp",3,0,684,684,71,-0.5,-0.5,684
"251",6,4,"disamb","fp","disamb fp",1,0,464,464,71,0.5,-0.5,464
"253",6,5,"disamb","fp","disamb fp",2,1,0,NA,71,0.5,0.5,NA
"255",6,10,"disamb","fp","disamb fp",3,0,170,170,71,-0.5,-0.5,170
"257",6,3,"disamb","fp","disamb fp",4,1,0,NA,71,-0.5,0.5,NA
"259",6,11,"disamb","fp","disamb fp",4,0,204,204,71,-0.5,0.5,204
"261",6,24,"disamb","fp","disamb fp",1,0,230,230,71,0.5,-0.5,230
"263",6,17,"disamb","fp","disamb fp",2,0,338,338,71,0.5,0.5,338
"265",6,2,"disamb","fp","disamb fp",3,0,270,270,71,-0.5,-0.5,270
"267",6,9,"disamb","fp","disamb fp",2,0,268,268,71,0.5,0.5,268
"269",6,15,"disamb","fp","disamb fp",4,0,404,404,71,-0.5,0.5,404
"271",6,19,"disamb","fp","disamb fp",4,0,170,170,71,-0.5,0.5,170
"274",6,1,"disamb","fp","disamb fp",2,0,394,394,71,0.5,0.5,394
"276",6,8,"disamb","fp","disamb fp",1,0,312,312,71,0.5,-0.5,312
"278",6,20,"disamb","fp","disamb fp",1,0,476,476,71,0.5,-0.5,476
"280",6,23,"disamb","fp","disamb fp",4,0,336,336,71,-0.5,0.5,336
"282",6,6,"disamb","fp","disamb fp",3,0,306,306,71,-0.5,-0.5,306
"285",7,20,"disamb","fp","disamb fp",2,0,305,305,71,0.5,0.5,305
"287",7,4,"disamb","fp","disamb fp",2,0,235,235,71,0.5,0.5,235
"289",7,14,"disamb","fp","disamb fp",4,0,242,242,71,-0.5,0.5,242
"291",7,24,"disamb","fp","disamb fp",2,0,145,145,71,0.5,0.5,145
"293",7,8,"disamb","fp","disamb fp",2,0,128,128,71,0.5,0.5,128
"295",7,21,"disamb","fp","disamb fp",3,0,325,325,71,-0.5,-0.5,325
"297",7,18,"disamb","fp","disamb fp",4,0,212,212,71,-0.5,0.5,212
"299",7,5,"disamb","fp","disamb fp",3,0,165,165,71,-0.5,-0.5,165
"301",7,1,"disamb","fp","disamb fp",3,0,313,313,71,-0.5,-0.5,313
"303",7,19,"disamb","fp","disamb fp",1,0,431,431,71,0.5,-0.5,431
"305",7,16,"disamb","fp","disamb fp",2,0,342,342,71,0.5,0.5,342
"307",7,15,"disamb","fp","disamb fp",1,0,300,300,71,0.5,-0.5,300
"309",7,23,"disamb","fp","disamb fp",1,0,185,185,71,0.5,-0.5,185
"311",7,10,"disamb","fp","disamb fp",4,1,0,NA,71,-0.5,0.5,NA
"313",7,9,"disamb","fp","disamb fp",3,0,212,212,71,-0.5,-0.5,212
"315",7,6,"disamb","fp","disamb fp",4,0,188,188,71,-0.5,0.5,188
"317",7,2,"disamb","fp","disamb fp",4,0,263,263,71,-0.5,0.5,263
"319",7,7,"disamb","fp","disamb fp",1,0,331,331,71,0.5,-0.5,331
"321",7,13,"disamb","fp","disamb fp",3,0,304,304,71,-0.5,-0.5,304
"323",7,12,"disamb","fp","disamb fp",2,0,176,176,71,0.5,0.5,176
"325",7,11,"disamb","fp","disamb fp",1,0,168,168,71,0.5,-0.5,168
"327",7,3,"disamb","fp","disamb fp",1,0,154,154,71,0.5,-0.5,154
"329",7,17,"disamb","fp","disamb fp",3,1,0,NA,71,-0.5,-0.5,NA
"331",7,22,"disamb","fp","disamb fp",4,0,461,461,71,-0.5,0.5,461
"333",8,1,"disamb","fp","disamb fp",4,0,368,368,71,-0.5,0.5,368
"335",8,10,"disamb","fp","disamb fp",1,0,312,312,71,0.5,-0.5,312
"337",8,21,"disamb","fp","disamb fp",4,0,160,160,71,-0.5,0.5,160
"339",8,16,"disamb","fp","disamb fp",3,0,364,364,71,-0.5,-0.5,364
"341",8,9,"disamb","fp","disamb fp",4,0,396,396,71,-0.5,0.5,396
"343",8,13,"disamb","fp","disamb fp",4,0,174,174,71,-0.5,0.5,174
"345",8,4,"disamb","fp","disamb fp",3,0,1164,1164,71,-0.5,-0.5,NA
"347",8,17,"disamb","fp","disamb fp",4,0,314,314,71,-0.5,0.5,314
"349",8,14,"disamb","fp","disamb fp",1,0,308,308,71,0.5,-0.5,308
"351",8,12,"disamb","fp","disamb fp",3,0,346,346,71,-0.5,-0.5,346
"353",8,15,"disamb","fp","disamb fp",2,0,130,130,71,0.5,0.5,130
"355",8,8,"disamb","fp","disamb fp",3,0,572,572,71,-0.5,-0.5,572
"357",8,6,"disamb","fp","disamb fp",1,0,290,290,71,0.5,-0.5,290
"359",8,20,"disamb","fp","disamb fp",3,0,338,338,71,-0.5,-0.5,338
"361",8,2,"disamb","fp","disamb fp",1,0,194,194,71,0.5,-0.5,194
"363",8,11,"disamb","fp","disamb fp",2,0,404,404,71,0.5,0.5,404
"365",8,7,"disamb","fp","disamb fp",2,0,308,308,71,0.5,0.5,308
"367",8,24,"disamb","fp","disamb fp",3,0,174,174,71,-0.5,-0.5,174
"369",8,5,"disamb","fp","disamb fp",4,0,254,254,71,-0.5,0.5,254
"371",8,18,"disamb","fp","disamb fp",1,0,308,308,71,0.5,-0.5,308
"373",8,23,"disamb","fp","disamb fp",2,0,284,284,71,0.5,0.5,284
"375",8,19,"disamb","fp","disamb fp",2,0,262,262,71,0.5,0.5,262
"377",8,22,"disamb","fp","disamb fp",1,0,254,254,71,0.5,-0.5,254
"379",8,3,"disamb","fp","disamb fp",2,0,366,366,71,0.5,0.5,366
"381",9,16,"disamb","fp","disamb fp",4,0,798,798,71,-0.5,0.5,798
"383",9,21,"disamb","fp","disamb fp",1,0,634,634,71,0.5,-0.5,634
"385",9,5,"disamb","fp","disamb fp",1,0,402,402,71,0.5,-0.5,402
"387",9,11,"disamb","fp","disamb fp",3,0,278,278,71,-0.5,-0.5,278
"389",9,14,"disamb","fp","disamb fp",2,0,546,546,71,0.5,0.5,546
"391",9,3,"disamb","fp","disamb fp",3,0,278,278,71,-0.5,-0.5,278
"393",9,2,"disamb","fp","disamb fp",2,0,310,310,71,0.5,0.5,310
"395",9,10,"disamb","fp","disamb fp",2,0,240,240,71,0.5,0.5,240
"397",9,24,"disamb","fp","disamb fp",4,0,242,242,71,-0.5,0.5,242
"399",9,7,"disamb","fp","disamb fp",3,0,274,274,71,-0.5,-0.5,274
"401",9,20,"disamb","fp","disamb fp",4,0,250,250,71,-0.5,0.5,250
"403",9,19,"disamb","fp","disamb fp",3,0,402,402,71,-0.5,-0.5,402
"405",9,15,"disamb","fp","disamb fp",3,0,298,298,71,-0.5,-0.5,298
"407",9,1,"disamb","fp","disamb fp",1,0,244,244,71,0.5,-0.5,244
"409",9,18,"disamb","fp","disamb fp",2,0,372,372,71,0.5,0.5,372
"411",9,17,"disamb","fp","disamb fp",1,0,326,326,71,0.5,-0.5,326
"413",9,23,"disamb","fp","disamb fp",3,0,458,458,71,-0.5,-0.5,458
"415",9,9,"disamb","fp","disamb fp",1,0,490,490,71,0.5,-0.5,490
"417",9,13,"disamb","fp","disamb fp",1,0,458,458,71,0.5,-0.5,458
"419",9,4,"disamb","fp","disamb fp",4,0,236,236,71,-0.5,0.5,236
"421",9,22,"disamb","fp","disamb fp",2,0,298,298,71,0.5,0.5,298
"423",9,8,"disamb","fp","disamb fp",4,0,372,372,71,-0.5,0.5,372
"425",9,12,"disamb","fp","disamb fp",4,0,192,192,71,-0.5,0.5,192
"427",9,6,"disamb","fp","disamb fp",2,0,248,248,71,0.5,0.5,248
"428",10,23,"disamb","fp","disamb fp",4,0,370,370,71,-0.5,0.5,370
"430",10,18,"disamb","fp","disamb fp",3,0,252,252,71,-0.5,-0.5,252
"432",10,19,"disamb","fp","disamb fp",4,0,204,204,71,-0.5,0.5,204
"434",10,16,"disamb","fp","disamb fp",1,0,922,922,71,0.5,-0.5,922
"436",10,17,"disamb","fp","disamb fp",2,0,258,258,71,0.5,0.5,258
"438",10,1,"disamb","fp","disamb fp",2,0,512,512,71,0.5,0.5,512
"440",10,22,"disamb","fp","disamb fp",3,0,404,404,71,-0.5,-0.5,404
"442",10,20,"disamb","fp","disamb fp",1,0,154,154,71,0.5,-0.5,154
"444",10,14,"disamb","fp","disamb fp",3,0,244,244,71,-0.5,-0.5,244
"446",10,11,"disamb","fp","disamb fp",4,0,340,340,71,-0.5,0.5,340
"448",10,15,"disamb","fp","disamb fp",4,0,430,430,71,-0.5,0.5,430
"450",10,7,"disamb","fp","disamb fp",4,0,640,640,71,-0.5,0.5,640
"452",10,13,"disamb","fp","disamb fp",2,0,392,392,71,0.5,0.5,392
"454",10,24,"disamb","fp","disamb fp",1,0,404,404,71,0.5,-0.5,404
"456",10,8,"disamb","fp","disamb fp",1,0,236,236,71,0.5,-0.5,236
"458",10,3,"disamb","fp","disamb fp",4,0,924,924,71,-0.5,0.5,924
"460",10,6,"disamb","fp","disamb fp",3,0,238,238,71,-0.5,-0.5,238
"462",10,4,"disamb","fp","disamb fp",1,0,212,212,71,0.5,-0.5,212
"464",10,5,"disamb","fp","disamb fp",2,0,242,242,71,0.5,0.5,242
"466",10,21,"disamb","fp","disamb fp",2,0,136,136,71,0.5,0.5,136
"468",10,9,"disamb","fp","disamb fp",2,0,218,218,71,0.5,0.5,218
"470",10,2,"disamb","fp","disamb fp",3,0,234,234,71,-0.5,-0.5,234
"472",10,12,"disamb","fp","disamb fp",1,0,172,172,71,0.5,-0.5,172
"474",10,10,"disamb","fp","disamb fp",3,0,188,188,71,-0.5,-0.5,188
"476",11,3,"disamb","fp","disamb fp",1,0,170,170,71,0.5,-0.5,170
"478",11,18,"disamb","fp","disamb fp",4,0,432,432,71,-0.5,0.5,432
"480",11,24,"disamb","fp","disamb fp",2,0,318,318,71,0.5,0.5,318
"482",11,15,"disamb","fp","disamb fp",1,0,380,380,71,0.5,-0.5,380
"484",11,9,"disamb","fp","disamb fp",3,0,326,326,71,-0.5,-0.5,326
"486",11,10,"disamb","fp","disamb fp",4,0,574,574,71,-0.5,0.5,574
"488",11,2,"disamb","fp","disamb fp",4,0,372,372,71,-0.5,0.5,372
"490",11,19,"disamb","fp","disamb fp",1,0,124,124,71,0.5,-0.5,124
"492",11,12,"disamb","fp","disamb fp",2,0,412,412,71,0.5,0.5,412
"494",11,16,"disamb","fp","disamb fp",2,0,630,630,71,0.5,0.5,630
"496",11,22,"disamb","fp","disamb fp",4,0,200,200,71,-0.5,0.5,200
"498",11,21,"disamb","fp","disamb fp",3,0,336,336,71,-0.5,-0.5,336
"500",11,1,"disamb","fp","disamb fp",3,0,362,362,71,-0.5,-0.5,362
"502",11,20,"disamb","fp","disamb fp",2,0,480,480,71,0.5,0.5,480
"504",11,14,"disamb","fp","disamb fp",4,0,460,460,71,-0.5,0.5,460
"506",11,17,"disamb","fp","disamb fp",3,0,244,244,71,-0.5,-0.5,244
"508",11,4,"disamb","fp","disamb fp",2,0,354,354,71,0.5,0.5,354
"510",11,11,"disamb","fp","disamb fp",1,0,450,450,71,0.5,-0.5,450
"512",11,6,"disamb","fp","disamb fp",4,0,302,302,71,-0.5,0.5,302
"514",11,8,"disamb","fp","disamb fp",2,0,354,354,71,0.5,0.5,354
"516",11,23,"disamb","fp","disamb fp",1,0,848,848,71,0.5,-0.5,848
"518",11,5,"disamb","fp","disamb fp",3,0,350,350,71,-0.5,-0.5,350
"520",11,7,"disamb","fp","disamb fp",1,0,384,384,71,0.5,-0.5,384
"522",11,13,"disamb","fp","disamb fp",3,0,356,356,71,-0.5,-0.5,356
"524",12,14,"disamb","fp","disamb fp",3,0,277,277,71,-0.5,-0.5,277
"526",12,7,"disamb","fp","disamb fp",4,0,188,188,71,-0.5,0.5,188
"528",12,11,"disamb","fp","disamb fp",4,0,368,368,71,-0.5,0.5,368
"530",12,19,"disamb","fp","disamb fp",4,1,0,NA,71,-0.5,0.5,NA
"532",12,24,"disamb","fp","disamb fp",1,0,262,262,71,0.5,-0.5,262
"534",12,18,"disamb","fp","disamb fp",3,0,175,175,71,-0.5,-0.5,175
"536",12,15,"disamb","fp","disamb fp",4,0,229,229,71,-0.5,0.5,229
"538",12,20,"disamb","fp","disamb fp",1,0,150,150,71,0.5,-0.5,150
"540",12,22,"disamb","fp","disamb fp",3,1,0,NA,71,-0.5,-0.5,NA
"542",12,23,"disamb","fp","disamb fp",4,0,546,546,71,-0.5,0.5,546
"544",12,2,"disamb","fp","disamb fp",3,0,172,172,71,-0.5,-0.5,172
"546",12,6,"disamb","fp","disamb fp",3,0,266,266,71,-0.5,-0.5,266
"548",12,3,"disamb","fp","disamb fp",4,0,207,207,71,-0.5,0.5,207
"550",12,4,"disamb","fp","disamb fp",1,0,417,417,71,0.5,-0.5,417
"552",12,9,"disamb","fp","disamb fp",2,0,223,223,71,0.5,0.5,223
"554",12,1,"disamb","fp","disamb fp",2,0,483,483,71,0.5,0.5,483
"556",12,13,"disamb","fp","disamb fp",2,0,218,218,71,0.5,0.5,218
"558",12,16,"disamb","fp","disamb fp",1,0,193,193,71,0.5,-0.5,193
"560",12,8,"disamb","fp","disamb fp",1,0,741,741,71,0.5,-0.5,741
"562",12,5,"disamb","fp","disamb fp",2,0,501,501,71,0.5,0.5,501
"564",12,21,"disamb","fp","disamb fp",2,0,429,429,71,0.5,0.5,429
"566",12,10,"disamb","fp","disamb fp",3,0,139,139,71,-0.5,-0.5,139
"568",12,17,"disamb","fp","disamb fp",2,0,1180,1180,71,0.5,0.5,1180
"570",12,12,"disamb","fp","disamb fp",1,0,275,275,71,0.5,-0.5,275
"573",13,7,"disamb","fp","disamb fp",2,0,536,536,71,0.5,0.5,536
"575",13,3,"disamb","fp","disamb fp",2,0,544,544,71,0.5,0.5,544
"577",13,20,"disamb","fp","disamb fp",3,0,362,362,71,-0.5,-0.5,362
"579",13,23,"disamb","fp","disamb fp",2,0,204,204,71,0.5,0.5,204
"581",13,2,"disamb","fp","disamb fp",1,0,514,514,71,0.5,-0.5,514
"583",13,13,"disamb","fp","disamb fp",4,0,322,322,71,-0.5,0.5,322
"585",13,24,"disamb","fp","disamb fp",3,1,0,NA,71,-0.5,-0.5,NA
"587",13,11,"disamb","fp","disamb fp",2,0,346,346,71,0.5,0.5,346
"589",13,14,"disamb","fp","disamb fp",1,0,650,650,71,0.5,-0.5,650
"591",13,8,"disamb","fp","disamb fp",3,0,324,324,71,-0.5,-0.5,324
"593",13,15,"disamb","fp","disamb fp",2,0,760,760,71,0.5,0.5,760
"595",13,4,"disamb","fp","disamb fp",3,0,312,312,71,-0.5,-0.5,312
"597",13,1,"disamb","fp","disamb fp",4,0,408,408,71,-0.5,0.5,408
"599",13,12,"disamb","fp","disamb fp",3,0,346,346,71,-0.5,-0.5,346
"601",13,10,"disamb","fp","disamb fp",1,0,310,310,71,0.5,-0.5,310
"603",13,9,"disamb","fp","disamb fp",4,0,496,496,71,-0.5,0.5,496
"605",13,17,"disamb","fp","disamb fp",4,0,306,306,71,-0.5,0.5,306
"607",13,22,"disamb","fp","disamb fp",1,0,396,396,71,0.5,-0.5,396
"609",13,21,"disamb","fp","disamb fp",4,0,534,534,71,-0.5,0.5,534
"611",13,6,"disamb","fp","disamb fp",1,0,370,370,71,0.5,-0.5,370
"613",13,5,"disamb","fp","disamb fp",4,0,294,294,71,-0.5,0.5,294
"615",13,19,"disamb","fp","disamb fp",2,0,338,338,71,0.5,0.5,338
"617",13,16,"disamb","fp","disamb fp",3,0,440,440,71,-0.5,-0.5,440
"619",13,18,"disamb","fp","disamb fp",1,0,372,372,71,0.5,-0.5,372
"620",14,12,"disamb","fp","disamb fp",4,0,140,140,71,-0.5,0.5,140
"622",14,23,"disamb","fp","disamb fp",3,0,760,760,71,-0.5,-0.5,760
"624",14,22,"disamb","fp","disamb fp",2,0,506,506,71,0.5,0.5,506
"626",14,20,"disamb","fp","disamb fp",4,0,258,258,71,-0.5,0.5,258
"628",14,10,"disamb","fp","disamb fp",2,0,180,180,71,0.5,0.5,180
"630",14,15,"disamb","fp","disamb fp",3,0,434,434,71,-0.5,-0.5,434
"632",14,6,"disamb","fp","disamb fp",2,0,544,544,71,0.5,0.5,544
"634",14,4,"disamb","fp","disamb fp",4,0,392,392,71,-0.5,0.5,392
"636",14,18,"disamb","fp","disamb fp",2,0,188,188,71,0.5,0.5,188
"638",14,7,"disamb","fp","disamb fp",3,0,218,218,71,-0.5,-0.5,218
"640",14,24,"disamb","fp","disamb fp",4,0,216,216,71,-0.5,0.5,216
"642",14,16,"disamb","fp","disamb fp",4,0,246,246,71,-0.5,0.5,246
"644",14,3,"disamb","fp","disamb fp",3,0,244,244,71,-0.5,-0.5,244
"646",14,2,"disamb","fp","disamb fp",2,0,466,466,71,0.5,0.5,466
"648",14,21,"disamb","fp","disamb fp",1,0,220,220,71,0.5,-0.5,220
"650",14,13,"disamb","fp","disamb fp",1,0,300,300,71,0.5,-0.5,300
"652",14,9,"disamb","fp","disamb fp",1,0,252,252,71,0.5,-0.5,252
"654",14,17,"disamb","fp","disamb fp",1,1,0,NA,71,0.5,-0.5,NA
"656",14,19,"disamb","fp","disamb fp",3,0,298,298,71,-0.5,-0.5,298
"658",14,11,"disamb","fp","disamb fp",3,0,254,254,71,-0.5,-0.5,254
"660",14,1,"disamb","fp","disamb fp",1,0,252,252,71,0.5,-0.5,252
"662",14,5,"disamb","fp","disamb fp",1,0,194,194,71,0.5,-0.5,194
"664",14,14,"disamb","fp","disamb fp",2,0,238,238,71,0.5,0.5,238
"666",14,8,"disamb","fp","disamb fp",4,0,240,240,71,-0.5,0.5,240
"668",15,7,"disamb","fp","disamb fp",4,0,234,234,71,-0.5,0.5,234
"670",15,16,"disamb","fp","disamb fp",1,0,268,268,71,0.5,-0.5,268
"672",15,14,"disamb","fp","disamb fp",3,0,302,302,71,-0.5,-0.5,302
"674",15,3,"disamb","fp","disamb fp",4,0,312,312,71,-0.5,0.5,312
"676",15,19,"disamb","fp","disamb fp",4,0,408,408,71,-0.5,0.5,408
"679",15,11,"disamb","fp","disamb fp",4,0,296,296,71,-0.5,0.5,296
"681",15,20,"disamb","fp","disamb fp",1,0,282,282,71,0.5,-0.5,282
"683",15,8,"disamb","fp","disamb fp",1,0,348,348,71,0.5,-0.5,348
"685",15,17,"disamb","fp","disamb fp",2,0,210,210,71,0.5,0.5,210
"687",15,13,"disamb","fp","disamb fp",2,0,294,294,71,0.5,0.5,294
"689",15,22,"disamb","fp","disamb fp",3,0,376,376,71,-0.5,-0.5,376
"691",15,18,"disamb","fp","disamb fp",3,0,328,328,71,-0.5,-0.5,328
"693",15,6,"disamb","fp","disamb fp",3,0,328,328,71,-0.5,-0.5,328
"695",15,4,"disamb","fp","disamb fp",1,0,460,460,71,0.5,-0.5,460
"698",15,12,"disamb","fp","disamb fp",1,0,232,232,71,0.5,-0.5,232
"701",15,1,"disamb","fp","disamb fp",2,0,254,254,71,0.5,0.5,254
"703",15,23,"disamb","fp","disamb fp",4,0,288,288,71,-0.5,0.5,288
"705",15,2,"disamb","fp","disamb fp",3,0,292,292,71,-0.5,-0.5,292
"707",15,24,"disamb","fp","disamb fp",1,0,236,236,71,0.5,-0.5,236
"710",15,9,"disamb","fp","disamb fp",2,0,382,382,71,0.5,0.5,382
"712",16,12,"disamb","fp","disamb fp",2,0,212,212,71,0.5,0.5,212
"714",16,11,"disamb","fp","disamb fp",1,0,100,100,71,0.5,-0.5,100
"716",16,9,"disamb","fp","disamb fp",3,0,198,198,71,-0.5,-0.5,198
"718",16,14,"disamb","fp","disamb fp",4,0,192,192,71,-0.5,0.5,192
"720",16,20,"disamb","fp","disamb fp",2,0,218,218,71,0.5,0.5,218
"722",16,7,"disamb","fp","disamb fp",1,0,180,180,71,0.5,-0.5,180
"724",16,6,"disamb","fp","disamb fp",4,0,194,194,71,-0.5,0.5,194
"726",16,18,"disamb","fp","disamb fp",4,0,160,160,71,-0.5,0.5,160
"728",16,24,"disamb","fp","disamb fp",2,0,262,262,71,0.5,0.5,262
"730",16,13,"disamb","fp","disamb fp",3,0,240,240,71,-0.5,-0.5,240
"732",16,3,"disamb","fp","disamb fp",1,0,200,200,71,0.5,-0.5,200
"734",16,4,"disamb","fp","disamb fp",2,0,216,216,71,0.5,0.5,216
"736",16,19,"disamb","fp","disamb fp",1,0,220,220,71,0.5,-0.5,220
"738",16,21,"disamb","fp","disamb fp",3,0,712,712,71,-0.5,-0.5,NA
"740",16,5,"disamb","fp","disamb fp",3,0,186,186,71,-0.5,-0.5,186
"742",16,15,"disamb","fp","disamb fp",1,0,200,200,71,0.5,-0.5,200
"744",16,22,"disamb","fp","disamb fp",4,0,256,256,71,-0.5,0.5,256
"746",16,17,"disamb","fp","disamb fp",3,0,118,118,71,-0.5,-0.5,118
"748",16,16,"disamb","fp","disamb fp",2,0,294,294,71,0.5,0.5,294
"750",16,8,"disamb","fp","disamb fp",2,0,238,238,71,0.5,0.5,238
"752",16,23,"disamb","fp","disamb fp",1,0,212,212,71,0.5,-0.5,212
"754",16,2,"disamb","fp","disamb fp",4,0,216,216,71,-0.5,0.5,216
"756",16,1,"disamb","fp","disamb fp",3,0,260,260,71,-0.5,-0.5,260
"758",16,10,"disamb","fp","disamb fp",4,0,554,554,71,-0.5,0.5,554
"760",17,8,"disamb","fp","disamb fp",3,0,202,202,71,-0.5,-0.5,202
"762",17,16,"disamb","fp","disamb fp",3,0,456,456,71,-0.5,-0.5,456
"764",17,15,"disamb","fp","disamb fp",2,0,602,602,71,0.5,0.5,602
"766",17,11,"disamb","fp","disamb fp",2,0,576,576,71,0.5,0.5,576
"768",17,1,"disamb","fp","disamb fp",4,0,436,436,71,-0.5,0.5,436
"770",17,9,"disamb","fp","disamb fp",4,0,132,132,71,-0.5,0.5,132
"772",17,2,"disamb","fp","disamb fp",1,0,386,386,71,0.5,-0.5,386
"774",17,20,"disamb","fp","disamb fp",3,0,332,332,71,-0.5,-0.5,332
"776",17,24,"disamb","fp","disamb fp",3,0,282,282,71,-0.5,-0.5,282
"778",17,18,"disamb","fp","disamb fp",1,0,400,400,71,0.5,-0.5,400
"780",17,6,"disamb","fp","disamb fp",1,0,542,542,71,0.5,-0.5,542
"782",17,14,"disamb","fp","disamb fp",1,0,310,310,71,0.5,-0.5,310
"784",17,5,"disamb","fp","disamb fp",4,0,652,652,71,-0.5,0.5,652
"786",17,13,"disamb","fp","disamb fp",4,0,514,514,71,-0.5,0.5,514
"788",17,17,"disamb","fp","disamb fp",4,0,350,350,71,-0.5,0.5,350
"790",17,3,"disamb","fp","disamb fp",2,1,0,NA,71,0.5,0.5,NA
"792",17,4,"disamb","fp","disamb fp",3,0,566,566,71,-0.5,-0.5,566
"794",17,12,"disamb","fp","disamb fp",3,0,292,292,71,-0.5,-0.5,292
"796",17,19,"disamb","fp","disamb fp",2,0,244,244,71,0.5,0.5,244
"798",17,22,"disamb","fp","disamb fp",1,0,772,772,71,0.5,-0.5,772
"800",17,23,"disamb","fp","disamb fp",2,0,414,414,71,0.5,0.5,414
"802",17,10,"disamb","fp","disamb fp",1,0,178,178,71,0.5,-0.5,178
"804",17,21,"disamb","fp","disamb fp",4,0,246,246,71,-0.5,0.5,246
"806",17,7,"disamb","fp","disamb fp",2,0,314,314,71,0.5,0.5,314
"808",18,17,"disamb","fp","disamb fp",1,0,206,206,71,0.5,-0.5,206
"810",18,5,"disamb","fp","disamb fp",1,1,0,NA,71,0.5,-0.5,NA
"812",18,12,"disamb","fp","disamb fp",4,1,0,NA,71,-0.5,0.5,NA
"814",18,24,"disamb","fp","disamb fp",4,1,0,NA,71,-0.5,0.5,NA
"816",18,23,"disamb","fp","disamb fp",3,0,294,294,71,-0.5,-0.5,294
"818",18,16,"disamb","fp","disamb fp",4,0,270,270,71,-0.5,0.5,270
"820",18,8,"disamb","fp","disamb fp",4,0,242,242,71,-0.5,0.5,242
"822",18,1,"disamb","fp","disamb fp",1,0,422,422,71,0.5,-0.5,422
"824",18,15,"disamb","fp","disamb fp",3,1,0,NA,71,-0.5,-0.5,NA
"826",18,14,"disamb","fp","disamb fp",2,1,0,NA,71,0.5,0.5,NA
"828",18,3,"disamb","fp","disamb fp",3,0,218,218,71,-0.5,-0.5,218
"830",18,18,"disamb","fp","disamb fp",2,0,244,244,71,0.5,0.5,244
"832",18,21,"disamb","fp","disamb fp",1,0,198,198,71,0.5,-0.5,198
"834",18,2,"disamb","fp","disamb fp",2,0,246,246,71,0.5,0.5,246
"836",18,13,"disamb","fp","disamb fp",1,0,854,854,71,0.5,-0.5,NA
"838",18,20,"disamb","fp","disamb fp",4,0,234,234,71,-0.5,0.5,234
"840",18,4,"disamb","fp","disamb fp",4,1,0,NA,71,-0.5,0.5,NA
"842",18,7,"disamb","fp","disamb fp",3,0,200,200,71,-0.5,-0.5,200
"844",18,6,"disamb","fp","disamb fp",2,0,270,270,71,0.5,0.5,270
"846",18,10,"disamb","fp","disamb fp",2,0,264,264,71,0.5,0.5,264
"848",18,22,"disamb","fp","disamb fp",2,0,256,256,71,0.5,0.5,256
"850",18,9,"disamb","fp","disamb fp",1,0,208,208,71,0.5,-0.5,208
"852",18,19,"disamb","fp","disamb fp",3,0,238,238,71,-0.5,-0.5,238
"854",18,11,"disamb","fp","disamb fp",3,0,176,176,71,-0.5,-0.5,176
"857",19,8,"disamb","fp","disamb fp",1,0,638,638,71,0.5,-0.5,638
"859",19,7,"disamb","fp","disamb fp",4,0,208,208,71,-0.5,0.5,208
"861",19,11,"disamb","fp","disamb fp",4,0,168,168,71,-0.5,0.5,168
"863",19,20,"disamb","fp","disamb fp",1,0,516,516,71,0.5,-0.5,516
"865",19,21,"disamb","fp","disamb fp",2,0,686,686,71,0.5,0.5,686
"867",19,19,"disamb","fp","disamb fp",4,0,180,180,71,-0.5,0.5,180
"869",19,5,"disamb","fp","disamb fp",2,0,266,266,71,0.5,0.5,266
"871",19,12,"disamb","fp","disamb fp",1,1,0,NA,71,0.5,-0.5,NA
"873",19,2,"disamb","fp","disamb fp",3,0,164,164,71,-0.5,-0.5,164
"875",19,13,"disamb","fp","disamb fp",2,0,302,302,71,0.5,0.5,302
"877",19,17,"disamb","fp","disamb fp",2,0,322,322,71,0.5,0.5,322
"879",19,6,"disamb","fp","disamb fp",3,0,326,326,71,-0.5,-0.5,326
"881",19,18,"disamb","fp","disamb fp",3,0,308,308,71,-0.5,-0.5,308
"883",19,3,"disamb","fp","disamb fp",4,1,0,NA,71,-0.5,0.5,NA
"885",19,24,"disamb","fp","disamb fp",1,1,0,NA,71,0.5,-0.5,NA
"887",19,1,"disamb","fp","disamb fp",2,0,274,274,71,0.5,0.5,274
"889",19,9,"disamb","fp","disamb fp",2,0,522,522,71,0.5,0.5,522
"891",19,10,"disamb","fp","disamb fp",3,0,212,212,71,-0.5,-0.5,212
"893",19,23,"disamb","fp","disamb fp",4,0,266,266,71,-0.5,0.5,266
"895",19,4,"disamb","fp","disamb fp",1,0,124,124,71,0.5,-0.5,124
"897",19,14,"disamb","fp","disamb fp",3,0,276,276,71,-0.5,-0.5,276
"899",19,22,"disamb","fp","disamb fp",3,0,234,234,71,-0.5,-0.5,234
"901",19,16,"disamb","fp","disamb fp",1,0,194,194,71,0.5,-0.5,194
"903",19,15,"disamb","fp","disamb fp",4,0,184,184,71,-0.5,0.5,184
"905",20,6,"disamb","fp","disamb fp",4,0,268,268,71,-0.5,0.5,268
"907",20,12,"disamb","fp","disamb fp",2,1,0,NA,71,0.5,0.5,NA
"909",20,4,"disamb","fp","disamb fp",2,0,378,378,71,0.5,0.5,378
"911",20,19,"disamb","fp","disamb fp",1,0,174,174,71,0.5,-0.5,174
"913",20,7,"disamb","fp","disamb fp",1,0,146,146,71,0.5,-0.5,146
"915",20,22,"disamb","fp","disamb fp",4,1,0,NA,71,-0.5,0.5,NA
"917",20,14,"disamb","fp","disamb fp",4,0,188,188,71,-0.5,0.5,188
"919",20,2,"disamb","fp","disamb fp",4,0,194,194,71,-0.5,0.5,194
"921",20,8,"disamb","fp","disamb fp",2,0,206,206,71,0.5,0.5,206
"923",20,10,"disamb","fp","disamb fp",4,0,180,180,71,-0.5,0.5,180
"925",20,23,"disamb","fp","disamb fp",1,0,232,232,71,0.5,-0.5,232
"927",20,13,"disamb","fp","disamb fp",3,0,204,204,71,-0.5,-0.5,204
"929",20,3,"disamb","fp","disamb fp",1,0,166,166,71,0.5,-0.5,166
"931",20,5,"disamb","fp","disamb fp",3,1,0,NA,71,-0.5,-0.5,NA
"933",20,21,"disamb","fp","disamb fp",3,0,378,378,71,-0.5,-0.5,378
"935",20,18,"disamb","fp","disamb fp",4,0,182,182,71,-0.5,0.5,182
"937",20,9,"disamb","fp","disamb fp",3,0,208,208,71,-0.5,-0.5,208
"939",20,17,"disamb","fp","disamb fp",3,0,346,346,71,-0.5,-0.5,346
"941",20,11,"disamb","fp","disamb fp",1,0,334,334,71,0.5,-0.5,334
"943",20,1,"disamb","fp","disamb fp",3,0,190,190,71,-0.5,-0.5,190
"945",20,24,"disamb","fp","disamb fp",2,0,212,212,71,0.5,0.5,212
"947",20,16,"disamb","fp","disamb fp",2,0,130,130,71,0.5,0.5,130
"949",20,15,"disamb","fp","disamb fp",1,0,444,444,71,0.5,-0.5,444
"951",20,20,"disamb","fp","disamb fp",2,0,216,216,71,0.5,0.5,216
"953",21,4,"disamb","fp","disamb fp",3,0,160,160,71,-0.5,-0.5,160
"955",21,23,"disamb","fp","disamb fp",2,0,596,596,71,0.5,0.5,596
"957",21,22,"disamb","fp","disamb fp",1,0,196,196,71,0.5,-0.5,196
"959",21,2,"disamb","fp","disamb fp",1,0,442,442,71,0.5,-0.5,442
"961",21,10,"disamb","fp","disamb fp",1,0,292,292,71,0.5,-0.5,292
"963",21,12,"disamb","fp","disamb fp",3,0,272,272,71,-0.5,-0.5,272
"965",21,18,"disamb","fp","disamb fp",1,0,92,92,71,0.5,-0.5,92
"967",21,21,"disamb","fp","disamb fp",4,0,192,192,71,-0.5,0.5,192
"969",21,7,"disamb","fp","disamb fp",2,0,286,286,71,0.5,0.5,286
"971",21,14,"disamb","fp","disamb fp",1,0,158,158,71,0.5,-0.5,158
"973",21,15,"disamb","fp","disamb fp",2,0,330,330,71,0.5,0.5,330
"975",21,17,"disamb","fp","disamb fp",4,0,362,362,71,-0.5,0.5,362
"977",21,16,"disamb","fp","disamb fp",3,0,288,288,71,-0.5,-0.5,288
"979",21,20,"disamb","fp","disamb fp",3,0,156,156,71,-0.5,-0.5,156
"981",21,6,"disamb","fp","disamb fp",1,0,202,202,71,0.5,-0.5,202
"983",21,3,"disamb","fp","disamb fp",2,0,332,332,71,0.5,0.5,332
"985",21,9,"disamb","fp","disamb fp",4,0,314,314,71,-0.5,0.5,314
"987",21,19,"disamb","fp","disamb fp",2,0,496,496,71,0.5,0.5,496
"989",21,8,"disamb","fp","disamb fp",3,0,150,150,71,-0.5,-0.5,150
"991",21,5,"disamb","fp","disamb fp",4,0,376,376,71,-0.5,0.5,376
"993",21,24,"disamb","fp","disamb fp",3,1,0,NA,71,-0.5,-0.5,NA
"995",21,1,"disamb","fp","disamb fp",4,0,290,290,71,-0.5,0.5,290
"997",21,11,"disamb","fp","disamb fp",2,0,222,222,71,0.5,0.5,222
"999",21,13,"disamb","fp","disamb fp",4,0,168,168,71,-0.5,0.5,168
"1000",22,4,"disamb","fp","disamb fp",4,0,458,458,71,-0.5,0.5,458
"1002",22,2,"disamb","fp","disamb fp",2,0,480,480,71,0.5,0.5,480
"1004",22,16,"disamb","fp","disamb fp",4,0,324,324,71,-0.5,0.5,324
"1006",22,7,"disamb","fp","disamb fp",3,0,290,290,71,-0.5,-0.5,290
"1008",22,12,"disamb","fp","disamb fp",4,0,294,294,71,-0.5,0.5,294
"1010",22,20,"disamb","fp","disamb fp",4,0,330,330,71,-0.5,0.5,330
"1012",22,24,"disamb","fp","disamb fp",4,0,372,372,71,-0.5,0.5,372
"1014",22,15,"disamb","fp","disamb fp",3,0,294,294,71,-0.5,-0.5,294
"1016",22,22,"disamb","fp","disamb fp",2,0,292,292,71,0.5,0.5,292
"1018",22,11,"disamb","fp","disamb fp",3,0,320,320,71,-0.5,-0.5,320
"1020",22,19,"disamb","fp","disamb fp",3,0,646,646,71,-0.5,-0.5,646
"1022",22,21,"disamb","fp","disamb fp",1,0,312,312,71,0.5,-0.5,312
"1024",22,8,"disamb","fp","disamb fp",4,0,466,466,71,-0.5,0.5,466
"1026",22,23,"disamb","fp","disamb fp",3,0,602,602,71,-0.5,-0.5,602
"1028",22,14,"disamb","fp","disamb fp",2,0,342,342,71,0.5,0.5,342
"1030",22,9,"disamb","fp","disamb fp",1,0,302,302,71,0.5,-0.5,302
"1032",22,1,"disamb","fp","disamb fp",1,0,776,776,71,0.5,-0.5,776
"1034",22,3,"disamb","fp","disamb fp",3,0,638,638,71,-0.5,-0.5,638
"1036",22,5,"disamb","fp","disamb fp",1,0,242,242,71,0.5,-0.5,242
"1038",22,13,"disamb","fp","disamb fp",1,0,530,530,71,0.5,-0.5,530
"1040",22,6,"disamb","fp","disamb fp",2,0,428,428,71,0.5,0.5,428
"1042",22,18,"disamb","fp","disamb fp",2,0,256,256,71,0.5,0.5,256
"1044",22,10,"disamb","fp","disamb fp",2,0,268,268,71,0.5,0.5,268
"1046",22,17,"disamb","fp","disamb fp",1,0,294,294,71,0.5,-0.5,294
"1048",23,20,"disamb","fp","disamb fp",2,0,551,551,71,0.5,0.5,551
"1050",23,23,"disamb","fp","disamb fp",1,0,244,244,71,0.5,-0.5,244
"1052",23,16,"disamb","fp","disamb fp",2,0,571,571,71,0.5,0.5,571
"1054",23,8,"disamb","fp","disamb fp",2,0,446,446,71,0.5,0.5,446
"1056",23,5,"disamb","fp","disamb fp",3,0,509,509,71,-0.5,-0.5,509
"1058",23,7,"disamb","fp","disamb fp",1,0,223,223,71,0.5,-0.5,223
"1060",23,2,"disamb","fp","disamb fp",4,0,151,151,71,-0.5,0.5,151
"1062",23,21,"disamb","fp","disamb fp",3,0,209,209,71,-0.5,-0.5,209
"1064",23,6,"disamb","fp","disamb fp",4,0,273,273,71,-0.5,0.5,273
"1066",23,17,"disamb","fp","disamb fp",3,0,381,381,71,-0.5,-0.5,381
"1068",23,12,"disamb","fp","disamb fp",2,0,158,158,71,0.5,0.5,158
"1070",23,13,"disamb","fp","disamb fp",3,0,252,252,71,-0.5,-0.5,252
"1072",23,24,"disamb","fp","disamb fp",2,1,0,NA,71,0.5,0.5,NA
"1074",23,11,"disamb","fp","disamb fp",1,0,292,292,71,0.5,-0.5,292
"1076",23,4,"disamb","fp","disamb fp",2,0,495,495,71,0.5,0.5,495
"1078",23,22,"disamb","fp","disamb fp",4,0,263,263,71,-0.5,0.5,263
"1080",23,14,"disamb","fp","disamb fp",4,0,303,303,71,-0.5,0.5,303
"1082",23,3,"disamb","fp","disamb fp",1,1,0,NA,71,0.5,-0.5,NA
"1084",23,9,"disamb","fp","disamb fp",3,0,224,224,71,-0.5,-0.5,224
"1086",23,15,"disamb","fp","disamb fp",1,0,137,137,71,0.5,-0.5,137
"1088",23,1,"disamb","fp","disamb fp",3,0,180,180,71,-0.5,-0.5,180
"1090",23,10,"disamb","fp","disamb fp",4,0,226,226,71,-0.5,0.5,226
"1092",23,18,"disamb","fp","disamb fp",4,0,184,184,71,-0.5,0.5,184
"1094",23,19,"disamb","fp","disamb fp",1,0,315,315,71,0.5,-0.5,315
"1096",24,11,"disamb","fp","disamb fp",4,0,420,420,71,-0.5,0.5,420
"1099",24,13,"disamb","fp","disamb fp",2,0,280,280,71,0.5,0.5,280
"1101",24,4,"disamb","fp","disamb fp",1,0,260,260,71,0.5,-0.5,260
"1103",24,12,"disamb","fp","disamb fp",1,0,352,352,71,0.5,-0.5,352
"1105",24,16,"disamb","fp","disamb fp",1,0,574,574,71,0.5,-0.5,574
"1107",24,1,"disamb","fp","disamb fp",2,0,288,288,71,0.5,0.5,288
"1109",24,2,"disamb","fp","disamb fp",3,0,338,338,71,-0.5,-0.5,338
"1111",24,18,"disamb","fp","disamb fp",3,0,310,310,71,-0.5,-0.5,310
"1113",24,6,"disamb","fp","disamb fp",3,0,648,648,71,-0.5,-0.5,648
"1115",24,14,"disamb","fp","disamb fp",3,0,334,334,71,-0.5,-0.5,334
"1117",24,23,"disamb","fp","disamb fp",4,0,420,420,71,-0.5,0.5,420
"1119",24,8,"disamb","fp","disamb fp",1,0,354,354,71,0.5,-0.5,354
"1121",24,10,"disamb","fp","disamb fp",3,0,268,268,71,-0.5,-0.5,268
"1123",24,7,"disamb","fp","disamb fp",4,0,304,304,71,-0.5,0.5,304
"1125",24,20,"disamb","fp","disamb fp",1,0,624,624,71,0.5,-0.5,624
"1127",24,5,"disamb","fp","disamb fp",2,0,528,528,71,0.5,0.5,528
"1129",24,17,"disamb","fp","disamb fp",2,0,348,348,71,0.5,0.5,348
"1131",24,24,"disamb","fp","disamb fp",1,0,288,288,71,0.5,-0.5,288
"1133",24,9,"disamb","fp","disamb fp",2,0,352,352,71,0.5,0.5,352
"1135",24,19,"disamb","fp","disamb fp",4,0,296,296,71,-0.5,0.5,296
"1137",24,3,"disamb","fp","disamb fp",4,0,350,350,71,-0.5,0.5,350
"1139",24,22,"disamb","fp","disamb fp",3,0,224,224,71,-0.5,-0.5,224
"1141",24,15,"disamb","fp","disamb fp",4,0,742,742,71,-0.5,0.5,742
"1144",25,2,"disamb","fp","disamb fp",4,0,132,132,71,-0.5,0.5,132
"1146",25,5,"disamb","fp","disamb fp",3,0,162,162,71,-0.5,-0.5,162
"1148",25,17,"disamb","fp","disamb fp",3,0,214,214,71,-0.5,-0.5,214
"1150",25,10,"disamb","fp","disamb fp",4,0,186,186,71,-0.5,0.5,186
"1152",25,23,"disamb","fp","disamb fp",1,0,278,278,71,0.5,-0.5,278
"1154",25,18,"disamb","fp","disamb fp",4,0,172,172,71,-0.5,0.5,172
"1156",25,14,"disamb","fp","disamb fp",4,0,186,186,71,-0.5,0.5,186
"1158",25,6,"disamb","fp","disamb fp",4,0,162,162,71,-0.5,0.5,162
"1160",25,16,"disamb","fp","disamb fp",2,0,184,184,71,0.5,0.5,184
"1162",25,20,"disamb","fp","disamb fp",2,0,214,214,71,0.5,0.5,214
"1164",25,24,"disamb","fp","disamb fp",2,0,188,188,71,0.5,0.5,188
"1166",25,22,"disamb","fp","disamb fp",4,0,144,144,71,-0.5,0.5,144
"1168",25,9,"disamb","fp","disamb fp",3,0,412,412,71,-0.5,-0.5,412
"1170",25,7,"disamb","fp","disamb fp",1,0,148,148,71,0.5,-0.5,148
"1172",25,15,"disamb","fp","disamb fp",1,0,188,188,71,0.5,-0.5,188
"1174",25,12,"disamb","fp","disamb fp",2,0,222,222,71,0.5,0.5,222
"1176",25,3,"disamb","fp","disamb fp",1,0,156,156,71,0.5,-0.5,156
"1178",25,4,"disamb","fp","disamb fp",2,0,454,454,71,0.5,0.5,454
"1180",25,19,"disamb","fp","disamb fp",1,0,184,184,71,0.5,-0.5,184
"1182",25,21,"disamb","fp","disamb fp",3,0,422,422,71,-0.5,-0.5,422
"1184",25,11,"disamb","fp","disamb fp",1,0,190,190,71,0.5,-0.5,190
"1186",25,1,"disamb","fp","disamb fp",3,0,330,330,71,-0.5,-0.5,330
"1188",25,13,"disamb","fp","disamb fp",3,0,388,388,71,-0.5,-0.5,388
"1190",25,8,"disamb","fp","disamb fp",2,0,198,198,71,0.5,0.5,198
"1192",26,14,"disamb","fp","disamb fp",1,0,322,322,71,0.5,-0.5,322
"1194",26,17,"disamb","fp","disamb fp",4,0,206,206,71,-0.5,0.5,206
"1196",26,20,"disamb","fp","disamb fp",3,0,274,274,71,-0.5,-0.5,274
"1198",26,6,"disamb","fp","disamb fp",1,0,484,484,71,0.5,-0.5,484
"1200",26,15,"disamb","fp","disamb fp",2,0,378,378,71,0.5,0.5,378
"1202",26,23,"disamb","fp","disamb fp",2,0,276,276,71,0.5,0.5,276
"1204",26,16,"disamb","fp","disamb fp",3,0,272,272,71,-0.5,-0.5,272
"1206",26,21,"disamb","fp","disamb fp",4,0,326,326,71,-0.5,0.5,326
"1208",26,24,"disamb","fp","disamb fp",3,0,172,172,71,-0.5,-0.5,172
"1210",26,12,"disamb","fp","disamb fp",3,0,232,232,71,-0.5,-0.5,232
"1212",26,4,"disamb","fp","disamb fp",3,0,332,332,71,-0.5,-0.5,332
"1214",26,18,"disamb","fp","disamb fp",1,0,300,300,71,0.5,-0.5,300
"1216",26,11,"disamb","fp","disamb fp",2,0,324,324,71,0.5,0.5,324
"1218",26,7,"disamb","fp","disamb fp",2,0,592,592,71,0.5,0.5,592
"1220",26,1,"disamb","fp","disamb fp",4,0,296,296,71,-0.5,0.5,296
"1222",26,9,"disamb","fp","disamb fp",4,0,496,496,71,-0.5,0.5,496
"1224",26,3,"disamb","fp","disamb fp",2,0,290,290,71,0.5,0.5,290
"1226",26,19,"disamb","fp","disamb fp",2,0,284,284,71,0.5,0.5,284
"1228",26,2,"disamb","fp","disamb fp",1,0,326,326,71,0.5,-0.5,326
"1230",26,8,"disamb","fp","disamb fp",3,0,282,282,71,-0.5,-0.5,282
"1232",26,5,"disamb","fp","disamb fp",4,0,554,554,71,-0.5,0.5,554
"1234",26,22,"disamb","fp","disamb fp",1,0,312,312,71,0.5,-0.5,312
"1236",26,10,"disamb","fp","disamb fp",1,0,424,424,71,0.5,-0.5,424
"1238",26,13,"disamb","fp","disamb fp",4,0,518,518,71,-0.5,0.5,518
"1240",27,1,"disamb","fp","disamb fp",1,0,354,354,71,0.5,-0.5,354
"1242",27,22,"disamb","fp","disamb fp",2,0,452,452,71,0.5,0.5,452
"1244",27,6,"disamb","fp","disamb fp",2,0,392,392,71,0.5,0.5,392
"1246",27,2,"disamb","fp","disamb fp",2,0,700,700,71,0.5,0.5,700
"1248",27,7,"disamb","fp","disamb fp",3,0,264,264,71,-0.5,-0.5,264
"1250",27,19,"disamb","fp","disamb fp",3,0,216,216,71,-0.5,-0.5,216
"1252",27,10,"disamb","fp","disamb fp",2,0,580,580,71,0.5,0.5,580
"1254",27,24,"disamb","fp","disamb fp",4,0,214,214,71,-0.5,0.5,214
"1256",27,17,"disamb","fp","disamb fp",1,0,174,174,71,0.5,-0.5,174
"1258",27,3,"disamb","fp","disamb fp",3,1,0,NA,71,-0.5,-0.5,NA
"1260",27,13,"disamb","fp","disamb fp",1,0,256,256,71,0.5,-0.5,256
"1262",27,8,"disamb","fp","disamb fp",4,0,304,304,71,-0.5,0.5,304
"1264",27,21,"disamb","fp","disamb fp",1,0,386,386,71,0.5,-0.5,386
"1266",27,4,"disamb","fp","disamb fp",4,0,266,266,71,-0.5,0.5,266
"1268",27,9,"disamb","fp","disamb fp",1,0,484,484,71,0.5,-0.5,484
"1270",27,12,"disamb","fp","disamb fp",4,0,238,238,71,-0.5,0.5,238
"1272",27,16,"disamb","fp","disamb fp",4,1,0,NA,71,-0.5,0.5,NA
"1274",27,20,"disamb","fp","disamb fp",4,0,204,204,71,-0.5,0.5,204
"1276",27,15,"disamb","fp","disamb fp",3,0,310,310,71,-0.5,-0.5,310
"1278",27,23,"disamb","fp","disamb fp",3,0,322,322,71,-0.5,-0.5,322
"1280",27,14,"disamb","fp","disamb fp",2,0,216,216,71,0.5,0.5,216
"1282",27,11,"disamb","fp","disamb fp",3,0,794,794,71,-0.5,-0.5,794
"1284",27,5,"disamb","fp","disamb fp",1,0,290,290,71,0.5,-0.5,290
"1286",27,18,"disamb","fp","disamb fp",2,0,166,166,71,0.5,0.5,166
"1288",28,4,"disamb","fp","disamb fp",1,0,96,96,71,0.5,-0.5,96
"1290",28,8,"disamb","fp","disamb fp",1,0,166,166,71,0.5,-0.5,166
"1292",28,24,"disamb","fp","disamb fp",1,0,408,408,71,0.5,-0.5,408
"1294",28,3,"disamb","fp","disamb fp",4,0,344,344,71,-0.5,0.5,344
"1296",28,7,"disamb","fp","disamb fp",4,0,346,346,71,-0.5,0.5,346
"1298",28,5,"disamb","fp","disamb fp",2,0,432,432,71,0.5,0.5,432
"1300",28,21,"disamb","fp","disamb fp",2,0,434,434,71,0.5,0.5,434
"1302",28,12,"disamb","fp","disamb fp",1,0,236,236,71,0.5,-0.5,236
"1304",28,22,"disamb","fp","disamb fp",3,0,318,318,71,-0.5,-0.5,318
"1306",28,14,"disamb","fp","disamb fp",3,0,308,308,71,-0.5,-0.5,308
"1308",28,10,"disamb","fp","disamb fp",3,0,240,240,71,-0.5,-0.5,240
"1310",28,11,"disamb","fp","disamb fp",4,0,394,394,71,-0.5,0.5,394
"1312",28,20,"disamb","fp","disamb fp",1,0,296,296,71,0.5,-0.5,296
"1314",28,1,"disamb","fp","disamb fp",2,0,200,200,71,0.5,0.5,200
"1316",28,23,"disamb","fp","disamb fp",4,0,408,408,71,-0.5,0.5,408
"1318",28,18,"disamb","fp","disamb fp",3,0,526,526,71,-0.5,-0.5,526
"1320",28,17,"disamb","fp","disamb fp",2,0,278,278,71,0.5,0.5,278
"1322",28,13,"disamb","fp","disamb fp",2,0,238,238,71,0.5,0.5,238
"1324",28,19,"disamb","fp","disamb fp",4,0,442,442,71,-0.5,0.5,442
"1326",28,2,"disamb","fp","disamb fp",3,0,510,510,71,-0.5,-0.5,510
"1328",28,9,"disamb","fp","disamb fp",2,0,2434,2434,71,0.5,0.5,NA
"1330",28,15,"disamb","fp","disamb fp",4,0,178,178,71,-0.5,0.5,178
"1332",28,6,"disamb","fp","disamb fp",3,0,402,402,71,-0.5,-0.5,402
"1334",28,16,"disamb","fp","disamb fp",1,0,318,318,71,0.5,-0.5,318
"1335",29,18,"disamb","fp","disamb fp",4,0,292,292,71,-0.5,0.5,292
"1337",29,3,"disamb","fp","disamb fp",1,0,184,184,71,0.5,-0.5,184
"1339",29,12,"disamb","fp","disamb fp",2,0,128,128,71,0.5,0.5,128
"1341",29,20,"disamb","fp","disamb fp",2,0,254,254,71,0.5,0.5,254
"1343",29,9,"disamb","fp","disamb fp",3,0,372,372,71,-0.5,-0.5,372
"1345",29,1,"disamb","fp","disamb fp",3,0,344,344,71,-0.5,-0.5,344
"1347",29,14,"disamb","fp","disamb fp",4,0,236,236,71,-0.5,0.5,236
"1349",29,16,"disamb","fp","disamb fp",2,0,894,894,71,0.5,0.5,NA
"1351",29,17,"disamb","fp","disamb fp",3,1,0,NA,71,-0.5,-0.5,NA
"1353",29,24,"disamb","fp","disamb fp",2,0,356,356,71,0.5,0.5,356
"1355",29,5,"disamb","fp","disamb fp",3,0,292,292,71,-0.5,-0.5,292
"1357",29,6,"disamb","fp","disamb fp",4,0,196,196,71,-0.5,0.5,196
"1359",29,19,"disamb","fp","disamb fp",1,0,386,386,71,0.5,-0.5,386
"1361",29,15,"disamb","fp","disamb fp",1,0,442,442,71,0.5,-0.5,442
"1363",29,11,"disamb","fp","disamb fp",1,0,314,314,71,0.5,-0.5,314
"1365",29,22,"disamb","fp","disamb fp",4,0,280,280,71,-0.5,0.5,280
"1368",29,4,"disamb","fp","disamb fp",2,0,384,384,71,0.5,0.5,384
"1370",29,23,"disamb","fp","disamb fp",1,0,274,274,71,0.5,-0.5,274
"1372",29,21,"disamb","fp","disamb fp",3,0,298,298,71,-0.5,-0.5,298
"1374",29,7,"disamb","fp","disamb fp",1,0,264,264,71,0.5,-0.5,264
"1376",29,13,"disamb","fp","disamb fp",3,0,256,256,71,-0.5,-0.5,256
"1378",29,8,"disamb","fp","disamb fp",2,0,472,472,71,0.5,0.5,472
"1380",29,2,"disamb","fp","disamb fp",4,0,238,238,71,-0.5,0.5,238
"1382",30,23,"disamb","fp","disamb fp",2,0,786,786,71,0.5,0.5,786
"1384",30,24,"disamb","fp","disamb fp",3,0,118,118,71,-0.5,-0.5,118
"1386",30,2,"disamb","fp","disamb fp",1,0,416,416,71,0.5,-0.5,416
"1388",30,8,"disamb","fp","disamb fp",3,0,342,342,71,-0.5,-0.5,342
"1390",30,9,"disamb","fp","disamb fp",4,0,220,220,71,-0.5,0.5,220
"1392",30,14,"disamb","fp","disamb fp",1,0,394,394,71,0.5,-0.5,394
"1394",30,20,"disamb","fp","disamb fp",3,0,354,354,71,-0.5,-0.5,354
"1396",30,3,"disamb","fp","disamb fp",2,0,390,390,71,0.5,0.5,390
"1398",30,13,"disamb","fp","disamb fp",4,0,242,242,71,-0.5,0.5,242
"1400",30,16,"disamb","fp","disamb fp",3,0,934,934,71,-0.5,-0.5,934
"1402",30,15,"disamb","fp","disamb fp",2,0,134,134,71,0.5,0.5,134
"1404",30,12,"disamb","fp","disamb fp",3,0,260,260,71,-0.5,-0.5,260
"1406",30,21,"disamb","fp","disamb fp",4,0,178,178,71,-0.5,0.5,178
"1408",30,19,"disamb","fp","disamb fp",2,1,0,NA,71,0.5,0.5,NA
"1410",30,5,"disamb","fp","disamb fp",4,0,222,222,71,-0.5,0.5,222
"1412",30,7,"disamb","fp","disamb fp",2,0,356,356,71,0.5,0.5,356
"1414",30,1,"disamb","fp","disamb fp",4,0,130,130,71,-0.5,0.5,130
"1416",30,17,"disamb","fp","disamb fp",4,0,102,102,71,-0.5,0.5,102
"1418",30,4,"disamb","fp","disamb fp",3,0,186,186,71,-0.5,-0.5,186
"1420",30,18,"disamb","fp","disamb fp",1,1,0,NA,71,0.5,-0.5,NA
"1422",30,22,"disamb","fp","disamb fp",1,0,154,154,71,0.5,-0.5,154
"1424",30,10,"disamb","fp","disamb fp",1,1,0,NA,71,0.5,-0.5,NA
"1426",30,6,"disamb","fp","disamb fp",1,0,168,168,71,0.5,-0.5,168
"1428",30,11,"disamb","fp","disamb fp",2,0,392,392,71,0.5,0.5,392
"1430",31,18,"disamb","fp","disamb fp",2,0,378,378,71,0.5,0.5,378
"1432",31,7,"disamb","fp","disamb fp",3,1,0,NA,71,-0.5,-0.5,NA
"1434",31,19,"disamb","fp","disamb fp",3,0,240,240,71,-0.5,-0.5,240
"1436",31,15,"disamb","fp","disamb fp",3,0,218,218,71,-0.5,-0.5,218
"1438",31,16,"disamb","fp","disamb fp",4,0,510,510,71,-0.5,0.5,510
"1440",31,8,"disamb","fp","disamb fp",4,0,464,464,71,-0.5,0.5,464
"1442",31,13,"disamb","fp","disamb fp",1,0,774,774,71,0.5,-0.5,774
"1444",31,17,"disamb","fp","disamb fp",1,0,274,274,71,0.5,-0.5,274
"1446",31,23,"disamb","fp","disamb fp",3,0,484,484,71,-0.5,-0.5,484
"1448",31,21,"disamb","fp","disamb fp",1,0,384,384,71,0.5,-0.5,384
"1450",31,14,"disamb","fp","disamb fp",2,0,592,592,71,0.5,0.5,592
"1452",31,10,"disamb","fp","disamb fp",2,0,348,348,71,0.5,0.5,348
"1454",31,3,"disamb","fp","disamb fp",3,1,0,NA,71,-0.5,-0.5,NA
"1456",31,22,"disamb","fp","disamb fp",2,0,660,660,71,0.5,0.5,660
"1458",31,4,"disamb","fp","disamb fp",4,0,290,290,71,-0.5,0.5,290
"1460",31,24,"disamb","fp","disamb fp",4,0,222,222,71,-0.5,0.5,222
"1462",31,6,"disamb","fp","disamb fp",2,0,464,464,71,0.5,0.5,464
"1464",31,20,"disamb","fp","disamb fp",4,0,484,484,71,-0.5,0.5,484
"1466",31,2,"disamb","fp","disamb fp",2,0,302,302,71,0.5,0.5,302
"1468",31,9,"disamb","fp","disamb fp",1,0,258,258,71,0.5,-0.5,258
"1470",31,1,"disamb","fp","disamb fp",1,0,410,410,71,0.5,-0.5,410
"1472",31,12,"disamb","fp","disamb fp",4,0,234,234,71,-0.5,0.5,234
"1474",31,5,"disamb","fp","disamb fp",1,0,386,386,71,0.5,-0.5,386
"1476",31,11,"disamb","fp","disamb fp",3,0,198,198,71,-0.5,-0.5,198
"1479",32,19,"disamb","fp","disamb fp",4,0,384,384,71,-0.5,0.5,384
"1481",32,6,"disamb","fp","disamb fp",3,0,368,368,71,-0.5,-0.5,368
"1483",32,3,"disamb","fp","disamb fp",4,0,338,338,71,-0.5,0.5,338
"1485",32,13,"disamb","fp","disamb fp",2,0,384,384,71,0.5,0.5,384
"1487",32,17,"disamb","fp","disamb fp",2,0,320,320,71,0.5,0.5,320
"1489",32,8,"disamb","fp","disamb fp",1,0,286,286,71,0.5,-0.5,286
"1491",32,9,"disamb","fp","disamb fp",2,0,164,164,71,0.5,0.5,164
"1493",32,12,"disamb","fp","disamb fp",1,0,334,334,71,0.5,-0.5,334
"1495",32,24,"disamb","fp","disamb fp",1,0,692,692,71,0.5,-0.5,692
"1497",32,7,"disamb","fp","disamb fp",4,0,466,466,71,-0.5,0.5,466
"1499",32,16,"disamb","fp","disamb fp",1,0,338,338,71,0.5,-0.5,338
"1501",32,23,"disamb","fp","disamb fp",4,0,418,418,71,-0.5,0.5,418
"1503",32,21,"disamb","fp","disamb fp",2,0,522,522,71,0.5,0.5,522
"1505",32,15,"disamb","fp","disamb fp",4,0,278,278,71,-0.5,0.5,278
"1507",32,22,"disamb","fp","disamb fp",3,0,666,666,71,-0.5,-0.5,666
"1509",32,4,"disamb","fp","disamb fp",1,0,476,476,71,0.5,-0.5,476
"1511",32,11,"disamb","fp","disamb fp",4,0,370,370,71,-0.5,0.5,370
"1513",32,1,"disamb","fp","disamb fp",2,0,400,400,71,0.5,0.5,400
"1515",32,18,"disamb","fp","disamb fp",3,0,280,280,71,-0.5,-0.5,280
"1517",32,20,"disamb","fp","disamb fp",1,0,460,460,71,0.5,-0.5,460
"1519",32,10,"disamb","fp","disamb fp",3,0,222,222,71,-0.5,-0.5,222
"1521",32,2,"disamb","fp","disamb fp",3,0,230,230,71,-0.5,-0.5,230
"1523",32,14,"disamb","fp","disamb fp",3,0,430,430,71,-0.5,-0.5,430
"1525",32,5,"disamb","fp","disamb fp",2,0,432,432,71,0.5,0.5,432
"1526",33,5,"disamb","fp","disamb fp",3,0,356,356,71,-0.5,-0.5,356
"1528",33,24,"disamb","fp","disamb fp",2,0,176,176,71,0.5,0.5,176
"1530",33,1,"disamb","fp","disamb fp",3,0,714,714,71,-0.5,-0.5,714
"1532",33,2,"disamb","fp","disamb fp",4,0,666,666,71,-0.5,0.5,666
"1534",33,12,"disamb","fp","disamb fp",2,0,238,238,71,0.5,0.5,238
"1536",33,15,"disamb","fp","disamb fp",1,0,270,270,71,0.5,-0.5,270
"1538",33,8,"disamb","fp","disamb fp",2,0,374,374,71,0.5,0.5,374
"1540",33,22,"disamb","fp","disamb fp",4,0,186,186,71,-0.5,0.5,186
"1542",33,6,"disamb","fp","disamb fp",4,0,482,482,71,-0.5,0.5,482
"1544",33,23,"disamb","fp","disamb fp",1,0,326,326,71,0.5,-0.5,326
"1546",33,9,"disamb","fp","disamb fp",3,0,270,270,71,-0.5,-0.5,270
"1548",33,21,"disamb","fp","disamb fp",3,0,350,350,71,-0.5,-0.5,350
"1550",33,4,"disamb","fp","disamb fp",2,0,138,138,71,0.5,0.5,138
"1552",33,16,"disamb","fp","disamb fp",2,0,744,744,71,0.5,0.5,744
"1554",33,18,"disamb","fp","disamb fp",4,0,214,214,71,-0.5,0.5,214
"1556",33,19,"disamb","fp","disamb fp",1,0,436,436,71,0.5,-0.5,436
"1558",33,17,"disamb","fp","disamb fp",3,0,222,222,71,-0.5,-0.5,222
"1560",33,14,"disamb","fp","disamb fp",4,0,512,512,71,-0.5,0.5,512
"1562",33,10,"disamb","fp","disamb fp",4,0,410,410,71,-0.5,0.5,410
"1564",33,11,"disamb","fp","disamb fp",1,0,366,366,71,0.5,-0.5,366
"1566",33,13,"disamb","fp","disamb fp",3,1,0,NA,71,-0.5,-0.5,NA
"1568",33,20,"disamb","fp","disamb fp",2,0,180,180,71,0.5,0.5,180
"1570",33,7,"disamb","fp","disamb fp",1,0,432,432,71,0.5,-0.5,432
"1572",33,3,"disamb","fp","disamb fp",1,0,658,658,71,0.5,-0.5,658
"1575",34,11,"disamb","fp","disamb fp",2,0,266,266,71,0.5,0.5,266
"1577",34,8,"disamb","fp","disamb fp",3,0,368,368,71,-0.5,-0.5,368
"1579",34,15,"disamb","fp","disamb fp",2,0,184,184,71,0.5,0.5,184
"1581",34,20,"disamb","fp","disamb fp",3,0,205,205,71,-0.5,-0.5,205
"1583",34,12,"disamb","fp","disamb fp",3,0,241,241,71,-0.5,-0.5,241
"1585",34,24,"disamb","fp","disamb fp",3,0,159,159,71,-0.5,-0.5,159
"1587",34,2,"disamb","fp","disamb fp",1,0,256,256,71,0.5,-0.5,256
"1589",34,10,"disamb","fp","disamb fp",1,0,255,255,71,0.5,-0.5,255
"1591",34,4,"disamb","fp","disamb fp",3,0,213,213,71,-0.5,-0.5,213
"1593",34,6,"disamb","fp","disamb fp",1,0,331,331,71,0.5,-0.5,331
"1595",34,22,"disamb","fp","disamb fp",1,1,0,NA,71,0.5,-0.5,NA
"1597",34,17,"disamb","fp","disamb fp",4,1,0,NA,71,-0.5,0.5,NA
"1599",34,16,"disamb","fp","disamb fp",3,0,299,299,71,-0.5,-0.5,299
"1601",34,14,"disamb","fp","disamb fp",1,0,670,670,71,0.5,-0.5,NA
"1603",34,1,"disamb","fp","disamb fp",4,1,0,NA,71,-0.5,0.5,NA
"1605",34,21,"disamb","fp","disamb fp",4,0,395,395,71,-0.5,0.5,395
"1607",34,19,"disamb","fp","disamb fp",2,0,210,210,71,0.5,0.5,210
"1609",34,23,"disamb","fp","disamb fp",2,0,277,277,71,0.5,0.5,277
"1611",34,3,"disamb","fp","disamb fp",2,0,113,113,71,0.5,0.5,113
"1613",34,18,"disamb","fp","disamb fp",1,0,317,317,71,0.5,-0.5,317
"1615",34,9,"disamb","fp","disamb fp",4,0,196,196,71,-0.5,0.5,196
"1617",34,13,"disamb","fp","disamb fp",4,0,214,214,71,-0.5,0.5,214
"1619",34,7,"disamb","fp","disamb fp",2,0,214,214,71,0.5,0.5,214
"1621",34,5,"disamb","fp","disamb fp",4,0,204,204,71,-0.5,0.5,204
"1623",35,16,"disamb","fp","disamb fp",3,0,362,362,71,-0.5,-0.5,362
"1625",35,9,"disamb","fp","disamb fp",4,0,342,342,71,-0.5,0.5,342
"1627",35,11,"disamb","fp","disamb fp",2,0,280,280,71,0.5,0.5,280
"1629",35,17,"disamb","fp","disamb fp",4,0,248,248,71,-0.5,0.5,248
"1631",35,3,"disamb","fp","disamb fp",2,0,190,190,71,0.5,0.5,190
"1633",35,13,"disamb","fp","disamb fp",4,0,268,268,71,-0.5,0.5,268
"1635",35,10,"disamb","fp","disamb fp",1,0,534,534,71,0.5,-0.5,534
"1637",35,4,"disamb","fp","disamb fp",3,0,312,312,71,-0.5,-0.5,312
"1639",35,20,"disamb","fp","disamb fp",3,0,664,664,71,-0.5,-0.5,664
"1641",35,18,"disamb","fp","disamb fp",1,0,280,280,71,0.5,-0.5,280
"1643",35,2,"disamb","fp","disamb fp",1,0,668,668,71,0.5,-0.5,668
"1645",35,24,"disamb","fp","disamb fp",3,0,294,294,71,-0.5,-0.5,294
"1647",35,21,"disamb","fp","disamb fp",4,0,470,470,71,-0.5,0.5,470
"1649",35,1,"disamb","fp","disamb fp",4,0,160,160,71,-0.5,0.5,160
"1651",35,7,"disamb","fp","disamb fp",2,0,290,290,71,0.5,0.5,290
"1653",35,5,"disamb","fp","disamb fp",4,0,622,622,71,-0.5,0.5,622
"1655",35,19,"disamb","fp","disamb fp",2,0,202,202,71,0.5,0.5,202
"1657",35,15,"disamb","fp","disamb fp",2,0,290,290,71,0.5,0.5,290
"1659",35,22,"disamb","fp","disamb fp",1,0,372,372,71,0.5,-0.5,372
"1661",35,14,"disamb","fp","disamb fp",1,0,318,318,71,0.5,-0.5,318
"1663",35,23,"disamb","fp","disamb fp",2,0,782,782,71,0.5,0.5,782
"1665",35,12,"disamb","fp","disamb fp",3,0,250,250,71,-0.5,-0.5,250
"1667",35,6,"disamb","fp","disamb fp",1,0,408,408,71,0.5,-0.5,408
"1669",35,8,"disamb","fp","disamb fp",3,0,282,282,71,-0.5,-0.5,282
"1670",36,6,"disamb","fp","disamb fp",2,0,426,426,71,0.5,0.5,426
"1672",36,18,"disamb","fp","disamb fp",2,0,129,129,71,0.5,0.5,129
"1674",36,10,"disamb","fp","disamb fp",2,0,832,832,71,0.5,0.5,832
"1676",36,17,"disamb","fp","disamb fp",1,0,243,243,71,0.5,-0.5,243
"1678",36,12,"disamb","fp","disamb fp",4,0,300,300,71,-0.5,0.5,300
"1680",36,23,"disamb","fp","disamb fp",3,0,404,404,71,-0.5,-0.5,404
"1682",36,2,"disamb","fp","disamb fp",2,0,265,265,71,0.5,0.5,265
"1684",36,11,"disamb","fp","disamb fp",3,0,322,322,71,-0.5,-0.5,322
"1686",36,5,"disamb","fp","disamb fp",1,0,114,114,71,0.5,-0.5,114
"1688",36,22,"disamb","fp","disamb fp",2,0,402,402,71,0.5,0.5,402
"1690",36,24,"disamb","fp","disamb fp",4,0,208,208,71,-0.5,0.5,208
"1692",36,1,"disamb","fp","disamb fp",1,0,537,537,71,0.5,-0.5,537
"1694",36,19,"disamb","fp","disamb fp",3,0,374,374,71,-0.5,-0.5,374
"1696",36,16,"disamb","fp","disamb fp",4,0,189,189,71,-0.5,0.5,189
"1698",36,9,"disamb","fp","disamb fp",1,0,339,339,71,0.5,-0.5,339
"1700",36,21,"disamb","fp","disamb fp",1,0,337,337,71,0.5,-0.5,337
"1702",36,8,"disamb","fp","disamb fp",4,0,216,216,71,-0.5,0.5,216
"1704",36,7,"disamb","fp","disamb fp",3,0,218,218,71,-0.5,-0.5,218
"1706",36,3,"disamb","fp","disamb fp",3,0,414,414,71,-0.5,-0.5,414
"1708",36,20,"disamb","fp","disamb fp",4,0,181,181,71,-0.5,0.5,181
"1710",36,13,"disamb","fp","disamb fp",1,0,231,231,71,0.5,-0.5,231
"1712",36,14,"disamb","fp","disamb fp",2,0,181,181,71,0.5,0.5,181
"1714",36,4,"disamb","fp","disamb fp",4,0,544,544,71,-0.5,0.5,544
"1716",36,15,"disamb","fp","disamb fp",3,0,193,193,71,-0.5,-0.5,193
"1719",37,21,"disamb","fp","disamb fp",2,0,286,286,71,0.5,0.5,286
"1721",37,3,"disamb","fp","disamb fp",4,0,455,455,71,-0.5,0.5,455
"1723",37,23,"disamb","fp","disamb fp",4,0,259,259,71,-0.5,0.5,259
"1725",37,1,"disamb","fp","disamb fp",2,0,444,444,71,0.5,0.5,444
"1727",37,8,"disamb","fp","disamb fp",1,0,561,561,71,0.5,-0.5,561
"1729",37,20,"disamb","fp","disamb fp",1,0,276,276,74,0.5,-0.5,276
"1731",37,16,"disamb","fp","disamb fp",1,0,291,291,74,0.5,-0.5,291
"1733",37,14,"disamb","fp","disamb fp",3,0,294,294,74,-0.5,-0.5,294
"1735",37,22,"disamb","fp","disamb fp",3,0,623,623,74,-0.5,-0.5,623
"1737",37,11,"disamb","fp","disamb fp",4,0,472,472,74,-0.5,0.5,472
"1739",37,2,"disamb","fp","disamb fp",3,0,312,312,74,-0.5,-0.5,312
"1741",37,24,"disamb","fp","disamb fp",1,0,760,760,74,0.5,-0.5,760
"1743",37,9,"disamb","fp","disamb fp",2,0,748,748,74,0.5,0.5,748
"1745",37,17,"disamb","fp","disamb fp",2,0,467,467,74,0.5,0.5,467
"1747",37,18,"disamb","fp","disamb fp",3,0,302,302,74,-0.5,-0.5,302
"1749",37,5,"disamb","fp","disamb fp",2,0,661,661,74,0.5,0.5,661
"1751",37,6,"disamb","fp","disamb fp",3,0,230,230,74,-0.5,-0.5,230
"1753",37,13,"disamb","fp","disamb fp",2,0,518,518,74,0.5,0.5,518
"1755",37,12,"disamb","fp","disamb fp",1,0,388,388,74,0.5,-0.5,388
"1757",37,10,"disamb","fp","disamb fp",3,0,416,416,74,-0.5,-0.5,416
"1759",37,7,"disamb","fp","disamb fp",4,0,415,415,74,-0.5,0.5,415
"1761",37,19,"disamb","fp","disamb fp",4,0,451,451,74,-0.5,0.5,451
"1763",37,4,"disamb","fp","disamb fp",1,0,339,339,74,0.5,-0.5,339
"1765",37,15,"disamb","fp","disamb fp",4,0,561,561,74,-0.5,0.5,561
"1767",38,14,"disamb","fp","disamb fp",4,0,86,86,74,-0.5,0.5,86
"1769",38,12,"disamb","fp","disamb fp",2,0,655,655,74,0.5,0.5,655
"1771",38,10,"disamb","fp","disamb fp",4,0,230,230,74,-0.5,0.5,230
"1773",38,20,"disamb","fp","disamb fp",2,0,676,676,74,0.5,0.5,676
"1775",38,4,"disamb","fp","disamb fp",2,0,489,489,74,0.5,0.5,489
"1777",38,5,"disamb","fp","disamb fp",3,0,260,260,74,-0.5,-0.5,260
"1779",38,16,"disamb","fp","disamb fp",2,0,537,537,74,0.5,0.5,537
"1781",38,18,"disamb","fp","disamb fp",4,0,309,309,74,-0.5,0.5,309
"1783",38,17,"disamb","fp","disamb fp",3,0,218,218,74,-0.5,-0.5,218
"1785",38,15,"disamb","fp","disamb fp",1,1,0,NA,74,0.5,-0.5,NA
"1787",38,3,"disamb","fp","disamb fp",1,0,291,291,74,0.5,-0.5,291
"1789",38,1,"disamb","fp","disamb fp",3,0,357,357,74,-0.5,-0.5,357
"1791",38,23,"disamb","fp","disamb fp",1,0,237,237,74,0.5,-0.5,237
"1793",38,2,"disamb","fp","disamb fp",4,0,474,474,74,-0.5,0.5,474
"1795",38,24,"disamb","fp","disamb fp",2,1,0,NA,74,0.5,0.5,NA
"1797",38,7,"disamb","fp","disamb fp",1,0,269,269,74,0.5,-0.5,269
"1799",38,13,"disamb","fp","disamb fp",3,0,358,358,74,-0.5,-0.5,358
"1801",38,6,"disamb","fp","disamb fp",4,1,0,NA,74,-0.5,0.5,NA
"1803",38,19,"disamb","fp","disamb fp",1,0,292,292,74,0.5,-0.5,292
"1805",38,11,"disamb","fp","disamb fp",1,0,191,191,74,0.5,-0.5,191
"1807",38,9,"disamb","fp","disamb fp",3,0,393,393,74,-0.5,-0.5,393
"1809",38,21,"disamb","fp","disamb fp",3,0,285,285,74,-0.5,-0.5,285
"1811",38,22,"disamb","fp","disamb fp",4,0,351,351,74,-0.5,0.5,351
"1813",38,8,"disamb","fp","disamb fp",2,0,548,548,74,0.5,0.5,548
"1814",39,15,"disamb","fp","disamb fp",2,0,897,897,74,0.5,0.5,897
"1816",39,7,"disamb","fp","disamb fp",2,0,336,336,74,0.5,0.5,336
"1818",39,1,"disamb","fp","disamb fp",4,0,139,139,74,-0.5,0.5,139
"1820",39,3,"disamb","fp","disamb fp",2,0,295,295,74,0.5,0.5,295
"1822",39,6,"disamb","fp","disamb fp",1,0,341,341,74,0.5,-0.5,341
"1824",39,2,"disamb","fp","disamb fp",1,0,447,447,74,0.5,-0.5,447
"1826",39,20,"disamb","fp","disamb fp",3,0,428,428,74,-0.5,-0.5,428
"1828",39,23,"disamb","fp","disamb fp",2,0,477,477,74,0.5,0.5,477
"1830",39,16,"disamb","fp","disamb fp",3,0,503,503,74,-0.5,-0.5,503
"1832",39,13,"disamb","fp","disamb fp",4,0,931,931,74,-0.5,0.5,931
"1834",39,24,"disamb","fp","disamb fp",3,0,173,173,74,-0.5,-0.5,173
"1836",39,14,"disamb","fp","disamb fp",1,0,346,346,74,0.5,-0.5,346
"1838",39,22,"disamb","fp","disamb fp",1,0,548,548,74,0.5,-0.5,548
"1840",39,4,"disamb","fp","disamb fp",3,0,263,263,74,-0.5,-0.5,263
"1842",39,17,"disamb","fp","disamb fp",4,0,411,411,74,-0.5,0.5,411
"1844",39,5,"disamb","fp","disamb fp",4,0,384,384,74,-0.5,0.5,384
"1846",39,11,"disamb","fp","disamb fp",2,0,404,404,74,0.5,0.5,404
"1848",39,18,"disamb","fp","disamb fp",1,0,439,439,74,0.5,-0.5,439
"1850",39,19,"disamb","fp","disamb fp",2,0,124,124,74,0.5,0.5,124
"1852",39,21,"disamb","fp","disamb fp",4,0,110,110,74,-0.5,0.5,110
"1854",39,10,"disamb","fp","disamb fp",1,0,777,777,74,0.5,-0.5,777
"1856",39,9,"disamb","fp","disamb fp",4,0,406,406,74,-0.5,0.5,406
"1858",39,8,"disamb","fp","disamb fp",3,0,88,88,74,-0.5,-0.5,88
"1860",39,12,"disamb","fp","disamb fp",3,0,422,422,74,-0.5,-0.5,422
"1863",40,13,"disamb","fp","disamb fp",1,0,485,485,74,0.5,-0.5,485
"1865",40,18,"disamb","fp","disamb fp",2,0,320,320,74,0.5,0.5,320
"1867",40,9,"disamb","fp","disamb fp",1,0,248,248,74,0.5,-0.5,248
"1869",40,1,"disamb","fp","disamb fp",1,0,380,380,74,0.5,-0.5,380
"1871",40,7,"disamb","fp","disamb fp",3,0,91,91,74,-0.5,-0.5,91
"1873",40,5,"disamb","fp","disamb fp",1,0,330,330,74,0.5,-0.5,330
"1875",40,4,"disamb","fp","disamb fp",4,0,428,428,74,-0.5,0.5,428
"1877",40,24,"disamb","fp","disamb fp",4,0,87,87,74,-0.5,0.5,87
"1879",40,15,"disamb","fp","disamb fp",3,1,0,NA,74,-0.5,-0.5,NA
"1881",40,19,"disamb","fp","disamb fp",3,1,0,NA,74,-0.5,-0.5,NA
"1883",40,20,"disamb","fp","disamb fp",4,0,324,324,74,-0.5,0.5,324
"1885",40,16,"disamb","fp","disamb fp",4,0,552,552,74,-0.5,0.5,552
"1887",40,8,"disamb","fp","disamb fp",4,0,284,284,74,-0.5,0.5,284
"1889",40,23,"disamb","fp","disamb fp",3,0,282,282,74,-0.5,-0.5,282
"1891",40,10,"disamb","fp","disamb fp",2,0,255,255,74,0.5,0.5,255
"1893",40,21,"disamb","fp","disamb fp",1,0,422,422,74,0.5,-0.5,422
"1895",40,3,"disamb","fp","disamb fp",3,0,383,383,74,-0.5,-0.5,383
"1897",40,17,"disamb","fp","disamb fp",1,0,178,178,74,0.5,-0.5,178
"1899",40,2,"disamb","fp","disamb fp",2,0,320,320,74,0.5,0.5,320
"1901",40,22,"disamb","fp","disamb fp",2,1,0,NA,74,0.5,0.5,NA
"1903",40,12,"disamb","fp","disamb fp",4,0,286,286,74,-0.5,0.5,286
"1905",40,6,"disamb","fp","disamb fp",2,0,334,334,74,0.5,0.5,334
"1907",40,11,"disamb","fp","disamb fp",3,1,0,NA,74,-0.5,-0.5,NA
"1909",40,14,"disamb","fp","disamb fp",2,0,339,339,74,0.5,0.5,339
